<annotation>
	<folder>JPEGImages</folder>
	<filename>12.jpg</filename>
	<path>/home/user/deeprule/format image/JPEGImages/12.jpg</path>
	<source>
		<database>Unknown</database>
	</source>
	<size>
		<width>519</width>
		<height>374</height>
		<depth>3</depth>
	</size>
	<segmented>0</segmented>
	<object>
		<name>bar</name>
		<pose>Unspecified</pose>
		<truncated>1</truncated>
		<difficult>0</difficult>
		<bndbox>
			<xmin>1</xmin>
			<ymin>14</ymin>
			<xmax>519</xmax>
			<ymax>363</ymax>
		</bndbox>
	</object>
</annotation>
