<annotation>
	<folder>JPEGImages</folder>
	<filename>188.jpg</filename>
	<path>/home/user/deeprule/format image/JPEGImages/188.jpg</path>
	<source>
		<database>Unknown</database>
	</source>
	<size>
		<width>524</width>
		<height>333</height>
		<depth>3</depth>
	</size>
	<segmented>0</segmented>
	<object>
		<name>bar</name>
		<pose>Unspecified</pose>
		<truncated>0</truncated>
		<difficult>0</difficult>
		<bndbox>
			<xmin>85</xmin>
			<ymin>5</ymin>
			<xmax>521</xmax>
			<ymax>320</ymax>
		</bndbox>
	</object>
</annotation>
