<annotation>
	<folder>JPEGImages</folder>
	<filename>382.jpg</filename>
	<path>/home/user/deeprule/format image/JPEGImages/382.jpg</path>
	<source>
		<database>Unknown</database>
	</source>
	<size>
		<width>513</width>
		<height>333</height>
		<depth>3</depth>
	</size>
	<segmented>0</segmented>
	<object>
		<name>line</name>
		<pose>Unspecified</pose>
		<truncated>1</truncated>
		<difficult>0</difficult>
		<bndbox>
			<xmin>22</xmin>
			<ymin>7</ymin>
			<xmax>513</xmax>
			<ymax>328</ymax>
		</bndbox>
	</object>
</annotation>
