<annotation>
	<folder>JPEGImages</folder>
	<filename>824.jpg</filename>
	<path>/home/user/deeprule/format image/JPEGImages/824.jpg</path>
	<source>
		<database>Unknown</database>
	</source>
	<size>
		<width>1200</width>
		<height>720</height>
		<depth>3</depth>
	</size>
	<segmented>0</segmented>
	<object>
		<name>line</name>
		<pose>Unspecified</pose>
		<truncated>0</truncated>
		<difficult>0</difficult>
		<bndbox>
			<xmin>102</xmin>
			<ymin>240</ymin>
			<xmax>258</xmax>
			<ymax>366</ymax>
		</bndbox>
	</object>
</annotation>
