<annotation>
	<folder>JPEGImages</folder>
	<filename>832.jpeg</filename>
	<path>/home/user/deeprule/format image/JPEGImages/832.jpeg</path>
	<source>
		<database>Unknown</database>
	</source>
	<size>
		<width>270</width>
		<height>187</height>
		<depth>3</depth>
	</size>
	<segmented>0</segmented>
	<object>
		<name>line</name>
		<pose>Unspecified</pose>
		<truncated>0</truncated>
		<difficult>0</difficult>
		<bndbox>
			<xmin>6</xmin>
			<ymin>3</ymin>
			<xmax>268</xmax>
			<ymax>182</ymax>
		</bndbox>
	</object>
</annotation>
