<annotation>
	<folder>JPEGImages</folder>
	<filename>839.jpeg</filename>
	<path>/home/user/deeprule/format image/JPEGImages/839.jpeg</path>
	<source>
		<database>Unknown</database>
	</source>
	<size>
		<width>300</width>
		<height>168</height>
		<depth>3</depth>
	</size>
	<segmented>0</segmented>
	<object>
		<name>bar</name>
		<pose>Unspecified</pose>
		<truncated>0</truncated>
		<difficult>0</difficult>
		<bndbox>
			<xmin>190</xmin>
			<ymin>61</ymin>
			<xmax>286</xmax>
			<ymax>158</ymax>
		</bndbox>
	</object>
</annotation>
