<annotation>
	<folder>JPEGImages</folder>
	<filename>847.jpeg</filename>
	<path>/home/user/deeprule/format image/JPEGImages/847.jpeg</path>
	<source>
		<database>Unknown</database>
	</source>
	<size>
		<width>225</width>
		<height>224</height>
		<depth>3</depth>
	</size>
	<segmented>0</segmented>
	<object>
		<name>bar</name>
		<pose>Unspecified</pose>
		<truncated>0</truncated>
		<difficult>0</difficult>
		<bndbox>
			<xmin>8</xmin>
			<ymin>12</ymin>
			<xmax>217</xmax>
			<ymax>221</ymax>
		</bndbox>
	</object>
</annotation>
