<annotation>
	<folder>JPEGImages</folder>
	<filename>848.jpeg</filename>
	<path>/home/user/deeprule/format image/JPEGImages/848.jpeg</path>
	<source>
		<database>Unknown</database>
	</source>
	<size>
		<width>254</width>
		<height>198</height>
		<depth>3</depth>
	</size>
	<segmented>0</segmented>
	<object>
		<name>pie</name>
		<pose>Unspecified</pose>
		<truncated>1</truncated>
		<difficult>0</difficult>
		<bndbox>
			<xmin>65</xmin>
			<ymin>30</ymin>
			<xmax>241</xmax>
			<ymax>198</ymax>
		</bndbox>
	</object>
</annotation>
