<annotation>
	<folder>JPEGImages</folder>
	<filename>852.jpeg</filename>
	<path>/home/user/deeprule/format image/JPEGImages/852.jpeg</path>
	<source>
		<database>Unknown</database>
	</source>
	<size>
		<width>100</width>
		<height>100</height>
		<depth>3</depth>
	</size>
	<segmented>0</segmented>
	<object>
		<name>pie</name>
		<pose>Unspecified</pose>
		<truncated>1</truncated>
		<difficult>0</difficult>
		<bndbox>
			<xmin>2</xmin>
			<ymin>2</ymin>
			<xmax>100</xmax>
			<ymax>96</ymax>
		</bndbox>
	</object>
</annotation>
