<annotation>
	<folder>JPEGImages</folder>
	<filename>887.jpeg</filename>
	<path>/home/user/deeprule/format image/JPEGImages/887.jpeg</path>
	<source>
		<database>Unknown</database>
	</source>
	<size>
		<width>317</width>
		<height>159</height>
		<depth>3</depth>
	</size>
	<segmented>0</segmented>
	<object>
		<name>bar</name>
		<pose>Unspecified</pose>
		<truncated>1</truncated>
		<difficult>0</difficult>
		<bndbox>
			<xmin>1</xmin>
			<ymin>20</ymin>
			<xmax>317</xmax>
			<ymax>152</ymax>
		</bndbox>
	</object>
</annotation>
