<annotation>
	<folder>JPEGImages</folder>
	<filename>912.jpeg</filename>
	<path>/home/user/deeprule/format image/JPEGImages/912.jpeg</path>
	<source>
		<database>Unknown</database>
	</source>
	<size>
		<width>250</width>
		<height>201</height>
		<depth>3</depth>
	</size>
	<segmented>0</segmented>
	<object>
		<name>line</name>
		<pose>Unspecified</pose>
		<truncated>0</truncated>
		<difficult>0</difficult>
		<bndbox>
			<xmin>7</xmin>
			<ymin>2</ymin>
			<xmax>230</xmax>
			<ymax>191</ymax>
		</bndbox>
	</object>
</annotation>
