<annotation>
	<folder>JPEGImages</folder>
	<filename>922.jpg</filename>
	<path>/home/user/deeprule/format image/JPEGImages/922.jpg</path>
	<source>
		<database>Unknown</database>
	</source>
	<size>
		<width>1007</width>
		<height>940</height>
		<depth>3</depth>
	</size>
	<segmented>0</segmented>
	<object>
		<name>bar</name>
		<pose>Unspecified</pose>
		<truncated>0</truncated>
		<difficult>0</difficult>
		<bndbox>
			<xmin>11</xmin>
			<ymin>542</ymin>
			<xmax>520</xmax>
			<ymax>886</ymax>
		</bndbox>
	</object>
	<object>
		<name>line</name>
		<pose>Unspecified</pose>
		<truncated>0</truncated>
		<difficult>0</difficult>
		<bndbox>
			<xmin>551</xmin>
			<ymin>76</ymin>
			<xmax>999</xmax>
			<ymax>514</ymax>
		</bndbox>
	</object>
</annotation>
