<annotation>
	<folder>JPEGImages</folder>
	<filename>97.jpg</filename>
	<path>/home/user/deeprule/format image/JPEGImages/97.jpg</path>
	<source>
		<database>Unknown</database>
	</source>
	<size>
		<width>485</width>
		<height>319</height>
		<depth>3</depth>
	</size>
	<segmented>0</segmented>
	<object>
		<name>bar</name>
		<pose>Unspecified</pose>
		<truncated>0</truncated>
		<difficult>0</difficult>
		<bndbox>
			<xmin>164</xmin>
			<ymin>10</ymin>
			<xmax>459</xmax>
			<ymax>318</ymax>
		</bndbox>
	</object>
</annotation>
