<annotation>
	<folder>JPEGImages</folder>
	<filename>17.jpg</filename>
	<path>/home/user/deeprule/format image/JPEGImages/17.jpg</path>
	<source>
		<database>Unknown</database>
	</source>
	<size>
		<width>518</width>
		<height>333</height>
		<depth>3</depth>
	</size>
	<segmented>0</segmented>
	<object>
		<name>bar</name>
		<pose>Unspecified</pose>
		<truncated>0</truncated>
		<difficult>0</difficult>
		<bndbox>
			<xmin>76</xmin>
			<ymin>4</ymin>
			<xmax>509</xmax>
			<ymax>327</ymax>
		</bndbox>
	</object>
</annotation>
