<annotation>
	<folder>JPEGImages</folder>
	<filename>273.jpg</filename>
	<path>/home/user/deeprule/format image/JPEGImages/273.jpg</path>
	<source>
		<database>Unknown</database>
	</source>
	<size>
		<width>302</width>
		<height>302</height>
		<depth>3</depth>
	</size>
	<segmented>0</segmented>
	<object>
		<name>pie</name>
		<pose>Unspecified</pose>
		<truncated>0</truncated>
		<difficult>0</difficult>
		<bndbox>
			<xmin>33</xmin>
			<ymin>29</ymin>
			<xmax>272</xmax>
			<ymax>280</ymax>
		</bndbox>
	</object>
</annotation>
