<annotation>
	<folder>JPEGImages</folder>
	<filename>335.jpg</filename>
	<path>/home/user/deeprule/format image/JPEGImages/335.jpg</path>
	<source>
		<database>Unknown</database>
	</source>
	<size>
		<width>499</width>
		<height>333</height>
		<depth>3</depth>
	</size>
	<segmented>0</segmented>
	<object>
		<name>line</name>
		<pose>Unspecified</pose>
		<truncated>1</truncated>
		<difficult>0</difficult>
		<bndbox>
			<xmin>25</xmin>
			<ymin>7</ymin>
			<xmax>499</xmax>
			<ymax>326</ymax>
		</bndbox>
	</object>
</annotation>
