<annotation>
	<folder>JPEGImages</folder>
	<filename>380.jpg</filename>
	<path>/home/user/deeprule/format image/JPEGImages/380.jpg</path>
	<source>
		<database>Unknown</database>
	</source>
	<size>
		<width>486</width>
		<height>333</height>
		<depth>3</depth>
	</size>
	<segmented>0</segmented>
	<object>
		<name>line</name>
		<pose>Unspecified</pose>
		<truncated>0</truncated>
		<difficult>0</difficult>
		<bndbox>
			<xmin>6</xmin>
			<ymin>4</ymin>
			<xmax>482</xmax>
			<ymax>327</ymax>
		</bndbox>
	</object>
</annotation>
