<annotation>
	<folder>JPEGImages</folder>
	<filename>67.jpg</filename>
	<path>/home/user/deeprule/format image/JPEGImages/67.jpg</path>
	<source>
		<database>Unknown</database>
	</source>
	<size>
		<width>518</width>
		<height>333</height>
		<depth>3</depth>
	</size>
	<segmented>0</segmented>
	<object>
		<name>bar</name>
		<pose>Unspecified</pose>
		<truncated>1</truncated>
		<difficult>0</difficult>
		<bndbox>
			<xmin>7</xmin>
			<ymin>5</ymin>
			<xmax>518</xmax>
			<ymax>320</ymax>
		</bndbox>
	</object>
</annotation>
