<annotation>
	<folder>JPEGImages</folder>
	<filename>806.jpeg</filename>
	<path>/home/user/deeprule/format image/JPEGImages/806.jpeg</path>
	<source>
		<database>Unknown</database>
	</source>
	<size>
		<width>265</width>
		<height>191</height>
		<depth>3</depth>
	</size>
	<segmented>0</segmented>
	<object>
		<name>bar</name>
		<pose>Unspecified</pose>
		<truncated>1</truncated>
		<difficult>0</difficult>
		<bndbox>
			<xmin>2</xmin>
			<ymin>3</ymin>
			<xmax>265</xmax>
			<ymax>191</ymax>
		</bndbox>
	</object>
</annotation>
