<annotation>
	<folder>JPEGImages</folder>
	<filename>807.jpeg</filename>
	<path>/home/user/deeprule/format image/JPEGImages/807.jpeg</path>
	<source>
		<database>Unknown</database>
	</source>
	<size>
		<width>100</width>
		<height>100</height>
		<depth>3</depth>
	</size>
	<segmented>0</segmented>
	<object>
		<name>pie</name>
		<pose>Unspecified</pose>
		<truncated>0</truncated>
		<difficult>0</difficult>
		<bndbox>
			<xmin>20</xmin>
			<ymin>23</ymin>
			<xmax>81</xmax>
			<ymax>83</ymax>
		</bndbox>
	</object>
</annotation>
