<annotation>
	<folder>JPEGImages</folder>
	<filename>900.jpg</filename>
	<path>/home/user/deeprule/format image/JPEGImages/900.jpg</path>
	<source>
		<database>Unknown</database>
	</source>
	<size>
		<width>600</width>
		<height>441</height>
		<depth>3</depth>
	</size>
	<segmented>0</segmented>
	<object>
		<name>bar</name>
		<pose>Unspecified</pose>
		<truncated>0</truncated>
		<difficult>0</difficult>
		<bndbox>
			<xmin>24</xmin>
			<ymin>24</ymin>
			<xmax>595</xmax>
			<ymax>419</ymax>
		</bndbox>
	</object>
</annotation>
