<annotation>
	<folder>JPEGImages</folder>
	<filename>222.jpeg</filename>
	<path>/home/user/deeprule/chartdata/JPEGImages/222.jpeg</path>
	<source>
		<database>Unknown</database>
	</source>
	<size>
		<width>338</width>
		<height>302</height>
		<depth>3</depth>
	</size>
	<segmented>0</segmented>
	<object>
		<name>pie</name>
		<pose>Unspecified</pose>
		<truncated>0</truncated>
		<difficult>0</difficult>
		<bndbox>
			<xmin>38</xmin>
			<ymin>42</ymin>
			<xmax>275</xmax>
			<ymax>268</ymax>
		</bndbox>
	</object>
</annotation>
