<annotation>
	<folder>bar</folder>
	<filename>8a095c757fe0072cde49756271717d06_dm9jYWx2aXJnaW5pYS5vcmcJMTY2LjYyLjExNS4yNTQ=.xls-1-4.png</filename>
	<path>/home/rahuls/Projects/Data Extraction from charts/Images/bardata(1031)/bar/images/bar/8a095c757fe0072cde49756271717d06_dm9jYWx2aXJnaW5pYS5vcmcJMTY2LjYyLjExNS4yNTQ=.xls-1-4.png</path>
	<source>
		<database>Unknown</database>
	</source>
	<size>
		<width>573</width>
		<height>313</height>
		<depth>3</depth>
	</size>
	<segmented>0</segmented>
	<object>
		<name>bar</name>
		<pose>Unspecified</pose>
		<truncated>0</truncated>
		<difficult>0</difficult>
		<bndbox>
			<xmin>15</xmin>
			<ymin>11</ymin>
			<xmax>552</xmax>
			<ymax>297</ymax>
		</bndbox>
	</object>
</annotation>
