<annotation>
	<folder>bar</folder>
	<filename>8a5f898f6130e81e1bb8bef3aaa241ac_dWprbi5mZi5jdW5pLmN6CTE5NS4xMTMuNTIuMjI=-1-2.png</filename>
	<path>/home/rahuls/Projects/Data Extraction from charts/Images/bardata(1031)/bar/images/bar/8a5f898f6130e81e1bb8bef3aaa241ac_dWprbi5mZi5jdW5pLmN6CTE5NS4xMTMuNTIuMjI=-1-2.png</path>
	<source>
		<database>Unknown</database>
	</source>
	<size>
		<width>516</width>
		<height>387</height>
		<depth>3</depth>
	</size>
	<segmented>0</segmented>
	<object>
		<name>bar</name>
		<pose>Unspecified</pose>
		<truncated>0</truncated>
		<difficult>0</difficult>
		<bndbox>
			<xmin>3</xmin>
			<ymin>16</ymin>
			<xmax>508</xmax>
			<ymax>381</ymax>
		</bndbox>
	</object>
</annotation>
