<annotation>
	<folder>bar</folder>
	<filename>8a6b77f7116840b90083666f84c50d39_d3d3LmNvbWNvbS5nb3Z0Lm56CTEwMy4yNDguMTc2LjUy.xls-5-1.png</filename>
	<path>/home/rahuls/Projects/Data Extraction from charts/Images/bardata(1031)/bar/images/bar/8a6b77f7116840b90083666f84c50d39_d3d3LmNvbWNvbS5nb3Z0Lm56CTEwMy4yNDguMTc2LjUy.xls-5-1.png</path>
	<source>
		<database>Unknown</database>
	</source>
	<size>
		<width>809</width>
		<height>668</height>
		<depth>3</depth>
	</size>
	<segmented>0</segmented>
	<object>
		<name>bar</name>
		<pose>Unspecified</pose>
		<truncated>1</truncated>
		<difficult>0</difficult>
		<bndbox>
			<xmin>10</xmin>
			<ymin>4</ymin>
			<xmax>809</xmax>
			<ymax>659</ymax>
		</bndbox>
	</object>
</annotation>
