<annotation>
	<folder>bar</folder>
	<filename>8a6f2cb58e0a1b00ad3df8cff91c513d_Y2FuYXR4Lm9yZwkxODQuMTY4LjE3OS4x-1-0.png</filename>
	<path>/home/rahuls/Projects/Data Extraction from charts/Images/bardata(1031)/bar/images/bar/8a6f2cb58e0a1b00ad3df8cff91c513d_Y2FuYXR4Lm9yZwkxODQuMTY4LjE3OS4x-1-0.png</path>
	<source>
		<database>Unknown</database>
	</source>
	<size>
		<width>575</width>
		<height>276</height>
		<depth>3</depth>
	</size>
	<segmented>0</segmented>
	<object>
		<name>bar</name>
		<pose>Unspecified</pose>
		<truncated>0</truncated>
		<difficult>0</difficult>
		<bndbox>
			<xmin>9</xmin>
			<ymin>8</ymin>
			<xmax>560</xmax>
			<ymax>266</ymax>
		</bndbox>
	</object>
</annotation>
