<annotation>
	<folder>bar</folder>
	<filename>8a9d82562ccbbd1c3805711663da5f81_d3d3Lm51bC5uYWdveWEtdS5hYy5qcAkxMzMuNi4zMi4xMDU=-0-0.png</filename>
	<path>/home/rahuls/Projects/Data Extraction from charts/Images/bardata(1031)/bar/images/bar/8a9d82562ccbbd1c3805711663da5f81_d3d3Lm51bC5uYWdveWEtdS5hYy5qcAkxMzMuNi4zMi4xMDU=-0-0.png</path>
	<source>
		<database>Unknown</database>
	</source>
	<size>
		<width>702</width>
		<height>407</height>
		<depth>3</depth>
	</size>
	<segmented>0</segmented>
	<object>
		<name>bar</name>
		<pose>Unspecified</pose>
		<truncated>0</truncated>
		<difficult>0</difficult>
		<bndbox>
			<xmin>8</xmin>
			<ymin>3</ymin>
			<xmax>698</xmax>
			<ymax>398</ymax>
		</bndbox>
	</object>
</annotation>
