<annotation>
	<folder>bar</folder>
	<filename>8abfc786cede8043b071c833848b7b38_d3d3LmNodW5nc2luZy5lZHUuaGsJMjAzLjE5OC43MS4xNzk=-2-0.png</filename>
	<path>/home/rahuls/Projects/Data Extraction from charts/Images/bardata(1031)/bar/images/bar/8abfc786cede8043b071c833848b7b38_d3d3LmNodW5nc2luZy5lZHUuaGsJMjAzLjE5OC43MS4xNzk=-2-0.png</path>
	<source>
		<database>Unknown</database>
	</source>
	<size>
		<width>552</width>
		<height>289</height>
		<depth>3</depth>
	</size>
	<segmented>0</segmented>
	<object>
		<name>bar</name>
		<pose>Unspecified</pose>
		<truncated>0</truncated>
		<difficult>0</difficult>
		<bndbox>
			<xmin>7</xmin>
			<ymin>11</ymin>
			<xmax>546</xmax>
			<ymax>288</ymax>
		</bndbox>
	</object>
</annotation>
