<annotation>
	<folder>bar</folder>
	<filename>8af6923a58e899c5c5cb312ad6bafe55_d3d3LmVkbXVuZHMuY29tCTE1OS4xODAuODQuMg==-1-1.png</filename>
	<path>/home/rahuls/Projects/Data Extraction from charts/Images/bardata(1031)/bar/images/bar/8af6923a58e899c5c5cb312ad6bafe55_d3d3LmVkbXVuZHMuY29tCTE1OS4xODAuODQuMg==-1-1.png</path>
	<source>
		<database>Unknown</database>
	</source>
	<size>
		<width>484</width>
		<height>401</height>
		<depth>3</depth>
	</size>
	<segmented>0</segmented>
	<object>
		<name>bar</name>
		<pose>Unspecified</pose>
		<truncated>0</truncated>
		<difficult>0</difficult>
		<bndbox>
			<xmin>24</xmin>
			<ymin>10</ymin>
			<xmax>476</xmax>
			<ymax>388</ymax>
		</bndbox>
	</object>
</annotation>
