<annotation>
	<folder>bar</folder>
	<filename>8b35aeaf3820db320425c14aa422d406_c3RhdGlzdGljc21hbGRpdmVzLmdvdi5tdgkyMDQuOTMuMTc3LjEwMg==.xls-0-0.png</filename>
	<path>/home/rahuls/Projects/Data Extraction from charts/Images/bardata(1031)/bar/images/bar/8b35aeaf3820db320425c14aa422d406_c3RhdGlzdGljc21hbGRpdmVzLmdvdi5tdgkyMDQuOTMuMTc3LjEwMg==.xls-0-0.png</path>
	<source>
		<database>Unknown</database>
	</source>
	<size>
		<width>810</width>
		<height>339</height>
		<depth>3</depth>
	</size>
	<segmented>0</segmented>
	<object>
		<name>bar</name>
		<pose>Unspecified</pose>
		<truncated>1</truncated>
		<difficult>0</difficult>
		<bndbox>
			<xmin>7</xmin>
			<ymin>7</ymin>
			<xmax>799</xmax>
			<ymax>339</ymax>
		</bndbox>
	</object>
</annotation>
