<annotation>
	<folder>bar</folder>
	<filename>8b56a02ad81f7d038ecadf238e668c33_YXdzYXNzZXRzLnd3Zi5lcwkxMy4zMi4yNTMuMTE1-1-0.png</filename>
	<path>/home/rahuls/Projects/Data Extraction from charts/Images/bardata(1031)/bar/images/bar/8b56a02ad81f7d038ecadf238e668c33_YXdzYXNzZXRzLnd3Zi5lcwkxMy4zMi4yNTMuMTE1-1-0.png</path>
	<source>
		<database>Unknown</database>
	</source>
	<size>
		<width>644</width>
		<height>427</height>
		<depth>3</depth>
	</size>
	<segmented>0</segmented>
	<object>
		<name>bar</name>
		<pose>Unspecified</pose>
		<truncated>1</truncated>
		<difficult>0</difficult>
		<bndbox>
			<xmin>9</xmin>
			<ymin>14</ymin>
			<xmax>644</xmax>
			<ymax>424</ymax>
		</bndbox>
	</object>
</annotation>
