<annotation>
	<folder>bar</folder>
	<filename>8b5b3a1e5adc2fbf3182b3ef518895af_d3d3LmZpc2hzY2llbmNlcy5uZXQJNzUuMTQ4LjUyLjUz.xls-0-3.png</filename>
	<path>/home/rahuls/Projects/Data Extraction from charts/Images/bardata(1031)/bar/images/bar/8b5b3a1e5adc2fbf3182b3ef518895af_d3d3LmZpc2hzY2llbmNlcy5uZXQJNzUuMTQ4LjUyLjUz.xls-0-3.png</path>
	<source>
		<database>Unknown</database>
	</source>
	<size>
		<width>418</width>
		<height>273</height>
		<depth>3</depth>
	</size>
	<segmented>0</segmented>
	<object>
		<name>bar</name>
		<pose>Unspecified</pose>
		<truncated>0</truncated>
		<difficult>0</difficult>
		<bndbox>
			<xmin>36</xmin>
			<ymin>11</ymin>
			<xmax>399</xmax>
			<ymax>250</ymax>
		</bndbox>
	</object>
</annotation>
