<annotation>
	<folder>bar</folder>
	<filename>8b65bc0fd6b7cf71e566d826f1fd2e62_d3d3LmNvbXVuZS5sZWNjZS5pdAk5NC44Ni40MC4xMTA=.xls-1-0.png</filename>
	<path>/home/rahuls/Projects/Data Extraction from charts/Images/bardata(1031)/bar/images/bar/8b65bc0fd6b7cf71e566d826f1fd2e62_d3d3LmNvbXVuZS5sZWNjZS5pdAk5NC44Ni40MC4xMTA=.xls-1-0.png</path>
	<source>
		<database>Unknown</database>
	</source>
	<size>
		<width>681</width>
		<height>485</height>
		<depth>3</depth>
	</size>
	<segmented>0</segmented>
	<object>
		<name>bar</name>
		<pose>Unspecified</pose>
		<truncated>0</truncated>
		<difficult>0</difficult>
		<bndbox>
			<xmin>7</xmin>
			<ymin>4</ymin>
			<xmax>670</xmax>
			<ymax>480</ymax>
		</bndbox>
	</object>
</annotation>
