<annotation>
	<folder>bar</folder>
	<filename>8b6cdeadfc24e1ababbeb75c38be6d0c_d3d3Lmdvdi51awkxNTEuMTAxLjUyLjE0NA==.xls-4-0.png</filename>
	<path>/home/rahuls/Projects/Data Extraction from charts/Images/bardata(1031)/bar/images/bar/8b6cdeadfc24e1ababbeb75c38be6d0c_d3d3Lmdvdi51awkxNTEuMTAxLjUyLjE0NA==.xls-4-0.png</path>
	<source>
		<database>Unknown</database>
	</source>
	<size>
		<width>690</width>
		<height>397</height>
		<depth>3</depth>
	</size>
	<segmented>0</segmented>
	<object>
		<name>bar</name>
		<pose>Unspecified</pose>
		<truncated>1</truncated>
		<difficult>0</difficult>
		<bndbox>
			<xmin>6</xmin>
			<ymin>11</ymin>
			<xmax>669</xmax>
			<ymax>397</ymax>
		</bndbox>
	</object>
</annotation>
