<annotation>
	<folder>val2019</folder>
	<filename>fa4f9108962871d3cde50871b0fc015c_d2ViLnBlcmFsdGEuZWR1CTE3My4yNDcuMjUwLjg=-2-1.png</filename>
	<path>/home/user/sample/val2019/fa4f9108962871d3cde50871b0fc015c_d2ViLnBlcmFsdGEuZWR1CTE3My4yNDcuMjUwLjg=-2-1.png</path>
	<source>
		<database>Unknown</database>
	</source>
	<size>
		<width>481</width>
		<height>289</height>
		<depth>3</depth>
	</size>
	<segmented>0</segmented>
	<object>
		<name>line</name>
		<pose>Unspecified</pose>
		<truncated>0</truncated>
		<difficult>0</difficult>
		<bndbox>
			<xmin>8</xmin>
			<ymin>17</ymin>
			<xmax>478</xmax>
			<ymax>286</ymax>
		</bndbox>
	</object>
</annotation>
