<annotation>
	<folder>val2019</folder>
	<filename>fa51689e0989866956eca31d4eb09017_d3d3LmJkaWdpdGFsLnVuYWwuZWR1LmNvCTE2OC4xNzYuNS41Nw==.xls-0-4.png</filename>
	<path>/home/user/sample/val2019/fa51689e0989866956eca31d4eb09017_d3d3LmJkaWdpdGFsLnVuYWwuZWR1LmNvCTE2OC4xNzYuNS41Nw==.xls-0-4.png</path>
	<source>
		<database>Unknown</database>
	</source>
	<size>
		<width>390</width>
		<height>291</height>
		<depth>3</depth>
	</size>
	<segmented>0</segmented>
	<object>
		<name>line</name>
		<pose>Unspecified</pose>
		<truncated>0</truncated>
		<difficult>0</difficult>
		<bndbox>
			<xmin>15</xmin>
			<ymin>31</ymin>
			<xmax>389</xmax>
			<ymax>285</ymax>
		</bndbox>
	</object>
</annotation>
