<annotation>
	<folder>val2019</folder>
	<filename>fa5a19ba4857f4397f4d10ad2fb285af_eW91dGhjYW4udmljLmdvdi5hdQkxMDMuNTQuMTExLjE0MQ==.xls-0-0.png</filename>
	<path>/home/user/sample/val2019/fa5a19ba4857f4397f4d10ad2fb285af_eW91dGhjYW4udmljLmdvdi5hdQkxMDMuNTQuMTExLjE0MQ==.xls-0-0.png</path>
	<source>
		<database>Unknown</database>
	</source>
	<size>
		<width>256</width>
		<height>207</height>
		<depth>3</depth>
	</size>
	<segmented>0</segmented>
	<object>
		<name>line</name>
		<pose>Unspecified</pose>
		<truncated>0</truncated>
		<difficult>0</difficult>
		<bndbox>
			<xmin>26</xmin>
			<ymin>12</ymin>
			<xmax>248</xmax>
			<ymax>206</ymax>
		</bndbox>
	</object>
</annotation>
