<annotation>
	<folder>val2019</folder>
	<filename>fa75b22909cd684b4756e27e43bdb56a_d3d3LnRhb3l1YW5haXJwb3J0LmNvbS50dwk2MC4yNTEuMTg0LjE3Mw==.xls-0-2.png</filename>
	<path>/home/user/sample/val2019/fa75b22909cd684b4756e27e43bdb56a_d3d3LnRhb3l1YW5haXJwb3J0LmNvbS50dwk2MC4yNTEuMTg0LjE3Mw==.xls-0-2.png</path>
	<source>
		<database>Unknown</database>
	</source>
	<size>
		<width>712</width>
		<height>362</height>
		<depth>3</depth>
	</size>
	<segmented>0</segmented>
	<object>
		<name>line</name>
		<pose>Unspecified</pose>
		<truncated>0</truncated>
		<difficult>0</difficult>
		<bndbox>
			<xmin>22</xmin>
			<ymin>45</ymin>
			<xmax>710</xmax>
			<ymax>340</ymax>
		</bndbox>
	</object>
</annotation>
