<annotation>
	<folder>val2019</folder>
	<filename>fa929a71067a180433ad4b3abb6df0dc_d3d3LmVnb2JzLm9yZwkxNTUuMjEwLjExLjYy.xls-0-0.png</filename>
	<path>/home/user/sample/val2019/fa929a71067a180433ad4b3abb6df0dc_d3d3LmVnb2JzLm9yZwkxNTUuMjEwLjExLjYy.xls-0-0.png</path>
	<source>
		<database>Unknown</database>
	</source>
	<size>
		<width>601</width>
		<height>289</height>
		<depth>3</depth>
	</size>
	<segmented>0</segmented>
	<object>
		<name>line</name>
		<pose>Unspecified</pose>
		<truncated>0</truncated>
		<difficult>0</difficult>
		<bndbox>
			<xmin>8</xmin>
			<ymin>18</ymin>
			<xmax>595</xmax>
			<ymax>284</ymax>
		</bndbox>
	</object>
</annotation>
