<annotation>
	<folder>val2019</folder>
	<filename>facbfece77893b9c1bd36c2705af8fdd_bmJobmV0cmEuaG5iLmhyCTE5NC4xNTIuMjE3LjE4-0-0.png</filename>
	<path>/home/user/sample/val2019/facbfece77893b9c1bd36c2705af8fdd_bmJobmV0cmEuaG5iLmhyCTE5NC4xNTIuMjE3LjE4-0-0.png</path>
	<source>
		<database>Unknown</database>
	</source>
	<size>
		<width>417</width>
		<height>303</height>
		<depth>3</depth>
	</size>
	<segmented>0</segmented>
	<object>
		<name>line</name>
		<pose>Unspecified</pose>
		<truncated>1</truncated>
		<difficult>0</difficult>
		<bndbox>
			<xmin>21</xmin>
			<ymin>8</ymin>
			<xmax>417</xmax>
			<ymax>303</ymax>
		</bndbox>
	</object>
</annotation>
