<annotation>
	<folder>val2019</folder>
	<filename>facc0f4dfb9932842035fbf298127321_amJhdW1lci5ob21lLnhzNGFsbC5ubAkxOTQuMTA5LjYuOTE=.xls-0-0.png</filename>
	<path>/home/user/sample/val2019/facc0f4dfb9932842035fbf298127321_amJhdW1lci5ob21lLnhzNGFsbC5ubAkxOTQuMTA5LjYuOTE=.xls-0-0.png</path>
	<source>
		<database>Unknown</database>
	</source>
	<size>
		<width>472</width>
		<height>257</height>
		<depth>3</depth>
	</size>
	<segmented>0</segmented>
	<object>
		<name>line</name>
		<pose>Unspecified</pose>
		<truncated>0</truncated>
		<difficult>0</difficult>
		<bndbox>
			<xmin>45</xmin>
			<ymin>13</ymin>
			<xmax>466</xmax>
			<ymax>230</ymax>
		</bndbox>
	</object>
</annotation>
