<annotation>
	<folder>val2019</folder>
	<filename>faccf3939a89ba69ead52cee57acd8ca_d3d3Lm5hbnRva2EuY29tCTIwMi4xMzMuMTEyLjIxNw==-3-0.png</filename>
	<path>/home/user/sample/val2019/faccf3939a89ba69ead52cee57acd8ca_d3d3Lm5hbnRva2EuY29tCTIwMi4xMzMuMTEyLjIxNw==-3-0.png</path>
	<source>
		<database>Unknown</database>
	</source>
	<size>
		<width>978</width>
		<height>640</height>
		<depth>3</depth>
	</size>
	<segmented>0</segmented>
	<object>
		<name>line</name>
		<pose>Unspecified</pose>
		<truncated>1</truncated>
		<difficult>0</difficult>
		<bndbox>
			<xmin>6</xmin>
			<ymin>10</ymin>
			<xmax>978</xmax>
			<ymax>640</ymax>
		</bndbox>
	</object>
</annotation>
