<annotation>
	<folder>JPEGImages</folder>
	<filename>41.jpg</filename>
	<path>/home/user/deeprule/format image/JPEGImages/41.jpg</path>
	<source>
		<database>Unknown</database>
	</source>
	<size>
		<width>530</width>
		<height>333</height>
		<depth>3</depth>
	</size>
	<segmented>0</segmented>
	<object>
		<name>bar</name>
		<pose>Unspecified</pose>
		<truncated>1</truncated>
		<difficult>0</difficult>
		<bndbox>
			<xmin>17</xmin>
			<ymin>9</ymin>
			<xmax>530</xmax>
			<ymax>314</ymax>
		</bndbox>
	</object>
</annotation>
