<annotation>
	<folder>JPEGImages</folder>
	<filename>834.jpeg</filename>
	<path>/home/user/deeprule/format image/JPEGImages/834.jpeg</path>
	<source>
		<database>Unknown</database>
	</source>
	<size>
		<width>314</width>
		<height>160</height>
		<depth>3</depth>
	</size>
	<segmented>0</segmented>
	<object>
		<name>line</name>
		<pose>Unspecified</pose>
		<truncated>0</truncated>
		<difficult>0</difficult>
		<bndbox>
			<xmin>5</xmin>
			<ymin>4</ymin>
			<xmax>306</xmax>
			<ymax>139</ymax>
		</bndbox>
	</object>
</annotation>
