<annotation>
	<folder>JPEGImages</folder>
	<filename>842.jpeg</filename>
	<path>/home/user/deeprule/format image/JPEGImages/842.jpeg</path>
	<source>
		<database>Unknown</database>
	</source>
	<size>
		<width>318</width>
		<height>159</height>
		<depth>3</depth>
	</size>
	<segmented>0</segmented>
	<object>
		<name>bar</name>
		<pose>Unspecified</pose>
		<truncated>0</truncated>
		<difficult>0</difficult>
		<bndbox>
			<xmin>73</xmin>
			<ymin>28</ymin>
			<xmax>313</xmax>
			<ymax>154</ymax>
		</bndbox>
	</object>
</annotation>
