<annotation>
	<folder>JPEGImages</folder>
	<filename>9.jpg</filename>
	<path>/home/user/deeprule/format image/JPEGImages/9.jpg</path>
	<source>
		<database>Unknown</database>
	</source>
	<size>
		<width>960</width>
		<height>720</height>
		<depth>3</depth>
	</size>
	<segmented>0</segmented>
	<object>
		<name>bar</name>
		<pose>Unspecified</pose>
		<truncated>0</truncated>
		<difficult>0</difficult>
		<bndbox>
			<xmin>34</xmin>
			<ymin>73</ymin>
			<xmax>901</xmax>
			<ymax>656</ymax>
		</bndbox>
	</object>
</annotation>
