<annotation>
	<folder>JPEGImages</folder>
	<filename>913.jpg</filename>
	<path>/home/user/deeprule/format image/JPEGImages/913.jpg</path>
	<source>
		<database>Unknown</database>
	</source>
	<size>
		<width>600</width>
		<height>422</height>
		<depth>3</depth>
	</size>
	<segmented>0</segmented>
	<object>
		<name>bar</name>
		<pose>Unspecified</pose>
		<truncated>0</truncated>
		<difficult>0</difficult>
		<bndbox>
			<xmin>16</xmin>
			<ymin>14</ymin>
			<xmax>596</xmax>
			<ymax>411</ymax>
		</bndbox>
	</object>
</annotation>
