<annotation>
	<folder>JPEGImages</folder>
	<filename>298.jpg</filename>
	<path>/home/user/deeprule/format image/JPEGImages/298.jpg</path>
	<source>
		<database>Unknown</database>
	</source>
	<size>
		<width>383</width>
		<height>302</height>
		<depth>3</depth>
	</size>
	<segmented>0</segmented>
	<object>
		<name>pie</name>
		<pose>Unspecified</pose>
		<truncated>1</truncated>
		<difficult>0</difficult>
		<bndbox>
			<xmin>53</xmin>
			<ymin>19</ymin>
			<xmax>383</xmax>
			<ymax>302</ymax>
		</bndbox>
	</object>
</annotation>
