<annotation>
	<folder>JPEGImages</folder>
	<filename>409.jpg</filename>
	<path>/home/user/deeprule/format image/JPEGImages/409.jpg</path>
	<source>
		<database>Unknown</database>
	</source>
	<size>
		<width>544</width>
		<height>333</height>
		<depth>3</depth>
	</size>
	<segmented>0</segmented>
	<object>
		<name>line</name>
		<pose>Unspecified</pose>
		<truncated>0</truncated>
		<difficult>0</difficult>
		<bndbox>
			<xmin>78</xmin>
			<ymin>2</ymin>
			<xmax>531</xmax>
			<ymax>330</ymax>
		</bndbox>
	</object>
</annotation>
