<annotation>
	<folder>JPEGImages</folder>
	<filename>79.jpg</filename>
	<path>/home/user/deeprule/format image/JPEGImages/79.jpg</path>
	<source>
		<database>Unknown</database>
	</source>
	<size>
		<width>511</width>
		<height>333</height>
		<depth>3</depth>
	</size>
	<segmented>0</segmented>
	<object>
		<name>bar</name>
		<pose>Unspecified</pose>
		<truncated>0</truncated>
		<difficult>0</difficult>
		<bndbox>
			<xmin>157</xmin>
			<ymin>14</ymin>
			<xmax>503</xmax>
			<ymax>320</ymax>
		</bndbox>
	</object>
</annotation>
