<annotation>
	<folder>JPEGImages</folder>
	<filename>8.jpg</filename>
	<path>/home/user/deeprule/format image/JPEGImages/8.jpg</path>
	<source>
		<database>Unknown</database>
	</source>
	<size>
		<width>960</width>
		<height>720</height>
		<depth>3</depth>
	</size>
	<segmented>0</segmented>
	<object>
		<name>bar</name>
		<pose>Unspecified</pose>
		<truncated>0</truncated>
		<difficult>0</difficult>
		<bndbox>
			<xmin>119</xmin>
			<ymin>146</ymin>
			<xmax>750</xmax>
			<ymax>617</ymax>
		</bndbox>
	</object>
</annotation>
