<annotation>
	<folder>JPEGImages</folder>
	<filename>800.jpeg</filename>
	<path>/home/user/deeprule/format image/JPEGImages/800.jpeg</path>
	<source>
		<database>Unknown</database>
	</source>
	<size>
		<width>290</width>
		<height>174</height>
		<depth>3</depth>
	</size>
	<segmented>0</segmented>
	<object>
		<name>bar</name>
		<pose>Unspecified</pose>
		<truncated>0</truncated>
		<difficult>0</difficult>
		<bndbox>
			<xmin>6</xmin>
			<ymin>11</ymin>
			<xmax>285</xmax>
			<ymax>163</ymax>
		</bndbox>
	</object>
</annotation>
