<annotation>
	<folder>JPEGImages</folder>
	<filename>810.jpg</filename>
	<path>/home/user/deeprule/format image/JPEGImages/810.jpg</path>
	<source>
		<database>Unknown</database>
	</source>
	<size>
		<width>1280</width>
		<height>720</height>
		<depth>3</depth>
	</size>
	<segmented>0</segmented>
	<object>
		<name>bar</name>
		<pose>Unspecified</pose>
		<truncated>0</truncated>
		<difficult>0</difficult>
		<bndbox>
			<xmin>542</xmin>
			<ymin>198</ymin>
			<xmax>1233</xmax>
			<ymax>668</ymax>
		</bndbox>
	</object>
</annotation>
