<annotation>
	<folder>JPEGImages</folder>
	<filename>851.jpeg</filename>
	<path>/home/user/deeprule/format image/JPEGImages/851.jpeg</path>
	<source>
		<database>Unknown</database>
	</source>
	<size>
		<width>249</width>
		<height>202</height>
		<depth>3</depth>
	</size>
	<segmented>0</segmented>
	<object>
		<name>bar</name>
		<pose>Unspecified</pose>
		<truncated>1</truncated>
		<difficult>0</difficult>
		<bndbox>
			<xmin>1</xmin>
			<ymin>3</ymin>
			<xmax>249</xmax>
			<ymax>89</ymax>
		</bndbox>
	</object>
	<object>
		<name>bar</name>
		<pose>Unspecified</pose>
		<truncated>1</truncated>
		<difficult>0</difficult>
		<bndbox>
			<xmin>3</xmin>
			<ymin>102</ymin>
			<xmax>249</xmax>
			<ymax>197</ymax>
		</bndbox>
	</object>
</annotation>
