<annotation>
	<folder>JPEGImages</folder>
	<filename>902.jpeg</filename>
	<path>/home/user/deeprule/format image/JPEGImages/902.jpeg</path>
	<source>
		<database>Unknown</database>
	</source>
	<size>
		<width>276</width>
		<height>183</height>
		<depth>3</depth>
	</size>
	<segmented>0</segmented>
	<object>
		<name>bar</name>
		<pose>Unspecified</pose>
		<truncated>0</truncated>
		<difficult>0</difficult>
		<bndbox>
			<xmin>7</xmin>
			<ymin>29</ymin>
			<xmax>270</xmax>
			<ymax>173</ymax>
		</bndbox>
	</object>
</annotation>
