<annotation>
	<folder>JPEGImages</folder>
	<filename>911.jpg</filename>
	<path>/home/user/deeprule/format image/JPEGImages/911.jpg</path>
	<source>
		<database>Unknown</database>
	</source>
	<size>
		<width>815</width>
		<height>615</height>
		<depth>3</depth>
	</size>
	<segmented>0</segmented>
	<object>
		<name>line</name>
		<pose>Unspecified</pose>
		<truncated>0</truncated>
		<difficult>0</difficult>
		<bndbox>
			<xmin>67</xmin>
			<ymin>44</ymin>
			<xmax>760</xmax>
			<ymax>593</ymax>
		</bndbox>
	</object>
</annotation>
