<annotation>
	<folder>JPEGImages</folder>
	<filename>918.jpg</filename>
	<path>/home/user/deeprule/format image/JPEGImages/918.jpg</path>
	<source>
		<database>Unknown</database>
	</source>
	<size>
		<width>793</width>
		<height>483</height>
		<depth>3</depth>
	</size>
	<segmented>0</segmented>
	<object>
		<name>bar</name>
		<pose>Unspecified</pose>
		<truncated>0</truncated>
		<difficult>0</difficult>
		<bndbox>
			<xmin>12</xmin>
			<ymin>2</ymin>
			<xmax>740</xmax>
			<ymax>468</ymax>
		</bndbox>
	</object>
</annotation>
