<annotation>
	<folder>JPEGImages</folder>
	<filename>imageonline-co-merged-image.png</filename>
	<path>/home/user/miscs/tt/JPEGImages/imageonline-co-merged-image.png</path>
	<source>
		<database>Unknown</database>
	</source>
	<size>
		<width>788</width>
		<height>225</height>
		<depth>3</depth>
	</size>
	<segmented>0</segmented>
	<object>
		<name>bar</name>
		<pose>Unspecified</pose>
		<truncated>0</truncated>
		<difficult>0</difficult>
		<bndbox>
			<xmin>6</xmin>
			<ymin>4</ymin>
			<xmax>279</xmax>
			<ymax>178</ymax>
		</bndbox>
	</object>
	<object>
		<name>bar</name>
		<pose>Unspecified</pose>
		<truncated>0</truncated>
		<difficult>0</difficult>
		<bndbox>
			<xmin>307</xmin>
			<ymin>51</ymin>
			<xmax>486</xmax>
			<ymax>197</ymax>
		</bndbox>
	</object>
	<object>
		<name>pie</name>
		<pose>Unspecified</pose>
		<truncated>0</truncated>
		<difficult>0</difficult>
		<bndbox>
			<xmin>555</xmin>
			<ymin>2</ymin>
			<xmax>742</xmax>
			<ymax>177</ymax>
		</bndbox>
	</object>
</annotation>
