<annotation>
	<folder>JPEGImages</folder>
	<filename>mutl1.png</filename>
	<path>/home/user/miscs/tt/JPEGImages/mutl1.png</path>
	<source>
		<database>Unknown</database>
	</source>
	<size>
		<width>1152</width>
		<height>1344</height>
		<depth>3</depth>
	</size>
	<segmented>0</segmented>
	<object>
		<name>line</name>
		<pose>Unspecified</pose>
		<truncated>0</truncated>
		<difficult>0</difficult>
		<bndbox>
			<xmin>59</xmin>
			<ymin>58</ymin>
			<xmax>1104</xmax>
			<ymax>630</ymax>
		</bndbox>
	</object>
	<object>
		<name>bar</name>
		<pose>Unspecified</pose>
		<truncated>0</truncated>
		<difficult>0</difficult>
		<bndbox>
			<xmin>43</xmin>
			<ymin>689</ymin>
			<xmax>1126</xmax>
			<ymax>1242</ymax>
		</bndbox>
	</object>
</annotation>
