<annotation>
	<folder>JPEGImages</folder>
	<filename>831.jpeg</filename>
	<path>/home/user/deeprule/chartdata/JPEGImages/831.jpeg</path>
	<source>
		<database>Unknown</database>
	</source>
	<size>
		<width>259</width>
		<height>194</height>
		<depth>3</depth>
	</size>
	<segmented>0</segmented>
	<object>
		<name>line</name>
		<pose>Unspecified</pose>
		<truncated>1</truncated>
		<difficult>0</difficult>
		<bndbox>
			<xmin>4</xmin>
			<ymin>4</ymin>
			<xmax>259</xmax>
			<ymax>194</ymax>
		</bndbox>
	</object>
</annotation>
