<annotation>
	<folder>JPEGImages</folder>
	<filename>867.jpeg</filename>
	<path>/home/user/deeprule/chartdata/JPEGImages/867.jpeg</path>
	<source>
		<database>Unknown</database>
	</source>
	<size>
		<width>576</width>
		<height>432</height>
		<depth>3</depth>
	</size>
	<segmented>0</segmented>
	<object>
		<name>line</name>
		<pose>Unspecified</pose>
		<truncated>1</truncated>
		<difficult>0</difficult>
		<bndbox>
			<xmin>13</xmin>
			<ymin>9</ymin>
			<xmax>576</xmax>
			<ymax>431</ymax>
		</bndbox>
	</object>
</annotation>
