<annotation>
	<folder>bar</folder>
	<filename>8a0976bedd04d1ba46eaef272a1ebc0f_d3d3Lm1uYi5odQkxOTQuMTQwLjI0OC40Mw==-3-0.png</filename>
	<path>/home/rahuls/Projects/Data Extraction from charts/Images/bardata(1031)/bar/images/bar/8a0976bedd04d1ba46eaef272a1ebc0f_d3d3Lm1uYi5odQkxOTQuMTQwLjI0OC40Mw==-3-0.png</path>
	<source>
		<database>Unknown</database>
	</source>
	<size>
		<width>317</width>
		<height>242</height>
		<depth>3</depth>
	</size>
	<segmented>0</segmented>
	<object>
		<name>bar</name>
		<pose>Unspecified</pose>
		<truncated>1</truncated>
		<difficult>0</difficult>
		<bndbox>
			<xmin>3</xmin>
			<ymin>7</ymin>
			<xmax>317</xmax>
			<ymax>227</ymax>
		</bndbox>
	</object>
</annotation>
