<annotation>
	<folder>bar</folder>
	<filename>8a7b6a55615249ac396fe315083eae61_bWF0aC5idWZmYWxvc3RhdGUuZWR1CTEzNi4xODMuNTYuOTQ=.xls-0-1.png</filename>
	<path>/home/rahuls/Projects/Data Extraction from charts/Images/bardata(1031)/bar/images/bar/8a7b6a55615249ac396fe315083eae61_bWF0aC5idWZmYWxvc3RhdGUuZWR1CTEzNi4xODMuNTYuOTQ=.xls-0-1.png</path>
	<source>
		<database>Unknown</database>
	</source>
	<size>
		<width>705</width>
		<height>459</height>
		<depth>3</depth>
	</size>
	<segmented>0</segmented>
	<object>
		<name>bar</name>
		<pose>Unspecified</pose>
		<truncated>0</truncated>
		<difficult>0</difficult>
		<bndbox>
			<xmin>10</xmin>
			<ymin>11</ymin>
			<xmax>699</xmax>
			<ymax>435</ymax>
		</bndbox>
	</object>
</annotation>
