<annotation>
	<folder>bar</folder>
	<filename>8a8c6eaa94b7c2773187923576b13620_d3d3LmxpYnJhcmllcy5ydXRnZXJzLmVkdQkxMjguNi4yMTguODI=.xls-1-0.png</filename>
	<path>/home/rahuls/Projects/Data Extraction from charts/Images/bardata(1031)/bar/images/bar/8a8c6eaa94b7c2773187923576b13620_d3d3LmxpYnJhcmllcy5ydXRnZXJzLmVkdQkxMjguNi4yMTguODI=.xls-1-0.png</path>
	<source>
		<database>Unknown</database>
	</source>
	<size>
		<width>566</width>
		<height>276</height>
		<depth>3</depth>
	</size>
	<segmented>0</segmented>
	<object>
		<name>bar</name>
		<pose>Unspecified</pose>
		<truncated>0</truncated>
		<difficult>0</difficult>
		<bndbox>
			<xmin>14</xmin>
			<ymin>8</ymin>
			<xmax>561</xmax>
			<ymax>257</ymax>
		</bndbox>
	</object>
</annotation>
