<annotation>
	<folder>bar</folder>
	<filename>8ac6101c780c3163bd96b5764fac2670_Y2RuMjMubWVyY2EyMC5jb20JMTk4LjIzMi4xMjQuMTk2.xls-0-0.png</filename>
	<path>/home/rahuls/Projects/Data Extraction from charts/Images/bardata(1031)/bar/images/bar/8ac6101c780c3163bd96b5764fac2670_Y2RuMjMubWVyY2EyMC5jb20JMTk4LjIzMi4xMjQuMTk2.xls-0-0.png</path>
	<source>
		<database>Unknown</database>
	</source>
	<size>
		<width>545</width>
		<height>301</height>
		<depth>3</depth>
	</size>
	<segmented>0</segmented>
	<object>
		<name>bar</name>
		<pose>Unspecified</pose>
		<truncated>0</truncated>
		<difficult>0</difficult>
		<bndbox>
			<xmin>18</xmin>
			<ymin>5</ymin>
			<xmax>538</xmax>
			<ymax>300</ymax>
		</bndbox>
	</object>
</annotation>
