<annotation>
	<folder>bar</folder>
	<filename>8ade0cc5ed17ae920de5be2c54d6f1a8_d3d3LnNjaWVuY2VkaXJlY3QuY29tCTIzLjcuMTM0LjE1Mw==-2-1.png</filename>
	<path>/home/rahuls/Projects/Data Extraction from charts/Images/bardata(1031)/bar/images/bar/8ade0cc5ed17ae920de5be2c54d6f1a8_d3d3LnNjaWVuY2VkaXJlY3QuY29tCTIzLjcuMTM0LjE1Mw==-2-1.png</path>
	<source>
		<database>Unknown</database>
	</source>
	<size>
		<width>732</width>
		<height>466</height>
		<depth>3</depth>
	</size>
	<segmented>0</segmented>
	<object>
		<name>bar</name>
		<pose>Unspecified</pose>
		<truncated>1</truncated>
		<difficult>0</difficult>
		<bndbox>
			<xmin>7</xmin>
			<ymin>2</ymin>
			<xmax>732</xmax>
			<ymax>465</ymax>
		</bndbox>
	</object>
</annotation>
