<annotation>
	<folder>bar</folder>
	<filename>8b1f6a7e5da7a54d3e675954cfc07dfc_Y2ZpbGUyMTEudWYuZGF1bS5uZXQJMTE0LjEwOC4xNTcuMjAx-18-0.png</filename>
	<path>/home/rahuls/Projects/Data Extraction from charts/Images/bardata(1031)/bar/images/bar/8b1f6a7e5da7a54d3e675954cfc07dfc_Y2ZpbGUyMTEudWYuZGF1bS5uZXQJMTE0LjEwOC4xNTcuMjAx-18-0.png</path>
	<source>
		<database>Unknown</database>
	</source>
	<size>
		<width>610</width>
		<height>287</height>
		<depth>3</depth>
	</size>
	<segmented>0</segmented>
	<object>
		<name>bar</name>
		<pose>Unspecified</pose>
		<truncated>1</truncated>
		<difficult>0</difficult>
		<bndbox>
			<xmin>11</xmin>
			<ymin>5</ymin>
			<xmax>610</xmax>
			<ymax>287</ymax>
		</bndbox>
	</object>
</annotation>
