<annotation>
	<folder>bar</folder>
	<filename>8b5b3a1e5adc2fbf3182b3ef518895af_d3d3LmZpc2hzY2llbmNlcy5uZXQJNzUuMTQ4LjUyLjUz.xls-0-2.png</filename>
	<path>/home/rahuls/Projects/Data Extraction from charts/Images/bardata(1031)/bar/images/bar/8b5b3a1e5adc2fbf3182b3ef518895af_d3d3LmZpc2hzY2llbmNlcy5uZXQJNzUuMTQ4LjUyLjUz.xls-0-2.png</path>
	<source>
		<database>Unknown</database>
	</source>
	<size>
		<width>416</width>
		<height>275</height>
		<depth>3</depth>
	</size>
	<segmented>0</segmented>
	<object>
		<name>bar</name>
		<pose>Unspecified</pose>
		<truncated>0</truncated>
		<difficult>0</difficult>
		<bndbox>
			<xmin>12</xmin>
			<ymin>12</ymin>
			<xmax>396</xmax>
			<ymax>251</ymax>
		</bndbox>
	</object>
</annotation>
