<annotation>
	<folder>bar</folder>
	<filename>8b5b70ce0bfc50163ce96ca21abb8c02_ZWMuZXVyb3BhLmV1CTE0Ny42Ny4xMzYuMjE=.xls-9-0.png</filename>
	<path>/home/rahuls/Projects/Data Extraction from charts/Images/bardata(1031)/bar/images/bar/8b5b70ce0bfc50163ce96ca21abb8c02_ZWMuZXVyb3BhLmV1CTE0Ny42Ny4xMzYuMjE=.xls-9-0.png</path>
	<source>
		<database>Unknown</database>
	</source>
	<size>
		<width>766</width>
		<height>477</height>
		<depth>3</depth>
	</size>
	<segmented>0</segmented>
	<object>
		<name>bar</name>
		<pose>Unspecified</pose>
		<truncated>0</truncated>
		<difficult>0</difficult>
		<bndbox>
			<xmin>13</xmin>
			<ymin>8</ymin>
			<xmax>764</xmax>
			<ymax>463</ymax>
		</bndbox>
	</object>
</annotation>
