<annotation>
	<folder>val2019</folder>
	<filename>fa182cc94dd629f000bde4bf1bbccdb3_b25saW5lLnNmc3UuZWR1CTEzMC4yMTIuMTAuMTA5.xls-0-2.png</filename>
	<path>/home/user/sample/val2019/fa182cc94dd629f000bde4bf1bbccdb3_b25saW5lLnNmc3UuZWR1CTEzMC4yMTIuMTAuMTA5.xls-0-2.png</path>
	<source>
		<database>Unknown</database>
	</source>
	<size>
		<width>747</width>
		<height>341</height>
		<depth>3</depth>
	</size>
	<segmented>0</segmented>
	<object>
		<name>line</name>
		<pose>Unspecified</pose>
		<truncated>0</truncated>
		<difficult>0</difficult>
		<bndbox>
			<xmin>9</xmin>
			<ymin>17</ymin>
			<xmax>733</xmax>
			<ymax>332</ymax>
		</bndbox>
	</object>
</annotation>
