<annotation>
	<folder>val2019</folder>
	<filename>fa1a80aa0f31dd8057552c3f41094e4e_d3d3LmNuYi5jegkxOTMuODUuMy4yNTA=.xls-2-0.png</filename>
	<path>/home/user/sample/val2019/fa1a80aa0f31dd8057552c3f41094e4e_d3d3LmNuYi5jegkxOTMuODUuMy4yNTA=.xls-2-0.png</path>
	<source>
		<database>Unknown</database>
	</source>
	<size>
		<width>378</width>
		<height>252</height>
		<depth>3</depth>
	</size>
	<segmented>0</segmented>
	<object>
		<name>line</name>
		<pose>Unspecified</pose>
		<truncated>1</truncated>
		<difficult>0</difficult>
		<bndbox>
			<xmin>5</xmin>
			<ymin>8</ymin>
			<xmax>376</xmax>
			<ymax>252</ymax>
		</bndbox>
	</object>
</annotation>
