<annotation>
	<folder>val2019</folder>
	<filename>fa1b3b40fb74b66f0164cb8735ac314b_d3d3LnJvYmVydGRldnJpZXMubmV0CTk0LjEyNC4xMjIuOQ==.xls-0-0.png</filename>
	<path>/home/user/sample/val2019/fa1b3b40fb74b66f0164cb8735ac314b_d3d3LnJvYmVydGRldnJpZXMubmV0CTk0LjEyNC4xMjIuOQ==.xls-0-0.png</path>
	<source>
		<database>Unknown</database>
	</source>
	<size>
		<width>649</width>
		<height>294</height>
		<depth>3</depth>
	</size>
	<segmented>0</segmented>
	<object>
		<name>line</name>
		<pose>Unspecified</pose>
		<truncated>1</truncated>
		<difficult>0</difficult>
		<bndbox>
			<xmin>14</xmin>
			<ymin>13</ymin>
			<xmax>649</xmax>
			<ymax>293</ymax>
		</bndbox>
	</object>
</annotation>
