<annotation>
	<folder>val2019</folder>
	<filename>fa2969503f6ad68f97de6305692fa20e_d3d3LnByZWYuZnVrdXNoaW1hLmxnLmpwCTIxMC4yNDguMTc3LjEyNg==.xls-0-1.png</filename>
	<path>/home/user/sample/val2019/fa2969503f6ad68f97de6305692fa20e_d3d3LnByZWYuZnVrdXNoaW1hLmxnLmpwCTIxMC4yNDguMTc3LjEyNg==.xls-0-1.png</path>
	<source>
		<database>Unknown</database>
	</source>
	<size>
		<width>552</width>
		<height>270</height>
		<depth>3</depth>
	</size>
	<segmented>0</segmented>
	<object>
		<name>line</name>
		<pose>Unspecified</pose>
		<truncated>1</truncated>
		<difficult>0</difficult>
		<bndbox>
			<xmin>32</xmin>
			<ymin>1</ymin>
			<xmax>540</xmax>
			<ymax>239</ymax>
		</bndbox>
	</object>
</annotation>
