<annotation>
	<folder>val2019</folder>
	<filename>fa511169a42f5fa1ac061aa8dc0e7300_YW1lcmljYW5jYXJib25yZWdpc3RyeS5vcmcJNTQuMjQ0LjIyNC4yMzY=-3-1.png</filename>
	<path>/home/user/sample/val2019/fa511169a42f5fa1ac061aa8dc0e7300_YW1lcmljYW5jYXJib25yZWdpc3RyeS5vcmcJNTQuMjQ0LjIyNC4yMzY=-3-1.png</path>
	<source>
		<database>Unknown</database>
	</source>
	<size>
		<width>620</width>
		<height>390</height>
		<depth>3</depth>
	</size>
	<segmented>0</segmented>
	<object>
		<name>line</name>
		<pose>Unspecified</pose>
		<truncated>1</truncated>
		<difficult>0</difficult>
		<bndbox>
			<xmin>6</xmin>
			<ymin>13</ymin>
			<xmax>620</xmax>
			<ymax>381</ymax>
		</bndbox>
	</object>
</annotation>
