<annotation>
	<folder>val2019</folder>
	<filename>fa5ee50c73ac1417fd6dbdc2438144ad_d3d3Lm1vbnN0YXQub3JnCTgyLjIxNC44OC4xMA==.xls-0-0.png</filename>
	<path>/home/user/sample/val2019/fa5ee50c73ac1417fd6dbdc2438144ad_d3d3Lm1vbnN0YXQub3JnCTgyLjIxNC44OC4xMA==.xls-0-0.png</path>
	<source>
		<database>Unknown</database>
	</source>
	<size>
		<width>649</width>
		<height>344</height>
		<depth>3</depth>
	</size>
	<segmented>0</segmented>
	<object>
		<name>line</name>
		<pose>Unspecified</pose>
		<truncated>1</truncated>
		<difficult>0</difficult>
		<bndbox>
			<xmin>3</xmin>
			<ymin>5</ymin>
			<xmax>649</xmax>
			<ymax>344</ymax>
		</bndbox>
	</object>
</annotation>
