<annotation>
	<folder>val2019</folder>
	<filename>fa74abf97afa18d5fb87d40c566bc4d5_cG9ydGZvbGlvLm5vCTEzNC4yMTMuMTUxLjEzMQ==.xls-7-0.png</filename>
	<path>/home/user/sample/val2019/fa74abf97afa18d5fb87d40c566bc4d5_cG9ydGZvbGlvLm5vCTEzNC4yMTMuMTUxLjEzMQ==.xls-7-0.png</path>
	<source>
		<database>Unknown</database>
	</source>
	<size>
		<width>845</width>
		<height>527</height>
		<depth>3</depth>
	</size>
	<segmented>0</segmented>
	<object>
		<name>line</name>
		<pose>Unspecified</pose>
		<truncated>0</truncated>
		<difficult>0</difficult>
		<bndbox>
			<xmin>26</xmin>
			<ymin>38</ymin>
			<xmax>838</xmax>
			<ymax>437</ymax>
		</bndbox>
	</object>
</annotation>
