<annotation>
	<folder>val2019</folder>
	<filename>fa87ed58b85e1e5149b9c1d1f9e3b4c2_YmVzdGFuZGVuLm5vb3JkLWhvbGxhbmQubmwJMTk0LjMzLjExMi4xNzk=-0-0.png</filename>
	<path>/home/user/sample/val2019/fa87ed58b85e1e5149b9c1d1f9e3b4c2_YmVzdGFuZGVuLm5vb3JkLWhvbGxhbmQubmwJMTk0LjMzLjExMi4xNzk=-0-0.png</path>
	<source>
		<database>Unknown</database>
	</source>
	<size>
		<width>439</width>
		<height>256</height>
		<depth>3</depth>
	</size>
	<segmented>0</segmented>
	<object>
		<name>line</name>
		<pose>Unspecified</pose>
		<truncated>0</truncated>
		<difficult>0</difficult>
		<bndbox>
			<xmin>8</xmin>
			<ymin>25</ymin>
			<xmax>427</xmax>
			<ymax>239</ymax>
		</bndbox>
	</object>
</annotation>
