<annotation>
	<folder>val2019</folder>
	<filename>fac3e3803b4e610314443fff41219680_d3d3LmF5dG9iYWRham96LmVzCTg3LjEwNi4yNDMuMjc=.xls-3-0.png</filename>
	<path>/home/user/sample/val2019/fac3e3803b4e610314443fff41219680_d3d3LmF5dG9iYWRham96LmVzCTg3LjEwNi4yNDMuMjc=.xls-3-0.png</path>
	<source>
		<database>Unknown</database>
	</source>
	<size>
		<width>817</width>
		<height>289</height>
		<depth>3</depth>
	</size>
	<segmented>0</segmented>
	<object>
		<name>line</name>
		<pose>Unspecified</pose>
		<truncated>1</truncated>
		<difficult>0</difficult>
		<bndbox>
			<xmin>6</xmin>
			<ymin>7</ymin>
			<xmax>817</xmax>
			<ymax>283</ymax>
		</bndbox>
	</object>
</annotation>
