<annotation>
	<folder>JPEGImages</folder>
	<filename>image15.png</filename>
	<path>/home/rahuls/Projects/Data Extraction from charts/Images/For training/JPEGImages/image15.png</path>
	<source>
		<database>Unknown</database>
	</source>
	<size>
		<width>800</width>
		<height>800</height>
		<depth>3</depth>
	</size>
	<segmented>0</segmented>
	<object>
		<name>bar</name>
		<pose>Unspecified</pose>
		<truncated>1</truncated>
		<difficult>0</difficult>
		<bndbox>
			<xmin>1</xmin>
			<ymin>5</ymin>
			<xmax>401</xmax>
			<ymax>264</ymax>
		</bndbox>
	</object>
	<object>
		<name>bar</name>
		<pose>Unspecified</pose>
		<truncated>0</truncated>
		<difficult>0</difficult>
		<bndbox>
			<xmin>2</xmin>
			<ymin>396</ymin>
			<xmax>398</xmax>
			<ymax>737</ymax>
		</bndbox>
	</object>
	<object>
		<name>pie</name>
		<pose>Unspecified</pose>
		<truncated>0</truncated>
		<difficult>0</difficult>
		<bndbox>
			<xmin>403</xmin>
			<ymin>4</ymin>
			<xmax>773</xmax>
			<ymax>397</ymax>
		</bndbox>
	</object>
	<object>
		<name>line</name>
		<pose>Unspecified</pose>
		<truncated>1</truncated>
		<difficult>0</difficult>
		<bndbox>
			<xmin>407</xmin>
			<ymin>406</ymin>
			<xmax>800</xmax>
			<ymax>692</ymax>
		</bndbox>
	</object>
</annotation>
