<annotation>
	<folder>JPEGImages</folder>
	<filename>114.jpg</filename>
	<path>/home/user/deeprule/format image/JPEGImages/114.jpg</path>
	<source>
		<database>Unknown</database>
	</source>
	<size>
		<width>516</width>
		<height>319</height>
		<depth>3</depth>
	</size>
	<segmented>0</segmented>
	<object>
		<name>bar</name>
		<pose>Unspecified</pose>
		<truncated>0</truncated>
		<difficult>0</difficult>
		<bndbox>
			<xmin>143</xmin>
			<ymin>20</ymin>
			<xmax>493</xmax>
			<ymax>309</ymax>
		</bndbox>
	</object>
</annotation>
