<annotation>
	<folder>JPEGImages</folder>
	<filename>241.jpg</filename>
	<path>/home/user/deeprule/format image/JPEGImages/241.jpg</path>
	<source>
		<database>Unknown</database>
	</source>
	<size>
		<width>385</width>
		<height>302</height>
		<depth>3</depth>
	</size>
	<segmented>0</segmented>
	<object>
		<name>pie</name>
		<pose>Unspecified</pose>
		<truncated>0</truncated>
		<difficult>0</difficult>
		<bndbox>
			<xmin>76</xmin>
			<ymin>33</ymin>
			<xmax>309</xmax>
			<ymax>266</ymax>
		</bndbox>
	</object>
</annotation>
