<annotation>
	<folder>JPEGImages</folder>
	<filename>823.jpeg</filename>
	<path>/home/user/deeprule/format image/JPEGImages/823.jpeg</path>
	<source>
		<database>Unknown</database>
	</source>
	<size>
		<width>275</width>
		<height>183</height>
		<depth>3</depth>
	</size>
	<segmented>0</segmented>
	<object>
		<name>pie</name>
		<pose>Unspecified</pose>
		<truncated>0</truncated>
		<difficult>0</difficult>
		<bndbox>
			<xmin>92</xmin>
			<ymin>33</ymin>
			<xmax>216</xmax>
			<ymax>158</ymax>
		</bndbox>
	</object>
</annotation>
