<annotation>
	<folder>JPEGImages</folder>
	<filename>830.jpeg</filename>
	<path>/home/user/deeprule/format image/JPEGImages/830.jpeg</path>
	<source>
		<database>Unknown</database>
	</source>
	<size>
		<width>279</width>
		<height>181</height>
		<depth>3</depth>
	</size>
	<segmented>0</segmented>
	<object>
		<name>bar</name>
		<pose>Unspecified</pose>
		<truncated>0</truncated>
		<difficult>0</difficult>
		<bndbox>
			<xmin>9</xmin>
			<ymin>30</ymin>
			<xmax>269</xmax>
			<ymax>144</ymax>
		</bndbox>
	</object>
</annotation>
