<annotation>
	<folder>JPEGImages</folder>
	<filename>861.jpeg</filename>
	<path>/home/user/deeprule/format image/JPEGImages/861.jpeg</path>
	<source>
		<database>Unknown</database>
	</source>
	<size>
		<width>235</width>
		<height>215</height>
		<depth>3</depth>
	</size>
	<segmented>0</segmented>
	<object>
		<name>bar</name>
		<pose>Unspecified</pose>
		<truncated>1</truncated>
		<difficult>0</difficult>
		<bndbox>
			<xmin>9</xmin>
			<ymin>9</ymin>
			<xmax>234</xmax>
			<ymax>215</ymax>
		</bndbox>
	</object>
</annotation>
