<annotation>
	<folder>JPEGImages</folder>
	<filename>862.jpeg</filename>
	<path>/home/user/deeprule/format image/JPEGImages/862.jpeg</path>
	<source>
		<database>Unknown</database>
	</source>
	<size>
		<width>256</width>
		<height>197</height>
		<depth>3</depth>
	</size>
	<segmented>0</segmented>
	<object>
		<name>pie</name>
		<pose>Unspecified</pose>
		<truncated>0</truncated>
		<difficult>0</difficult>
		<bndbox>
			<xmin>8</xmin>
			<ymin>19</ymin>
			<xmax>200</xmax>
			<ymax>186</ymax>
		</bndbox>
	</object>
</annotation>
