<annotation>
	<folder>JPEGImages</folder>
	<filename>865.jpeg</filename>
	<path>/home/user/deeprule/format image/JPEGImages/865.jpeg</path>
	<source>
		<database>Unknown</database>
	</source>
	<size>
		<width>275</width>
		<height>183</height>
		<depth>3</depth>
	</size>
	<segmented>0</segmented>
	<object>
		<name>bar</name>
		<pose>Unspecified</pose>
		<truncated>1</truncated>
		<difficult>0</difficult>
		<bndbox>
			<xmin>12</xmin>
			<ymin>1</ymin>
			<xmax>269</xmax>
			<ymax>177</ymax>
		</bndbox>
	</object>
</annotation>
