<annotation>
	<folder>JPEGImages</folder>
	<filename>872.jpeg</filename>
	<path>/home/user/deeprule/format image/JPEGImages/872.jpeg</path>
	<source>
		<database>Unknown</database>
	</source>
	<size>
		<width>266</width>
		<height>190</height>
		<depth>3</depth>
	</size>
	<segmented>0</segmented>
	<object>
		<name>bar</name>
		<pose>Unspecified</pose>
		<truncated>0</truncated>
		<difficult>0</difficult>
		<bndbox>
			<xmin>8</xmin>
			<ymin>4</ymin>
			<xmax>261</xmax>
			<ymax>186</ymax>
		</bndbox>
	</object>
</annotation>
