<annotation>
	<folder>JPEGImages</folder>
	<filename>882.jpeg</filename>
	<path>/home/user/deeprule/format image/JPEGImages/882.jpeg</path>
	<source>
		<database>Unknown</database>
	</source>
	<size>
		<width>297</width>
		<height>170</height>
		<depth>3</depth>
	</size>
	<segmented>0</segmented>
	<object>
		<name>bar</name>
		<pose>Unspecified</pose>
		<truncated>1</truncated>
		<difficult>0</difficult>
		<bndbox>
			<xmin>5</xmin>
			<ymin>25</ymin>
			<xmax>286</xmax>
			<ymax>170</ymax>
		</bndbox>
	</object>
</annotation>
