<annotation>
	<folder>JPEGImages</folder>
	<filename>98.jpg</filename>
	<path>/home/user/deeprule/format image/JPEGImages/98.jpg</path>
	<source>
		<database>Unknown</database>
	</source>
	<size>
		<width>499</width>
		<height>333</height>
		<depth>3</depth>
	</size>
	<segmented>0</segmented>
	<object>
		<name>bar</name>
		<pose>Unspecified</pose>
		<truncated>0</truncated>
		<difficult>0</difficult>
		<bndbox>
			<xmin>182</xmin>
			<ymin>19</ymin>
			<xmax>472</xmax>
			<ymax>311</ymax>
		</bndbox>
	</object>
</annotation>
