<annotation>
	<folder>JPEGImages</folder>
	<filename>19.jpg</filename>
	<path>/home/user/deeprule/format image/JPEGImages/19.jpg</path>
	<source>
		<database>Unknown</database>
	</source>
	<size>
		<width>760</width>
		<height>381</height>
		<depth>3</depth>
	</size>
	<segmented>0</segmented>
	<object>
		<name>bar</name>
		<pose>Unspecified</pose>
		<truncated>0</truncated>
		<difficult>0</difficult>
		<bndbox>
			<xmin>47</xmin>
			<ymin>50</ymin>
			<xmax>744</xmax>
			<ymax>304</ymax>
		</bndbox>
	</object>
</annotation>
