<annotation>
	<folder>JPEGImages</folder>
	<filename>307.jpg</filename>
	<path>/home/user/deeprule/format image/JPEGImages/307.jpg</path>
	<source>
		<database>Unknown</database>
	</source>
	<size>
		<width>472</width>
		<height>319</height>
		<depth>3</depth>
	</size>
	<segmented>0</segmented>
	<object>
		<name>line</name>
		<pose>Unspecified</pose>
		<truncated>1</truncated>
		<difficult>0</difficult>
		<bndbox>
			<xmin>10</xmin>
			<ymin>3</ymin>
			<xmax>472</xmax>
			<ymax>319</ymax>
		</bndbox>
	</object>
</annotation>
