<annotation>
	<folder>JPEGImages</folder>
	<filename>817.jpeg</filename>
	<path>/home/user/deeprule/format image/JPEGImages/817.jpeg</path>
	<source>
		<database>Unknown</database>
	</source>
	<size>
		<width>259</width>
		<height>195</height>
		<depth>3</depth>
	</size>
	<segmented>0</segmented>
	<object>
		<name>bar</name>
		<pose>Unspecified</pose>
		<truncated>0</truncated>
		<difficult>0</difficult>
		<bndbox>
			<xmin>32</xmin>
			<ymin>28</ymin>
			<xmax>228</xmax>
			<ymax>178</ymax>
		</bndbox>
	</object>
</annotation>
