<annotation>
	<folder>JPEGImages</folder>
	<filename>827.jpg</filename>
	<path>/home/user/deeprule/format image/JPEGImages/827.jpg</path>
	<source>
		<database>Unknown</database>
	</source>
	<size>
		<width>1920</width>
		<height>1080</height>
		<depth>3</depth>
	</size>
	<segmented>0</segmented>
	<object>
		<name>pie</name>
		<pose>Unspecified</pose>
		<truncated>0</truncated>
		<difficult>0</difficult>
		<bndbox>
			<xmin>780</xmin>
			<ymin>524</ymin>
			<xmax>962</xmax>
			<ymax>699</ymax>
		</bndbox>
	</object>
</annotation>
