<annotation>
	<folder>JPEGImages</folder>
	<filename>829.jpeg</filename>
	<path>/home/user/deeprule/format image/JPEGImages/829.jpeg</path>
	<source>
		<database>Unknown</database>
	</source>
	<size>
		<width>299</width>
		<height>168</height>
		<depth>3</depth>
	</size>
	<segmented>0</segmented>
	<object>
		<name>pie</name>
		<pose>Unspecified</pose>
		<truncated>0</truncated>
		<difficult>0</difficult>
		<bndbox>
			<xmin>71</xmin>
			<ymin>4</ymin>
			<xmax>234</xmax>
			<ymax>164</ymax>
		</bndbox>
	</object>
</annotation>
