<annotation>
	<folder>JPEGImages</folder>
	<filename>845.jpg</filename>
	<path>/home/user/deeprule/format image/JPEGImages/845.jpg</path>
	<source>
		<database>Unknown</database>
	</source>
	<size>
		<width>1915</width>
		<height>675</height>
		<depth>3</depth>
	</size>
	<segmented>0</segmented>
	<object>
		<name>bar</name>
		<pose>Unspecified</pose>
		<truncated>0</truncated>
		<difficult>0</difficult>
		<bndbox>
			<xmin>32</xmin>
			<ymin>97</ymin>
			<xmax>773</xmax>
			<ymax>665</ymax>
		</bndbox>
	</object>
	<object>
		<name>line</name>
		<pose>Unspecified</pose>
		<truncated>0</truncated>
		<difficult>0</difficult>
		<bndbox>
			<xmin>800</xmin>
			<ymin>95</ymin>
			<xmax>1355</xmax>
			<ymax>652</ymax>
		</bndbox>
	</object>
</annotation>
