<annotation>
	<folder>JPEGImages</folder>
	<filename>846.jpg</filename>
	<path>/home/user/deeprule/format image/JPEGImages/846.jpg</path>
	<source>
		<database>Unknown</database>
	</source>
	<size>
		<width>480</width>
		<height>360</height>
		<depth>3</depth>
	</size>
	<segmented>0</segmented>
	<object>
		<name>bar</name>
		<pose>Unspecified</pose>
		<truncated>0</truncated>
		<difficult>0</difficult>
		<bndbox>
			<xmin>106</xmin>
			<ymin>70</ymin>
			<xmax>404</xmax>
			<ymax>312</ymax>
		</bndbox>
	</object>
</annotation>
