<annotation>
	<folder>JPEGImages</folder>
	<filename>898.jpeg</filename>
	<path>/home/user/deeprule/format image/JPEGImages/898.jpeg</path>
	<source>
		<database>Unknown</database>
	</source>
	<size>
		<width>255</width>
		<height>198</height>
		<depth>3</depth>
	</size>
	<segmented>0</segmented>
	<object>
		<name>pie</name>
		<pose>Unspecified</pose>
		<truncated>0</truncated>
		<difficult>0</difficult>
		<bndbox>
			<xmin>48</xmin>
			<ymin>23</ymin>
			<xmax>205</xmax>
			<ymax>177</ymax>
		</bndbox>
	</object>
</annotation>
