<annotation>
	<folder>JPEGImages</folder>
	<filename>218.jpeg</filename>
	<path>/home/user/deeprule/chartdata/JPEGImages/218.jpeg</path>
	<source>
		<database>Unknown</database>
	</source>
	<size>
		<width>372</width>
		<height>302</height>
		<depth>3</depth>
	</size>
	<segmented>0</segmented>
	<object>
		<name>pie</name>
		<pose>Unspecified</pose>
		<truncated>0</truncated>
		<difficult>0</difficult>
		<bndbox>
			<xmin>61</xmin>
			<ymin>34</ymin>
			<xmax>299</xmax>
			<ymax>271</ymax>
		</bndbox>
	</object>
</annotation>
