<annotation>
	<folder>bar</folder>
	<filename>8a3a447b923b7b06ca6397fe00fb8c93_eGNhbXB1cy5qcAkyMTkuOTQuMjQxLjIwNg==.xls-1-0.png</filename>
	<path>/home/rahuls/Projects/Data Extraction from charts/Images/bardata(1031)/bar/images/bar/8a3a447b923b7b06ca6397fe00fb8c93_eGNhbXB1cy5qcAkyMTkuOTQuMjQxLjIwNg==.xls-1-0.png</path>
	<source>
		<database>Unknown</database>
	</source>
	<size>
		<width>911</width>
		<height>639</height>
		<depth>3</depth>
	</size>
	<segmented>0</segmented>
	<object>
		<name>bar</name>
		<pose>Unspecified</pose>
		<truncated>0</truncated>
		<difficult>0</difficult>
		<bndbox>
			<xmin>6</xmin>
			<ymin>5</ymin>
			<xmax>893</xmax>
			<ymax>633</ymax>
		</bndbox>
	</object>
</annotation>
