<annotation>
	<folder>bar</folder>
	<filename>8b9f6ab5f598efc4419149050804db2a_d3d3LmlzZHNjb3RsYW5kLm9yZwkxOTMuMTk1Ljc4LjY3-5-0.png</filename>
	<path>/home/rahuls/Projects/Data Extraction from charts/Images/bardata(1031)/bar/images/bar/8b9f6ab5f598efc4419149050804db2a_d3d3LmlzZHNjb3RsYW5kLm9yZwkxOTMuMTk1Ljc4LjY3-5-0.png</path>
	<source>
		<database>Unknown</database>
	</source>
	<size>
		<width>747</width>
		<height>366</height>
		<depth>3</depth>
	</size>
	<segmented>0</segmented>
	<object>
		<name>bar</name>
		<pose>Unspecified</pose>
		<truncated>1</truncated>
		<difficult>0</difficult>
		<bndbox>
			<xmin>11</xmin>
			<ymin>3</ymin>
			<xmax>747</xmax>
			<ymax>366</ymax>
		</bndbox>
	</object>
</annotation>
