<annotation>
	<folder>val2019</folder>
	<filename>fa1818dd2337a3f739a4e07719312efa_d3d3LnBhZ2VzLnBvbW9uYS5lZHUJMTM0LjE3My43MS41NA==.xls-0-1.png</filename>
	<path>/home/user/sample/val2019/fa1818dd2337a3f739a4e07719312efa_d3d3LnBhZ2VzLnBvbW9uYS5lZHUJMTM0LjE3My43MS41NA==.xls-0-1.png</path>
	<source>
		<database>Unknown</database>
	</source>
	<size>
		<width>961</width>
		<height>789</height>
		<depth>3</depth>
	</size>
	<segmented>0</segmented>
	<object>
		<name>line</name>
		<pose>Unspecified</pose>
		<truncated>1</truncated>
		<difficult>0</difficult>
		<bndbox>
			<xmin>2</xmin>
			<ymin>16</ymin>
			<xmax>954</xmax>
			<ymax>789</ymax>
		</bndbox>
	</object>
</annotation>
