<annotation>
	<folder>bar</folder>
	<filename>8a05310c316a8279f4e56bd17e784f81_d3d3LmphbWVzcHVnaGFzc29jaWF0ZXMuY29tCTE3My4yMDEuMjE2LjYz-1-0.png</filename>
	<path>/home/rahuls/Projects/Data Extraction from charts/Images/bardata(1031)/bar/images/bar/8a05310c316a8279f4e56bd17e784f81_d3d3LmphbWVzcHVnaGFzc29jaWF0ZXMuY29tCTE3My4yMDEuMjE2LjYz-1-0.png</path>
	<source>
		<database>Unknown</database>
	</source>
	<size>
		<width>603</width>
		<height>519</height>
		<depth>3</depth>
	</size>
	<segmented>0</segmented>
	<object>
		<name>bar</name>
		<pose>Unspecified</pose>
		<truncated>0</truncated>
		<difficult>0</difficult>
		<bndbox>
			<xmin>3</xmin>
			<ymin>3</ymin>
			<xmax>601</xmax>
			<ymax>517</ymax>
		</bndbox>
	</object>
</annotation>
