<annotation>
	<folder>bar</folder>
	<filename>8a27eaa7ab2a1ac59bd15d1e299cac16_d3d3LnN0YXRpc3RpcXVlcy5kZXZlbG9wcGVtZW50LWR1cmFibGUuZ291di5mcgkzNy4yMzUuODkuMTA3.xls-1-0.png</filename>
	<path>/home/rahuls/Projects/Data Extraction from charts/Images/bardata(1031)/bar/images/bar/8a27eaa7ab2a1ac59bd15d1e299cac16_d3d3LnN0YXRpc3RpcXVlcy5kZXZlbG9wcGVtZW50LWR1cmFibGUuZ291di5mcgkzNy4yMzUuODkuMTA3.xls-1-0.png</path>
	<source>
		<database>Unknown</database>
	</source>
	<size>
		<width>960</width>
		<height>594</height>
		<depth>3</depth>
	</size>
	<segmented>0</segmented>
	<object>
		<name>bar</name>
		<pose>Unspecified</pose>
		<truncated>0</truncated>
		<difficult>0</difficult>
		<bndbox>
			<xmin>25</xmin>
			<ymin>3</ymin>
			<xmax>948</xmax>
			<ymax>510</ymax>
		</bndbox>
	</object>
</annotation>
