<annotation>
	<folder>bar</folder>
	<filename>8a7ca45dbc6e98c65581265cfdba59ff_d2ViYm9vay5hcnBhZS5pdAkxOTMuNDMuMjAwLjI0Mg==.xls-1-0.png</filename>
	<path>/home/rahuls/Projects/Data Extraction from charts/Images/bardata(1031)/bar/images/bar/8a7ca45dbc6e98c65581265cfdba59ff_d2ViYm9vay5hcnBhZS5pdAkxOTMuNDMuMjAwLjI0Mg==.xls-1-0.png</path>
	<source>
		<database>Unknown</database>
	</source>
	<size>
		<width>910</width>
		<height>636</height>
		<depth>3</depth>
	</size>
	<segmented>0</segmented>
	<object>
		<name>bar</name>
		<pose>Unspecified</pose>
		<truncated>0</truncated>
		<difficult>0</difficult>
		<bndbox>
			<xmin>3</xmin>
			<ymin>15</ymin>
			<xmax>908</xmax>
			<ymax>622</ymax>
		</bndbox>
	</object>
</annotation>
