<annotation>
	<folder>bar</folder>
	<filename>8a8acdaf70ef275d7fd820dd5ebb98fe_d3d3LmNvd2ZvbGRtZWRpY2FsZ3JvdXAuY28udWsJOTQuMjM2LjkzLjE3OA==.xls-0-4.png</filename>
	<path>/home/rahuls/Projects/Data Extraction from charts/Images/bardata(1031)/bar/images/bar/8a8acdaf70ef275d7fd820dd5ebb98fe_d3d3LmNvd2ZvbGRtZWRpY2FsZ3JvdXAuY28udWsJOTQuMjM2LjkzLjE3OA==.xls-0-4.png</path>
	<source>
		<database>Unknown</database>
	</source>
	<size>
		<width>433</width>
		<height>180</height>
		<depth>3</depth>
	</size>
	<segmented>0</segmented>
	<object>
		<name>bar</name>
		<pose>Unspecified</pose>
		<truncated>0</truncated>
		<difficult>0</difficult>
		<bndbox>
			<xmin>16</xmin>
			<ymin>7</ymin>
			<xmax>429</xmax>
			<ymax>160</ymax>
		</bndbox>
	</object>
</annotation>
