<annotation>
	<folder>bar</folder>
	<filename>8a8f7627627c46aed51845a930cca40c_d3d3LmNhZC5nby50aAkxMDMuNTUuMTQwLjM1.xls-4-2.png</filename>
	<path>/home/rahuls/Projects/Data Extraction from charts/Images/bardata(1031)/bar/images/bar/8a8f7627627c46aed51845a930cca40c_d3d3LmNhZC5nby50aAkxMDMuNTUuMTQwLjM1.xls-4-2.png</path>
	<source>
		<database>Unknown</database>
	</source>
	<size>
		<width>536</width>
		<height>345</height>
		<depth>3</depth>
	</size>
	<segmented>0</segmented>
	<object>
		<name>bar</name>
		<pose>Unspecified</pose>
		<truncated>0</truncated>
		<difficult>0</difficult>
		<bndbox>
			<xmin>16</xmin>
			<ymin>8</ymin>
			<xmax>529</xmax>
			<ymax>340</ymax>
		</bndbox>
	</object>
</annotation>
