<annotation>
	<folder>bar</folder>
	<filename>8abc875f52c1b777df18f4b17df9ab92_d3d3Lm1obHcuZ28uanAJMTA0LjgwLjg4LjEzNw==.xls-0-0.png</filename>
	<path>/home/rahuls/Projects/Data Extraction from charts/Images/bardata(1031)/bar/images/bar/8abc875f52c1b777df18f4b17df9ab92_d3d3Lm1obHcuZ28uanAJMTA0LjgwLjg4LjEzNw==.xls-0-0.png</path>
	<source>
		<database>Unknown</database>
	</source>
	<size>
		<width>548</width>
		<height>329</height>
		<depth>3</depth>
	</size>
	<segmented>0</segmented>
	<object>
		<name>bar</name>
		<pose>Unspecified</pose>
		<truncated>0</truncated>
		<difficult>0</difficult>
		<bndbox>
			<xmin>5</xmin>
			<ymin>2</ymin>
			<xmax>518</xmax>
			<ymax>324</ymax>
		</bndbox>
	</object>
</annotation>
