<annotation>
	<folder>bar</folder>
	<filename>8ae346f23c39e0ba88c0e5d618828333_Y2NzLm1lbWJlcmNsaWNrcy5uZXQJNjkuMTcyLjIwMS4xMDc=-4-0.png</filename>
	<path>/home/rahuls/Projects/Data Extraction from charts/Images/bardata(1031)/bar/images/bar/8ae346f23c39e0ba88c0e5d618828333_Y2NzLm1lbWJlcmNsaWNrcy5uZXQJNjkuMTcyLjIwMS4xMDc=-4-0.png</path>
	<source>
		<database>Unknown</database>
	</source>
	<size>
		<width>373</width>
		<height>255</height>
		<depth>3</depth>
	</size>
	<segmented>0</segmented>
	<object>
		<name>bar</name>
		<pose>Unspecified</pose>
		<truncated>1</truncated>
		<difficult>0</difficult>
		<bndbox>
			<xmin>7</xmin>
			<ymin>11</ymin>
			<xmax>373</xmax>
			<ymax>252</ymax>
		</bndbox>
	</object>
</annotation>
