<annotation>
	<folder>bar</folder>
	<filename>8aea00b9d06af6894285a210027b8dcb_d3d3LnB1dHVtYXlvLmdvdi5jbwkxODYuMTEzLjE4LjQ=.xls-0-0.png</filename>
	<path>/home/rahuls/Projects/Data Extraction from charts/Images/bardata(1031)/bar/images/bar/8aea00b9d06af6894285a210027b8dcb_d3d3LnB1dHVtYXlvLmdvdi5jbwkxODYuMTEzLjE4LjQ=.xls-0-0.png</path>
	<source>
		<database>Unknown</database>
	</source>
	<size>
		<width>442</width>
		<height>287</height>
		<depth>3</depth>
	</size>
	<segmented>0</segmented>
	<object>
		<name>bar</name>
		<pose>Unspecified</pose>
		<truncated>0</truncated>
		<difficult>0</difficult>
		<bndbox>
			<xmin>5</xmin>
			<ymin>9</ymin>
			<xmax>439</xmax>
			<ymax>285</ymax>
		</bndbox>
	</object>
</annotation>
