<annotation>
	<folder>bar</folder>
	<filename>8aea46afe9af06d0023693d2dd10f99e_d3d3Lmd5bWJlcm91bi5jegk4MS45NS4xMDguMTg1.xls-1-0.png</filename>
	<path>/home/rahuls/Projects/Data Extraction from charts/Images/bardata(1031)/bar/images/bar/8aea46afe9af06d0023693d2dd10f99e_d3d3Lmd5bWJlcm91bi5jegk4MS45NS4xMDguMTg1.xls-1-0.png</path>
	<source>
		<database>Unknown</database>
	</source>
	<size>
		<width>901</width>
		<height>613</height>
		<depth>3</depth>
	</size>
	<segmented>0</segmented>
	<object>
		<name>bar</name>
		<pose>Unspecified</pose>
		<truncated>1</truncated>
		<difficult>0</difficult>
		<bndbox>
			<xmin>6</xmin>
			<ymin>14</ymin>
			<xmax>901</xmax>
			<ymax>613</ymax>
		</bndbox>
	</object>
</annotation>
