<annotation>
	<folder>bar</folder>
	<filename>8b2e216b54fbe4d311b0256f104a47f3_c2VhcmNoLm9lY2Qub3JnCTc4LjQxLjEyOC4xNDA=-0-0.png</filename>
	<path>/home/rahuls/Projects/Data Extraction from charts/Images/bardata(1031)/bar/images/bar/8b2e216b54fbe4d311b0256f104a47f3_c2VhcmNoLm9lY2Qub3JnCTc4LjQxLjEyOC4xNDA=-0-0.png</path>
	<source>
		<database>Unknown</database>
	</source>
	<size>
		<width>972</width>
		<height>629</height>
		<depth>3</depth>
	</size>
	<segmented>0</segmented>
	<object>
		<name>bar</name>
		<pose>Unspecified</pose>
		<truncated>0</truncated>
		<difficult>0</difficult>
		<bndbox>
			<xmin>5</xmin>
			<ymin>5</ymin>
			<xmax>965</xmax>
			<ymax>504</ymax>
		</bndbox>
	</object>
</annotation>
