<annotation>
	<folder>val2019</folder>
	<filename>fa17e7508c43142828276534a0335fa8_d3d3LnNjYi5zZQkxOTMuMTgwLjEyNC45MQ==-3-4.png</filename>
	<path>/home/user/sample/val2019/fa17e7508c43142828276534a0335fa8_d3d3LnNjYi5zZQkxOTMuMTgwLjEyNC45MQ==-3-4.png</path>
	<source>
		<database>Unknown</database>
	</source>
	<size>
		<width>476</width>
		<height>365</height>
		<depth>3</depth>
	</size>
	<segmented>0</segmented>
	<object>
		<name>line</name>
		<pose>Unspecified</pose>
		<truncated>1</truncated>
		<difficult>0</difficult>
		<bndbox>
			<xmin>14</xmin>
			<ymin>1</ymin>
			<xmax>472</xmax>
			<ymax>352</ymax>
		</bndbox>
	</object>
</annotation>
