<annotation>
	<folder>val2019</folder>
	<filename>fa274f591256c88c70aa7a9b7d504408_d3d3LmVzYWxxLnVzcC5icgkyMDAuMTQ0LjI1NS43MA==.xls-0-2.png</filename>
	<path>/home/user/sample/val2019/fa274f591256c88c70aa7a9b7d504408_d3d3LmVzYWxxLnVzcC5icgkyMDAuMTQ0LjI1NS43MA==.xls-0-2.png</path>
	<source>
		<database>Unknown</database>
	</source>
	<size>
		<width>572</width>
		<height>370</height>
		<depth>3</depth>
	</size>
	<segmented>0</segmented>
	<object>
		<name>line</name>
		<pose>Unspecified</pose>
		<truncated>0</truncated>
		<difficult>0</difficult>
		<bndbox>
			<xmin>23</xmin>
			<ymin>14</ymin>
			<xmax>570</xmax>
			<ymax>344</ymax>
		</bndbox>
	</object>
</annotation>
