<annotation>
	<folder>val2019</folder>
	<filename>fa29d46fdd86d921b68082b980018878_d3d3LnN0YXRpc3Rpay50aHVlcmluZ2VuLmRlCTE5NS4xOTEuMTUuMTU1.xls-9-0.png</filename>
	<path>/home/user/sample/val2019/fa29d46fdd86d921b68082b980018878_d3d3LnN0YXRpc3Rpay50aHVlcmluZ2VuLmRlCTE5NS4xOTEuMTUuMTU1.xls-9-0.png</path>
	<source>
		<database>Unknown</database>
	</source>
	<size>
		<width>493</width>
		<height>799</height>
		<depth>3</depth>
	</size>
	<segmented>0</segmented>
	<object>
		<name>line</name>
		<pose>Unspecified</pose>
		<truncated>0</truncated>
		<difficult>0</difficult>
		<bndbox>
			<xmin>16</xmin>
			<ymin>15</ymin>
			<xmax>485</xmax>
			<ymax>756</ymax>
		</bndbox>
	</object>
</annotation>
