<annotation>
	<folder>val2019</folder>
	<filename>fa59ff167aab032139c23b65008f0eea_ZGV2aW5mby5zdGF0Lmdvdi5ycwkxOTUuMjIyLjk2Ljkx-1-1.png</filename>
	<path>/home/user/sample/val2019/fa59ff167aab032139c23b65008f0eea_ZGV2aW5mby5zdGF0Lmdvdi5ycwkxOTUuMjIyLjk2Ljkx-1-1.png</path>
	<source>
		<database>Unknown</database>
	</source>
	<size>
		<width>606</width>
		<height>427</height>
		<depth>3</depth>
	</size>
	<segmented>0</segmented>
	<object>
		<name>line</name>
		<pose>Unspecified</pose>
		<truncated>1</truncated>
		<difficult>0</difficult>
		<bndbox>
			<xmin>13</xmin>
			<ymin>10</ymin>
			<xmax>604</xmax>
			<ymax>427</ymax>
		</bndbox>
	</object>
</annotation>
