<annotation>
	<folder>val2019</folder>
	<filename>fa62404082436b2def30e6b837e7977d_d3d3LmV6a3l1bmdsaS5jb20JMjExLjIxNS4xNy4xNTc=.xls-2-0.png</filename>
	<path>/home/user/sample/val2019/fa62404082436b2def30e6b837e7977d_d3d3LmV6a3l1bmdsaS5jb20JMjExLjIxNS4xNy4xNTc=.xls-2-0.png</path>
	<source>
		<database>Unknown</database>
	</source>
	<size>
		<width>1500</width>
		<height>501</height>
		<depth>3</depth>
	</size>
	<segmented>0</segmented>
	<object>
		<name>line</name>
		<pose>Unspecified</pose>
		<truncated>1</truncated>
		<difficult>0</difficult>
		<bndbox>
			<xmin>8</xmin>
			<ymin>1</ymin>
			<xmax>1500</xmax>
			<ymax>475</ymax>
		</bndbox>
	</object>
</annotation>
