<annotation>
	<folder>val2019</folder>
	<filename>fa658ca9564ec95bdc4526f45ff2c41e_cGcuanJqLmNvbS5jbgkyMjAuMjQzLjIyNS4xMDI=.xls-4-0.png</filename>
	<path>/home/user/sample/val2019/fa658ca9564ec95bdc4526f45ff2c41e_cGcuanJqLmNvbS5jbgkyMjAuMjQzLjIyNS4xMDI=.xls-4-0.png</path>
	<source>
		<database>Unknown</database>
	</source>
	<size>
		<width>692</width>
		<height>282</height>
		<depth>3</depth>
	</size>
	<segmented>0</segmented>
	<object>
		<name>line</name>
		<pose>Unspecified</pose>
		<truncated>1</truncated>
		<difficult>0</difficult>
		<bndbox>
			<xmin>23</xmin>
			<ymin>8</ymin>
			<xmax>692</xmax>
			<ymax>282</ymax>
		</bndbox>
	</object>
</annotation>
