<annotation>
	<folder>val2019</folder>
	<filename>fa73bb2c68840b10b4c5991833b918cb_d2VibnQuY2FsaG91bi5lZHUJMjA3LjE1Ny44OC44MA==-0-1.png</filename>
	<path>/home/user/sample/val2019/fa73bb2c68840b10b4c5991833b918cb_d2VibnQuY2FsaG91bi5lZHUJMjA3LjE1Ny44OC44MA==-0-1.png</path>
	<source>
		<database>Unknown</database>
	</source>
	<size>
		<width>469</width>
		<height>389</height>
		<depth>3</depth>
	</size>
	<segmented>0</segmented>
	<object>
		<name>line</name>
		<pose>Unspecified</pose>
		<truncated>1</truncated>
		<difficult>0</difficult>
		<bndbox>
			<xmin>10</xmin>
			<ymin>107</ymin>
			<xmax>469</xmax>
			<ymax>378</ymax>
		</bndbox>
	</object>
</annotation>
