<annotation>
	<folder>val2019</folder>
	<filename>fa805ed16a763bb314a6354ad4d64ff1_d3d3LmdraS5odQkyMTIuOTIuMjMuMjM3-0-0.png</filename>
	<path>/home/user/sample/val2019/fa805ed16a763bb314a6354ad4d64ff1_d3d3LmdraS5odQkyMTIuOTIuMjMuMjM3-0-0.png</path>
	<source>
		<database>Unknown</database>
	</source>
	<size>
		<width>978</width>
		<height>636</height>
		<depth>3</depth>
	</size>
	<segmented>0</segmented>
	<object>
		<name>line</name>
		<pose>Unspecified</pose>
		<truncated>1</truncated>
		<difficult>0</difficult>
		<bndbox>
			<xmin>15</xmin>
			<ymin>1</ymin>
			<xmax>978</xmax>
			<ymax>636</ymax>
		</bndbox>
	</object>
</annotation>
