<annotation>
	<folder>val2019</folder>
	<filename>fa87452a3ed0b9f5b0f0391052f39866_d3d3LnZpdGVqdGVuYXplbWkuY3oJMTkzLjE3OS4xODYuMw==.xls-0-0.png</filename>
	<path>/home/user/sample/val2019/fa87452a3ed0b9f5b0f0391052f39866_d3d3LnZpdGVqdGVuYXplbWkuY3oJMTkzLjE3OS4xODYuMw==.xls-0-0.png</path>
	<source>
		<database>Unknown</database>
	</source>
	<size>
		<width>857</width>
		<height>504</height>
		<depth>3</depth>
	</size>
	<segmented>0</segmented>
	<object>
		<name>line</name>
		<pose>Unspecified</pose>
		<truncated>0</truncated>
		<difficult>0</difficult>
		<bndbox>
			<xmin>16</xmin>
			<ymin>4</ymin>
			<xmax>852</xmax>
			<ymax>497</ymax>
		</bndbox>
	</object>
</annotation>
