<annotation>
	<folder>val2019</folder>
	<filename>fa87f58b585fd47dd59619a3bfd0cff8_d3d3LmFjdHVhbGx5LnBybwkxOTUuMjA4LjEuMTA2.xls-7-0.png</filename>
	<path>/home/user/sample/val2019/fa87f58b585fd47dd59619a3bfd0cff8_d3d3LmFjdHVhbGx5LnBybwkxOTUuMjA4LjEuMTA2.xls-7-0.png</path>
	<source>
		<database>Unknown</database>
	</source>
	<size>
		<width>1019</width>
		<height>669</height>
		<depth>3</depth>
	</size>
	<segmented>0</segmented>
	<object>
		<name>line</name>
		<pose>Unspecified</pose>
		<truncated>1</truncated>
		<difficult>0</difficult>
		<bndbox>
			<xmin>1</xmin>
			<ymin>1</ymin>
			<xmax>1019</xmax>
			<ymax>669</ymax>
		</bndbox>
	</object>
</annotation>
