<annotation>
	<folder>val2019</folder>
	<filename>fa8d62f192933e02d6b66077c8d33849_d3d3LnByZWYuY2hpYmEubGcuanAJMTE0LjE3OS4yMDEuMQ==-1-0.png</filename>
	<path>/home/user/sample/val2019/fa8d62f192933e02d6b66077c8d33849_d3d3LnByZWYuY2hpYmEubGcuanAJMTE0LjE3OS4yMDEuMQ==-1-0.png</path>
	<source>
		<database>Unknown</database>
	</source>
	<size>
		<width>292</width>
		<height>195</height>
		<depth>3</depth>
	</size>
	<segmented>0</segmented>
	<object>
		<name>line</name>
		<pose>Unspecified</pose>
		<truncated>0</truncated>
		<difficult>0</difficult>
		<bndbox>
			<xmin>8</xmin>
			<ymin>12</ymin>
			<xmax>263</xmax>
			<ymax>178</ymax>
		</bndbox>
	</object>
</annotation>
