<annotation>
	<folder>val2019</folder>
	<filename>fa9cdda2bbdc6f559319b18852641375_aGlnaGVyZWQubWhlZHVjYXRpb24uY29tCTE5Mi4yNDMuODIuMzY=-2-0.png</filename>
	<path>/home/user/sample/val2019/fa9cdda2bbdc6f559319b18852641375_aGlnaGVyZWQubWhlZHVjYXRpb24uY29tCTE5Mi4yNDMuODIuMzY=-2-0.png</path>
	<source>
		<database>Unknown</database>
	</source>
	<size>
		<width>662</width>
		<height>450</height>
		<depth>3</depth>
	</size>
	<segmented>0</segmented>
	<object>
		<name>line</name>
		<pose>Unspecified</pose>
		<truncated>0</truncated>
		<difficult>0</difficult>
		<bndbox>
			<xmin>17</xmin>
			<ymin>34</ymin>
			<xmax>657</xmax>
			<ymax>445</ymax>
		</bndbox>
	</object>
</annotation>
