<annotation>
	<folder>val2019</folder>
	<filename>faa284e6846e4c757357490a0427e1cb_d3d3LmFzdGVsbGFzLmNvbQkxMDQuMTcuNTQuOQ==.xls-8-0.png</filename>
	<path>/home/user/sample/val2019/faa284e6846e4c757357490a0427e1cb_d3d3LmFzdGVsbGFzLmNvbQkxMDQuMTcuNTQuOQ==.xls-8-0.png</path>
	<source>
		<database>Unknown</database>
	</source>
	<size>
		<width>1037</width>
		<height>388</height>
		<depth>3</depth>
	</size>
	<segmented>0</segmented>
	<object>
		<name>line</name>
		<pose>Unspecified</pose>
		<truncated>1</truncated>
		<difficult>0</difficult>
		<bndbox>
			<xmin>12</xmin>
			<ymin>8</ymin>
			<xmax>1034</xmax>
			<ymax>388</ymax>
		</bndbox>
	</object>
</annotation>
