<annotation>
	<folder>val2019</folder>
	<filename>faba345867fb3ce9d9c0332bbdaa7039_ZGVtb2dyYXBoaWNlc3RpbWF0aW9uLml1c3NwLm9yZwkxMzcuNzQuOTMuODU=-2-0.png</filename>
	<path>/home/user/sample/val2019/faba345867fb3ce9d9c0332bbdaa7039_ZGVtb2dyYXBoaWNlc3RpbWF0aW9uLml1c3NwLm9yZwkxMzcuNzQuOTMuODU=-2-0.png</path>
	<source>
		<database>Unknown</database>
	</source>
	<size>
		<width>570</width>
		<height>324</height>
		<depth>3</depth>
	</size>
	<segmented>0</segmented>
	<object>
		<name>line</name>
		<pose>Unspecified</pose>
		<truncated>1</truncated>
		<difficult>0</difficult>
		<bndbox>
			<xmin>27</xmin>
			<ymin>14</ymin>
			<xmax>570</xmax>
			<ymax>324</ymax>
		</bndbox>
	</object>
</annotation>
