<annotation>
	<folder>val2019</folder>
	<filename>faca432a76c02f54a45ec4e402e908e1_d3d3LnRhb3l1YW5haXJwb3J0LmNvbS50dwk2MC4yNTEuMTg0LjE3Mw==.xls-0-2.png</filename>
	<path>/home/user/sample/val2019/faca432a76c02f54a45ec4e402e908e1_d3d3LnRhb3l1YW5haXJwb3J0LmNvbS50dwk2MC4yNTEuMTg0LjE3Mw==.xls-0-2.png</path>
	<source>
		<database>Unknown</database>
	</source>
	<size>
		<width>712</width>
		<height>362</height>
		<depth>3</depth>
	</size>
	<segmented>0</segmented>
	<object>
		<name>line</name>
		<pose>Unspecified</pose>
		<truncated>1</truncated>
		<difficult>0</difficult>
		<bndbox>
			<xmin>14</xmin>
			<ymin>9</ymin>
			<xmax>712</xmax>
			<ymax>360</ymax>
		</bndbox>
	</object>
</annotation>
