<annotation>
	<folder>val2019</folder>
	<filename>fad6ac5e1d0f8fb0e7c8b03e6f912ce5_d3d3Lmp1bnRhZGVhbmRhbHVjaWEuZXMJMjE3LjEyLjE2Ljgw.xls-1-1.png</filename>
	<path>/home/user/sample/val2019/fad6ac5e1d0f8fb0e7c8b03e6f912ce5_d3d3Lmp1bnRhZGVhbmRhbHVjaWEuZXMJMjE3LjEyLjE2Ljgw.xls-1-1.png</path>
	<source>
		<database>Unknown</database>
	</source>
	<size>
		<width>506</width>
		<height>297</height>
		<depth>3</depth>
	</size>
	<segmented>0</segmented>
	<object>
		<name>line</name>
		<pose>Unspecified</pose>
		<truncated>1</truncated>
		<difficult>0</difficult>
		<bndbox>
			<xmin>7</xmin>
			<ymin>7</ymin>
			<xmax>502</xmax>
			<ymax>297</ymax>
		</bndbox>
	</object>
</annotation>
