<annotation>
	<folder>JPEGImages</folder>
	<filename>2.jpeg</filename>
	<path>/home/user/deeprule/chartdata/JPEGImages/2.jpeg</path>
	<source>
		<database>Unknown</database>
	</source>
	<size>
		<width>499</width>
		<height>333</height>
		<depth>3</depth>
	</size>
	<segmented>0</segmented>
	<object>
		<name>bar</name>
		<pose>Unspecified</pose>
		<truncated>1</truncated>
		<difficult>0</difficult>
		<bndbox>
			<xmin>17</xmin>
			<ymin>2</ymin>
			<xmax>499</xmax>
			<ymax>331</ymax>
		</bndbox>
	</object>
</annotation>
