<annotation>
	<folder>JPEGImages</folder>
	<filename>219.jpeg</filename>
	<path>/home/user/deeprule/chartdata/JPEGImages/219.jpeg</path>
	<source>
		<database>Unknown</database>
	</source>
	<size>
		<width>347</width>
		<height>302</height>
		<depth>3</depth>
	</size>
	<segmented>0</segmented>
	<object>
		<name>pie</name>
		<pose>Unspecified</pose>
		<truncated>0</truncated>
		<difficult>0</difficult>
		<bndbox>
			<xmin>53</xmin>
			<ymin>32</ymin>
			<xmax>293</xmax>
			<ymax>270</ymax>
		</bndbox>
	</object>
</annotation>
