<annotation>
	<folder>JPEGImages</folder>
	<filename>833.jpeg</filename>
	<path>/home/user/deeprule/chartdata/JPEGImages/833.jpeg</path>
	<source>
		<database>Unknown</database>
	</source>
	<size>
		<width>1915</width>
		<height>675</height>
		<depth>3</depth>
	</size>
	<segmented>0</segmented>
	<object>
		<name>line</name>
		<pose>Unspecified</pose>
		<truncated>0</truncated>
		<difficult>0</difficult>
		<bndbox>
			<xmin>803</xmin>
			<ymin>86</ymin>
			<xmax>1362</xmax>
			<ymax>654</ymax>
		</bndbox>
	</object>
	<object>
		<name>bar</name>
		<pose>Unspecified</pose>
		<truncated>0</truncated>
		<difficult>0</difficult>
		<bndbox>
			<xmin>25</xmin>
			<ymin>79</ymin>
			<xmax>716</xmax>
			<ymax>663</ymax>
		</bndbox>
	</object>
</annotation>
