<annotation>
	<folder>bar</folder>
	<filename>8a05310c316a8279f4e56bd17e784f81_d3d3LmphbWVzcHVnaGFzc29jaWF0ZXMuY29tCTE3My4yMDEuMjE2LjYz-1-1.png</filename>
	<path>/home/rahuls/Projects/Data Extraction from charts/Images/bardata(1031)/bar/images/bar/8a05310c316a8279f4e56bd17e784f81_d3d3LmphbWVzcHVnaGFzc29jaWF0ZXMuY29tCTE3My4yMDEuMjE2LjYz-1-1.png</path>
	<source>
		<database>Unknown</database>
	</source>
	<size>
		<width>603</width>
		<height>538</height>
		<depth>3</depth>
	</size>
	<segmented>0</segmented>
	<object>
		<name>bar</name>
		<pose>Unspecified</pose>
		<truncated>0</truncated>
		<difficult>0</difficult>
		<bndbox>
			<xmin>2</xmin>
			<ymin>4</ymin>
			<xmax>599</xmax>
			<ymax>535</ymax>
		</bndbox>
	</object>
</annotation>
