<annotation>
	<folder>bar</folder>
	<filename>8a338a51a974de6615df1bb3e5614181_d3d3Mi5ibGFja3Bvb2wuZ292LnVrCTkxLjI0MC4yMjYuMTQ=.xls-2-0.png</filename>
	<path>/home/rahuls/Projects/Data Extraction from charts/Images/bardata(1031)/bar/images/bar/8a338a51a974de6615df1bb3e5614181_d3d3Mi5ibGFja3Bvb2wuZ292LnVrCTkxLjI0MC4yMjYuMTQ=.xls-2-0.png</path>
	<source>
		<database>Unknown</database>
	</source>
	<size>
		<width>967</width>
		<height>590</height>
		<depth>3</depth>
	</size>
	<segmented>0</segmented>
	<object>
		<name>bar</name>
		<pose>Unspecified</pose>
		<truncated>1</truncated>
		<difficult>0</difficult>
		<bndbox>
			<xmin>11</xmin>
			<ymin>11</ymin>
			<xmax>965</xmax>
			<ymax>590</ymax>
		</bndbox>
	</object>
</annotation>
