<annotation>
	<folder>bar</folder>
	<filename>8a3e8a7aec452c3a1267375377ffc9e6_d3d3LnRyYWN0aW9ucHJvamVjdC5vcmcJNjQuMjEwLjIzMS4xMzc=-1-0.png</filename>
	<path>/home/rahuls/Projects/Data Extraction from charts/Images/bardata(1031)/bar/images/bar/8a3e8a7aec452c3a1267375377ffc9e6_d3d3LnRyYWN0aW9ucHJvamVjdC5vcmcJNjQuMjEwLjIzMS4xMzc=-1-0.png</path>
	<source>
		<database>Unknown</database>
	</source>
	<size>
		<width>483</width>
		<height>300</height>
		<depth>3</depth>
	</size>
	<segmented>0</segmented>
	<object>
		<name>bar</name>
		<pose>Unspecified</pose>
		<truncated>0</truncated>
		<difficult>0</difficult>
		<bndbox>
			<xmin>9</xmin>
			<ymin>10</ymin>
			<xmax>476</xmax>
			<ymax>292</ymax>
		</bndbox>
	</object>
</annotation>
