<annotation>
	<folder>bar</folder>
	<filename>8a65d61e46f8f92a4c5be2ed012f7d8c_d3d3LnN0YXRpc3RpcXVlcy5kZXZlbG9wcGVtZW50LWR1cmFibGUuZ291di5mcgkzNy4yMzUuODkuMTA3.xls-1-0.png</filename>
	<path>/home/rahuls/Projects/Data Extraction from charts/Images/bardata(1031)/bar/images/bar/8a65d61e46f8f92a4c5be2ed012f7d8c_d3d3LnN0YXRpc3RpcXVlcy5kZXZlbG9wcGVtZW50LWR1cmFibGUuZ291di5mcgkzNy4yMzUuODkuMTA3.xls-1-0.png</path>
	<source>
		<database>Unknown</database>
	</source>
	<size>
		<width>961</width>
		<height>633</height>
		<depth>3</depth>
	</size>
	<segmented>0</segmented>
	<object>
		<name>bar</name>
		<pose>Unspecified</pose>
		<truncated>0</truncated>
		<difficult>0</difficult>
		<bndbox>
			<xmin>52</xmin>
			<ymin>7</ymin>
			<xmax>849</xmax>
			<ymax>574</ymax>
		</bndbox>
	</object>
</annotation>
