<annotation>
	<folder>bar</folder>
	<filename>8aa565d9287bd30504d56d4847e13419_d3d3LmVsaXNhbmV0LmZpCTE5My4yMjkuOS4xOTA=.xls-3-0.png</filename>
	<path>/home/rahuls/Projects/Data Extraction from charts/Images/bardata(1031)/bar/images/bar/8aa565d9287bd30504d56d4847e13419_d3d3LmVsaXNhbmV0LmZpCTE5My4yMjkuOS4xOTA=.xls-3-0.png</path>
	<source>
		<database>Unknown</database>
	</source>
	<size>
		<width>513</width>
		<height>273</height>
		<depth>3</depth>
	</size>
	<segmented>0</segmented>
	<object>
		<name>bar</name>
		<pose>Unspecified</pose>
		<truncated>0</truncated>
		<difficult>0</difficult>
		<bndbox>
			<xmin>106</xmin>
			<ymin>10</ymin>
			<xmax>433</xmax>
			<ymax>271</ymax>
		</bndbox>
	</object>
</annotation>
