<annotation>
	<folder>bar</folder>
	<filename>8aaadd3db9830df0a1f5c8500003ef2c_d3d3LmVlYS5ldXJvcGEuZXUJODcuNTQuNy4xNTU=.xls-0-0.png</filename>
	<path>/home/rahuls/Projects/Data Extraction from charts/Images/bardata(1031)/bar/images/bar/8aaadd3db9830df0a1f5c8500003ef2c_d3d3LmVlYS5ldXJvcGEuZXUJODcuNTQuNy4xNTU=.xls-0-0.png</path>
	<source>
		<database>Unknown</database>
	</source>
	<size>
		<width>967</width>
		<height>590</height>
		<depth>3</depth>
	</size>
	<segmented>0</segmented>
	<object>
		<name>bar</name>
		<pose>Unspecified</pose>
		<truncated>0</truncated>
		<difficult>0</difficult>
		<bndbox>
			<xmin>15</xmin>
			<ymin>27</ymin>
			<xmax>951</xmax>
			<ymax>572</ymax>
		</bndbox>
	</object>
</annotation>
