<annotation>
	<folder>bar</folder>
	<filename>8ab0b4900eb7aac1ad3c60a0197c009c_d3d3LmFya2l0ZWt0dXIubm8JMTk1LjI2LjAuMTk3.xls-12-0.png</filename>
	<path>/home/rahuls/Projects/Data Extraction from charts/Images/bardata(1031)/bar/images/bar/8ab0b4900eb7aac1ad3c60a0197c009c_d3d3LmFya2l0ZWt0dXIubm8JMTk1LjI2LjAuMTk3.xls-12-0.png</path>
	<source>
		<database>Unknown</database>
	</source>
	<size>
		<width>784</width>
		<height>464</height>
		<depth>3</depth>
	</size>
	<segmented>0</segmented>
	<object>
		<name>bar</name>
		<pose>Unspecified</pose>
		<truncated>1</truncated>
		<difficult>0</difficult>
		<bndbox>
			<xmin>8</xmin>
			<ymin>10</ymin>
			<xmax>784</xmax>
			<ymax>464</ymax>
		</bndbox>
	</object>
</annotation>
