<annotation>
	<folder>bar</folder>
	<filename>8afca0fa8bec2daf198bc2a09c6f0918_cGV0YnVyaS5nby50aAkxMDMuNC4yMTcuMw==.xls-6-0.png</filename>
	<path>/home/rahuls/Projects/Data Extraction from charts/Images/bardata(1031)/bar/images/bar/8afca0fa8bec2daf198bc2a09c6f0918_cGV0YnVyaS5nby50aAkxMDMuNC4yMTcuMw==.xls-6-0.png</path>
	<source>
		<database>Unknown</database>
	</source>
	<size>
		<width>740</width>
		<height>390</height>
		<depth>3</depth>
	</size>
	<segmented>0</segmented>
	<object>
		<name>bar</name>
		<pose>Unspecified</pose>
		<truncated>0</truncated>
		<difficult>0</difficult>
		<bndbox>
			<xmin>37</xmin>
			<ymin>6</ymin>
			<xmax>717</xmax>
			<ymax>376</ymax>
		</bndbox>
	</object>
</annotation>
