<annotation>
	<folder>val2019</folder>
	<filename>fa15b8d2e1f1c2fe0a1768ae04c30f16_d3d3LmZhcmluLmNvbQk2NC4yNTEuMjA4LjI5-3-3.png</filename>
	<path>/home/user/sample/val2019/fa15b8d2e1f1c2fe0a1768ae04c30f16_d3d3LmZhcmluLmNvbQk2NC4yNTEuMjA4LjI5-3-3.png</path>
	<source>
		<database>Unknown</database>
	</source>
	<size>
		<width>438</width>
		<height>253</height>
		<depth>3</depth>
	</size>
	<segmented>0</segmented>
	<object>
		<name>line</name>
		<pose>Unspecified</pose>
		<truncated>0</truncated>
		<difficult>0</difficult>
		<bndbox>
			<xmin>12</xmin>
			<ymin>11</ymin>
			<xmax>417</xmax>
			<ymax>243</ymax>
		</bndbox>
	</object>
</annotation>
