<annotation>
	<folder>val2019</folder>
	<filename>fa19606619257676f907c428aae3ceda_d3d3LmZyYW5iaXpuZXR3b3JrLmNvbQk3Ny4xMDQuMTU2LjIzNQ==.xls-2-0.png</filename>
	<path>/home/user/sample/val2019/fa19606619257676f907c428aae3ceda_d3d3LmZyYW5iaXpuZXR3b3JrLmNvbQk3Ny4xMDQuMTU2LjIzNQ==.xls-2-0.png</path>
	<source>
		<database>Unknown</database>
	</source>
	<size>
		<width>1532</width>
		<height>494</height>
		<depth>3</depth>
	</size>
	<segmented>0</segmented>
	<object>
		<name>line</name>
		<pose>Unspecified</pose>
		<truncated>1</truncated>
		<difficult>0</difficult>
		<bndbox>
			<xmin>93</xmin>
			<ymin>16</ymin>
			<xmax>1532</xmax>
			<ymax>494</ymax>
		</bndbox>
	</object>
</annotation>
