<annotation>
	<folder>val2019</folder>
	<filename>fa1bd5ecced036e9259891a33894da0a_d3d3LnB1bGxiYWNrLmVzCTUyLjE2LjcuMjQ=-0-0.png</filename>
	<path>/home/user/sample/val2019/fa1bd5ecced036e9259891a33894da0a_d3d3LnB1bGxiYWNrLmVzCTUyLjE2LjcuMjQ=-0-0.png</path>
	<source>
		<database>Unknown</database>
	</source>
	<size>
		<width>481</width>
		<height>289</height>
		<depth>3</depth>
	</size>
	<segmented>0</segmented>
	<object>
		<name>line</name>
		<pose>Unspecified</pose>
		<truncated>0</truncated>
		<difficult>0</difficult>
		<bndbox>
			<xmin>16</xmin>
			<ymin>15</ymin>
			<xmax>476</xmax>
			<ymax>286</ymax>
		</bndbox>
	</object>
</annotation>
