<annotation>
	<folder>val2019</folder>
	<filename>fa41521d20591422b882dca9f11a51b1_Y2FjaGUubWVkaWEuZW5zZWlnbmVtZW50c3VwLXJlY2hlcmNoZS5nb3V2LmZyCTE4NS43NS4xNDMuMjg=.xls-4-1.png</filename>
	<path>/home/user/sample/val2019/fa41521d20591422b882dca9f11a51b1_Y2FjaGUubWVkaWEuZW5zZWlnbmVtZW50c3VwLXJlY2hlcmNoZS5nb3V2LmZyCTE4NS43NS4xNDMuMjg=.xls-4-1.png</path>
	<source>
		<database>Unknown</database>
	</source>
	<size>
		<width>807</width>
		<height>472</height>
		<depth>3</depth>
	</size>
	<segmented>0</segmented>
	<object>
		<name>line</name>
		<pose>Unspecified</pose>
		<truncated>1</truncated>
		<difficult>0</difficult>
		<bndbox>
			<xmin>14</xmin>
			<ymin>26</ymin>
			<xmax>807</xmax>
			<ymax>458</ymax>
		</bndbox>
	</object>
</annotation>
