<annotation>
	<folder>val2019</folder>
	<filename>fa53168b1f5e166f5195258bbe97b789_d3d3LmthbnNhaS5tZXRpLmdvLmpwCTEwNC44MC44OS43NQ==.xls-0-0.png</filename>
	<path>/home/user/sample/val2019/fa53168b1f5e166f5195258bbe97b789_d3d3LmthbnNhaS5tZXRpLmdvLmpwCTEwNC44MC44OS43NQ==.xls-0-0.png</path>
	<source>
		<database>Unknown</database>
	</source>
	<size>
		<width>500</width>
		<height>372</height>
		<depth>3</depth>
	</size>
	<segmented>0</segmented>
	<object>
		<name>line</name>
		<pose>Unspecified</pose>
		<truncated>1</truncated>
		<difficult>0</difficult>
		<bndbox>
			<xmin>6</xmin>
			<ymin>3</ymin>
			<xmax>500</xmax>
			<ymax>371</ymax>
		</bndbox>
	</object>
</annotation>
