<annotation>
	<folder>val2019</folder>
	<filename>fa567eb78f53d0f32ff76b33694d223a_d3d3Lmp1bnRhZGVhbmRhbHVjaWEuZXMJMjE3LjEyLjE2Ljgx.xls-0-0.png</filename>
	<path>/home/user/sample/val2019/fa567eb78f53d0f32ff76b33694d223a_d3d3Lmp1bnRhZGVhbmRhbHVjaWEuZXMJMjE3LjEyLjE2Ljgx.xls-0-0.png</path>
	<source>
		<database>Unknown</database>
	</source>
	<size>
		<width>722</width>
		<height>303</height>
		<depth>3</depth>
	</size>
	<segmented>0</segmented>
	<object>
		<name>line</name>
		<pose>Unspecified</pose>
		<truncated>0</truncated>
		<difficult>0</difficult>
		<bndbox>
			<xmin>5</xmin>
			<ymin>9</ymin>
			<xmax>719</xmax>
			<ymax>300</ymax>
		</bndbox>
	</object>
</annotation>
