<annotation>
	<folder>val2019</folder>
	<filename>fa5fc1536956880c8a2104f0ac636a41_a3Nyb3dlbGwuY29tCTIwNS4xODYuMTgzLjE0Ng==-0-1.png</filename>
	<path>/home/user/sample/val2019/fa5fc1536956880c8a2104f0ac636a41_a3Nyb3dlbGwuY29tCTIwNS4xODYuMTgzLjE0Ng==-0-1.png</path>
	<source>
		<database>Unknown</database>
	</source>
	<size>
		<width>476</width>
		<height>274</height>
		<depth>3</depth>
	</size>
	<segmented>0</segmented>
	<object>
		<name>line</name>
		<pose>Unspecified</pose>
		<truncated>0</truncated>
		<difficult>0</difficult>
		<bndbox>
			<xmin>10</xmin>
			<ymin>15</ymin>
			<xmax>471</xmax>
			<ymax>265</ymax>
		</bndbox>
	</object>
</annotation>
