<annotation>
	<folder>val2019</folder>
	<filename>fa638c529e4a8ea27c42f2f097b63647_d3d3LmFycGEudmVuZXRvLml0CTg5Ljk2LjIzNC4yNDQ=.xls-5-0.png</filename>
	<path>/home/user/sample/val2019/fa638c529e4a8ea27c42f2f097b63647_d3d3LmFycGEudmVuZXRvLml0CTg5Ljk2LjIzNC4yNDQ=.xls-5-0.png</path>
	<source>
		<database>Unknown</database>
	</source>
	<size>
		<width>492</width>
		<height>270</height>
		<depth>3</depth>
	</size>
	<segmented>0</segmented>
	<object>
		<name>line</name>
		<pose>Unspecified</pose>
		<truncated>1</truncated>
		<difficult>0</difficult>
		<bndbox>
			<xmin>15</xmin>
			<ymin>17</ymin>
			<xmax>492</xmax>
			<ymax>257</ymax>
		</bndbox>
	</object>
</annotation>
