<annotation>
	<folder>val2019</folder>
	<filename>fa646233fe6ed558f0b0dd5411a8ee3c_d3d3LmV4dGVuZGEuZXMJMjE3LjEyLjI4LjExNw==.xls-2-0.png</filename>
	<path>/home/user/sample/val2019/fa646233fe6ed558f0b0dd5411a8ee3c_d3d3LmV4dGVuZGEuZXMJMjE3LjEyLjI4LjExNw==.xls-2-0.png</path>
	<source>
		<database>Unknown</database>
	</source>
	<size>
		<width>473</width>
		<height>245</height>
		<depth>3</depth>
	</size>
	<segmented>0</segmented>
	<object>
		<name>line</name>
		<pose>Unspecified</pose>
		<truncated>1</truncated>
		<difficult>0</difficult>
		<bndbox>
			<xmin>5</xmin>
			<ymin>2</ymin>
			<xmax>473</xmax>
			<ymax>245</ymax>
		</bndbox>
	</object>
</annotation>
