<annotation>
	<folder>val2019</folder>
	<filename>fa6bb4be220b44158ef31102c1175278_d3d3LndlYXRoZXJmb3JzY2hvb2xzLm1lLnVrCTk0LjEzNi40MC4xMDM=.xls-0-3.png</filename>
	<path>/home/user/sample/val2019/fa6bb4be220b44158ef31102c1175278_d3d3LndlYXRoZXJmb3JzY2hvb2xzLm1lLnVrCTk0LjEzNi40MC4xMDM=.xls-0-3.png</path>
	<source>
		<database>Unknown</database>
	</source>
	<size>
		<width>677</width>
		<height>428</height>
		<depth>3</depth>
	</size>
	<segmented>0</segmented>
	<object>
		<name>line</name>
		<pose>Unspecified</pose>
		<truncated>1</truncated>
		<difficult>0</difficult>
		<bndbox>
			<xmin>14</xmin>
			<ymin>10</ymin>
			<xmax>677</xmax>
			<ymax>428</ymax>
		</bndbox>
	</object>
</annotation>
