<annotation>
	<folder>val2019</folder>
	<filename>fa6f5dc54452cf3fe1be20ce5de99239_d3d3LnN0YWR0ZW50d2lja2x1bmcuYmVybGluLmRlCTE0MS4xNS40LjE3.xls-0-4.png</filename>
	<path>/home/user/sample/val2019/fa6f5dc54452cf3fe1be20ce5de99239_d3d3LnN0YWR0ZW50d2lja2x1bmcuYmVybGluLmRlCTE0MS4xNS40LjE3.xls-0-4.png</path>
	<source>
		<database>Unknown</database>
	</source>
	<size>
		<width>821</width>
		<height>643</height>
		<depth>3</depth>
	</size>
	<segmented>0</segmented>
	<object>
		<name>line</name>
		<pose>Unspecified</pose>
		<truncated>1</truncated>
		<difficult>0</difficult>
		<bndbox>
			<xmin>9</xmin>
			<ymin>29</ymin>
			<xmax>818</xmax>
			<ymax>643</ymax>
		</bndbox>
	</object>
</annotation>
