<annotation>
	<folder>val2019</folder>
	<filename>fa70c25019c833cef871df793ce88901_d3d3LmVuaXNhLmV1cm9wYS5ldQkyMTIuMTQ2LjEwNS4xMDQ=-23-0.png</filename>
	<path>/home/user/sample/val2019/fa70c25019c833cef871df793ce88901_d3d3LmVuaXNhLmV1cm9wYS5ldQkyMTIuMTQ2LjEwNS4xMDQ=-23-0.png</path>
	<source>
		<database>Unknown</database>
	</source>
	<size>
		<width>487</width>
		<height>425</height>
		<depth>1</depth>
	</size>
	<segmented>0</segmented>
	<object>
		<name>line</name>
		<pose>Unspecified</pose>
		<truncated>1</truncated>
		<difficult>0</difficult>
		<bndbox>
			<xmin>14</xmin>
			<ymin>56</ymin>
			<xmax>487</xmax>
			<ymax>425</ymax>
		</bndbox>
	</object>
</annotation>
