<annotation>
	<folder>val2019</folder>
	<filename>fa7c7f81f60e45a5e7bb7189257bce10_d3d3Lm1hZHJpZC5vcmcJNC4yNy44LjEyNg==.xls-3-0.png</filename>
	<path>/home/user/sample/val2019/fa7c7f81f60e45a5e7bb7189257bce10_d3d3Lm1hZHJpZC5vcmcJNC4yNy44LjEyNg==.xls-3-0.png</path>
	<source>
		<database>Unknown</database>
	</source>
	<size>
		<width>971</width>
		<height>382</height>
		<depth>3</depth>
	</size>
	<segmented>0</segmented>
	<object>
		<name>line</name>
		<pose>Unspecified</pose>
		<truncated>1</truncated>
		<difficult>0</difficult>
		<bndbox>
			<xmin>1</xmin>
			<ymin>40</ymin>
			<xmax>953</xmax>
			<ymax>346</ymax>
		</bndbox>
	</object>
</annotation>
