<annotation>
	<folder>val2019</folder>
	<filename>fa8c6c84cd62883433cede81fe5ba273_ZmxpcHBhLmNvbQkxMDQuMTYuMjUuMTc5.xls-6-0.png</filename>
	<path>/home/user/sample/val2019/fa8c6c84cd62883433cede81fe5ba273_ZmxpcHBhLmNvbQkxMDQuMTYuMjUuMTc5.xls-6-0.png</path>
	<source>
		<database>Unknown</database>
	</source>
	<size>
		<width>475</width>
		<height>290</height>
		<depth>3</depth>
	</size>
	<segmented>0</segmented>
	<object>
		<name>line</name>
		<pose>Unspecified</pose>
		<truncated>1</truncated>
		<difficult>0</difficult>
		<bndbox>
			<xmin>1</xmin>
			<ymin>11</ymin>
			<xmax>452</xmax>
			<ymax>285</ymax>
		</bndbox>
	</object>
</annotation>
