<annotation>
	<folder>val2019</folder>
	<filename>fa9124e7793969dd3e7731d91656cbde_Z2VzdGlvbmEubWFkcmlkLm9yZwkxOTUuNzcuMTI4LjMw.xls-0-0.png</filename>
	<path>/home/user/sample/val2019/fa9124e7793969dd3e7731d91656cbde_Z2VzdGlvbmEubWFkcmlkLm9yZwkxOTUuNzcuMTI4LjMw.xls-0-0.png</path>
	<source>
		<database>Unknown</database>
	</source>
	<size>
		<width>616</width>
		<height>370</height>
		<depth>3</depth>
	</size>
	<segmented>0</segmented>
	<object>
		<name>line</name>
		<pose>Unspecified</pose>
		<truncated>1</truncated>
		<difficult>0</difficult>
		<bndbox>
			<xmin>6</xmin>
			<ymin>5</ymin>
			<xmax>616</xmax>
			<ymax>370</ymax>
		</bndbox>
	</object>
</annotation>
