<annotation>
	<folder>val2019</folder>
	<filename>fa9f86c091cc576d8aa6c23fdc62bbdc_cmFyLWJtLmRrCTIxMi45Ny4xMzAuMTIx-2-2.png</filename>
	<path>/home/user/sample/val2019/fa9f86c091cc576d8aa6c23fdc62bbdc_cmFyLWJtLmRrCTIxMi45Ny4xMzAuMTIx-2-2.png</path>
	<source>
		<database>Unknown</database>
	</source>
	<size>
		<width>511</width>
		<height>305</height>
		<depth>3</depth>
	</size>
	<segmented>0</segmented>
	<object>
		<name>line</name>
		<pose>Unspecified</pose>
		<truncated>1</truncated>
		<difficult>0</difficult>
		<bndbox>
			<xmin>8</xmin>
			<ymin>5</ymin>
			<xmax>485</xmax>
			<ymax>305</ymax>
		</bndbox>
	</object>
</annotation>
