<annotation>
	<folder>val2019</folder>
	<filename>fac8a6e38595acbe79e3ec89a3963935_d3d3LmV4Y2VsLWRvd25sb2Fkcy5jb20JOTEuMTIxLjMzLjM2-1-0.png</filename>
	<path>/home/user/sample/val2019/fac8a6e38595acbe79e3ec89a3963935_d3d3LmV4Y2VsLWRvd25sb2Fkcy5jb20JOTEuMTIxLjMzLjM2-1-0.png</path>
	<source>
		<database>Unknown</database>
	</source>
	<size>
		<width>481</width>
		<height>292</height>
		<depth>3</depth>
	</size>
	<segmented>0</segmented>
	<object>
		<name>line</name>
		<pose>Unspecified</pose>
		<truncated>0</truncated>
		<difficult>0</difficult>
		<bndbox>
			<xmin>8</xmin>
			<ymin>10</ymin>
			<xmax>450</xmax>
			<ymax>291</ymax>
		</bndbox>
	</object>
</annotation>
