<annotation>
	<folder>val2019</folder>
	<filename>faca432a76c02f54a45ec4e402e908e1_d3d3LnRhb3l1YW5haXJwb3J0LmNvbS50dwk2MC4yNTEuMTg0LjE3Mw==.xls-0-1.png</filename>
	<path>/home/user/sample/val2019/faca432a76c02f54a45ec4e402e908e1_d3d3LnRhb3l1YW5haXJwb3J0LmNvbS50dwk2MC4yNTEuMTg0LjE3Mw==.xls-0-1.png</path>
	<source>
		<database>Unknown</database>
	</source>
	<size>
		<width>711</width>
		<height>375</height>
		<depth>3</depth>
	</size>
	<segmented>0</segmented>
	<object>
		<name>line</name>
		<pose>Unspecified</pose>
		<truncated>0</truncated>
		<difficult>0</difficult>
		<bndbox>
			<xmin>16</xmin>
			<ymin>7</ymin>
			<xmax>707</xmax>
			<ymax>367</ymax>
		</bndbox>
	</object>
</annotation>
