<annotation>
	<folder>val2019</folder>
	<filename>fad01482a48d716b439aabc5c14b3dc5_d3d3LnByZWYudG90dG9yaS5sZy5qcAkyMTkuMTA2LjIyMC4xNDI=.xls-0-1.png</filename>
	<path>/home/user/sample/val2019/fad01482a48d716b439aabc5c14b3dc5_d3d3LnByZWYudG90dG9yaS5sZy5qcAkyMTkuMTA2LjIyMC4xNDI=.xls-0-1.png</path>
	<source>
		<database>Unknown</database>
	</source>
	<size>
		<width>344</width>
		<height>271</height>
		<depth>3</depth>
	</size>
	<segmented>0</segmented>
	<object>
		<name>line</name>
		<pose>Unspecified</pose>
		<truncated>1</truncated>
		<difficult>0</difficult>
		<bndbox>
			<xmin>4</xmin>
			<ymin>10</ymin>
			<xmax>342</xmax>
			<ymax>271</ymax>
		</bndbox>
	</object>
</annotation>
