<annotation>
	<folder>val2019</folder>
	<filename>fad954a5e8e8b06c05b7f66f3a6e40bf_d3d3LnByZWYuZnVrdXNoaW1hLmxnLmpwCTIxMC4yNDguMTc3LjEyNg==.xls-0-1.png</filename>
	<path>/home/user/sample/val2019/fad954a5e8e8b06c05b7f66f3a6e40bf_d3d3LnByZWYuZnVrdXNoaW1hLmxnLmpwCTIxMC4yNDguMTc3LjEyNg==.xls-0-1.png</path>
	<source>
		<database>Unknown</database>
	</source>
	<size>
		<width>456</width>
		<height>432</height>
		<depth>3</depth>
	</size>
	<segmented>0</segmented>
	<object>
		<name>line</name>
		<pose>Unspecified</pose>
		<truncated>1</truncated>
		<difficult>0</difficult>
		<bndbox>
			<xmin>1</xmin>
			<ymin>7</ymin>
			<xmax>456</xmax>
			<ymax>417</ymax>
		</bndbox>
	</object>
</annotation>
