<annotation>
	<folder>JPEGImages</folder>
	<filename>10.jpg</filename>
	<path>/home/user/deeprule/format image/JPEGImages/10.jpg</path>
	<source>
		<database>Unknown</database>
	</source>
	<size>
		<width>800</width>
		<height>500</height>
		<depth>3</depth>
	</size>
	<segmented>0</segmented>
	<object>
		<name>bar</name>
		<pose>Unspecified</pose>
		<truncated>0</truncated>
		<difficult>0</difficult>
		<bndbox>
			<xmin>64</xmin>
			<ymin>101</ymin>
			<xmax>747</xmax>
			<ymax>460</ymax>
		</bndbox>
	</object>
</annotation>
