<annotation>
	<folder>JPEGImages</folder>
	<filename>462.jpg</filename>
	<path>/home/user/deeprule/format image/JPEGImages/462.jpg</path>
	<source>
		<database>Unknown</database>
	</source>
	<size>
		<width>486</width>
		<height>333</height>
		<depth>3</depth>
	</size>
	<segmented>0</segmented>
	<object>
		<name>line</name>
		<pose>Unspecified</pose>
		<truncated>1</truncated>
		<difficult>0</difficult>
		<bndbox>
			<xmin>4</xmin>
			<ymin>1</ymin>
			<xmax>486</xmax>
			<ymax>333</ymax>
		</bndbox>
	</object>
</annotation>
