<annotation>
	<folder>JPEGImages</folder>
	<filename>80.jpg</filename>
	<path>/home/user/deeprule/format image/JPEGImages/80.jpg</path>
	<source>
		<database>Unknown</database>
	</source>
	<size>
		<width>499</width>
		<height>333</height>
		<depth>3</depth>
	</size>
	<segmented>0</segmented>
	<object>
		<name>bar</name>
		<pose>Unspecified</pose>
		<truncated>0</truncated>
		<difficult>0</difficult>
		<bndbox>
			<xmin>181</xmin>
			<ymin>29</ymin>
			<xmax>475</xmax>
			<ymax>320</ymax>
		</bndbox>
	</object>
</annotation>
