<annotation>
	<folder>JPEGImages</folder>
	<filename>808.jpg</filename>
	<path>/home/user/deeprule/format image/JPEGImages/808.jpg</path>
	<source>
		<database>Unknown</database>
	</source>
	<size>
		<width>595</width>
		<height>374</height>
		<depth>3</depth>
	</size>
	<segmented>0</segmented>
	<object>
		<name>line</name>
		<pose>Unspecified</pose>
		<truncated>0</truncated>
		<difficult>0</difficult>
		<bndbox>
			<xmin>27</xmin>
			<ymin>12</ymin>
			<xmax>585</xmax>
			<ymax>368</ymax>
		</bndbox>
	</object>
</annotation>
