<annotation>
	<folder>JPEGImages</folder>
	<filename>820.jpg</filename>
	<path>/home/user/deeprule/format image/JPEGImages/820.jpg</path>
	<source>
		<database>Unknown</database>
	</source>
	<size>
		<width>500</width>
		<height>377</height>
		<depth>3</depth>
	</size>
	<segmented>0</segmented>
	<object>
		<name>bar</name>
		<pose>Unspecified</pose>
		<truncated>0</truncated>
		<difficult>0</difficult>
		<bndbox>
			<xmin>34</xmin>
			<ymin>29</ymin>
			<xmax>475</xmax>
			<ymax>367</ymax>
		</bndbox>
	</object>
</annotation>
