<annotation>
	<folder>JPEGImages</folder>
	<filename>825.jpeg</filename>
	<path>/home/user/deeprule/format image/JPEGImages/825.jpeg</path>
	<source>
		<database>Unknown</database>
	</source>
	<size>
		<width>300</width>
		<height>168</height>
		<depth>3</depth>
	</size>
	<segmented>0</segmented>
	<object>
		<name>bar</name>
		<pose>Unspecified</pose>
		<truncated>0</truncated>
		<difficult>0</difficult>
		<bndbox>
			<xmin>10</xmin>
			<ymin>47</ymin>
			<xmax>106</xmax>
			<ymax>123</ymax>
		</bndbox>
	</object>
	<object>
		<name>bar</name>
		<pose>Unspecified</pose>
		<truncated>0</truncated>
		<difficult>0</difficult>
		<bndbox>
			<xmin>151</xmin>
			<ymin>41</ymin>
			<xmax>254</xmax>
			<ymax>122</ymax>
		</bndbox>
	</object>
</annotation>
