<annotation>
	<folder>JPEGImages</folder>
	<filename>857.jpg</filename>
	<path>/home/user/deeprule/format image/JPEGImages/857.jpg</path>
	<source>
		<database>Unknown</database>
	</source>
	<size>
		<width>1280</width>
		<height>720</height>
		<depth>3</depth>
	</size>
	<segmented>0</segmented>
	<object>
		<name>line</name>
		<pose>Unspecified</pose>
		<truncated>0</truncated>
		<difficult>0</difficult>
		<bndbox>
			<xmin>698</xmin>
			<ymin>72</ymin>
			<xmax>1221</xmax>
			<ymax>448</ymax>
		</bndbox>
	</object>
</annotation>
