<annotation>
	<folder>JPEGImages</folder>
	<filename>888.jpeg</filename>
	<path>/home/user/deeprule/format image/JPEGImages/888.jpeg</path>
	<source>
		<database>Unknown</database>
	</source>
	<size>
		<width>266</width>
		<height>189</height>
		<depth>3</depth>
	</size>
	<segmented>0</segmented>
	<object>
		<name>bar</name>
		<pose>Unspecified</pose>
		<truncated>0</truncated>
		<difficult>0</difficult>
		<bndbox>
			<xmin>19</xmin>
			<ymin>35</ymin>
			<xmax>226</xmax>
			<ymax>181</ymax>
		</bndbox>
	</object>
</annotation>
