<annotation>
	<folder>JPEGImages</folder>
	<filename>10.jpeg</filename>
	<path>/home/user/deeprule/chartdata/JPEGImages/10.jpeg</path>
	<source>
		<database>Unknown</database>
	</source>
	<size>
		<width>800</width>
		<height>500</height>
		<depth>3</depth>
	</size>
	<segmented>0</segmented>
	<object>
		<name>bar</name>
		<pose>Unspecified</pose>
		<truncated>0</truncated>
		<difficult>0</difficult>
		<bndbox>
			<xmin>31</xmin>
			<ymin>82</ymin>
			<xmax>769</xmax>
			<ymax>491</ymax>
		</bndbox>
	</object>
</annotation>
