<annotation>
	<folder>bar</folder>
	<filename>8a34af403f5eb0b46095e5e7ddd767ed_d3d3LnJlbnNhLm5sCTIxNy4yNi4xMjQuMTQ4.xls-7-0.png</filename>
	<path>/home/rahuls/Projects/Data Extraction from charts/Images/bardata(1031)/bar/images/bar/8a34af403f5eb0b46095e5e7ddd767ed_d3d3LnJlbnNhLm5sCTIxNy4yNi4xMjQuMTQ4.xls-7-0.png</path>
	<source>
		<database>Unknown</database>
	</source>
	<size>
		<width>1283</width>
		<height>718</height>
		<depth>3</depth>
	</size>
	<segmented>0</segmented>
	<object>
		<name>bar</name>
		<pose>Unspecified</pose>
		<truncated>1</truncated>
		<difficult>0</difficult>
		<bndbox>
			<xmin>9</xmin>
			<ymin>10</ymin>
			<xmax>1283</xmax>
			<ymax>711</ymax>
		</bndbox>
	</object>
</annotation>
