<annotation>
	<folder>bar</folder>
	<filename>8a64fc17ba67d4f29e088d032acb68b7_aW50cmFuZXQuZG9wLmdvLnRoCTIyMS4xMjguMTAxLjQ=.xls-4-4.png</filename>
	<path>/home/rahuls/Projects/Data Extraction from charts/Images/bardata(1031)/bar/images/bar/8a64fc17ba67d4f29e088d032acb68b7_aW50cmFuZXQuZG9wLmdvLnRoCTIyMS4xMjguMTAxLjQ=.xls-4-4.png</path>
	<source>
		<database>Unknown</database>
	</source>
	<size>
		<width>520</width>
		<height>320</height>
		<depth>3</depth>
	</size>
	<segmented>0</segmented>
	<object>
		<name>bar</name>
		<pose>Unspecified</pose>
		<truncated>0</truncated>
		<difficult>0</difficult>
		<bndbox>
			<xmin>5</xmin>
			<ymin>24</ymin>
			<xmax>518</xmax>
			<ymax>319</ymax>
		</bndbox>
	</object>
</annotation>
