<annotation>
	<folder>bar</folder>
	<filename>8b3c13d0d6ce622e941f958ac9ec05b6_a2xldmFzLm1pZi52dS5sdAkxOTMuMjE5LjQyLjE0-12-2.png</filename>
	<path>/home/rahuls/Projects/Data Extraction from charts/Images/bardata(1031)/bar/images/bar/8b3c13d0d6ce622e941f958ac9ec05b6_a2xldmFzLm1pZi52dS5sdAkxOTMuMjE5LjQyLjE0-12-2.png</path>
	<source>
		<database>Unknown</database>
	</source>
	<size>
		<width>1370</width>
		<height>574</height>
		<depth>3</depth>
	</size>
	<segmented>0</segmented>
	<object>
		<name>bar</name>
		<pose>Unspecified</pose>
		<truncated>0</truncated>
		<difficult>0</difficult>
		<bndbox>
			<xmin>23</xmin>
			<ymin>7</ymin>
			<xmax>1365</xmax>
			<ymax>561</ymax>
		</bndbox>
	</object>
</annotation>
