<annotation>
	<folder>val2019</folder>
	<filename>fa4545b27973a9e98fa4c8c69b8bdb6e_d3d3LnN0YXRpc3Rpay50aHVlcmluZ2VuLmRlCTE5NS4xOTEuMTUuMTU1.xls-5-0.png</filename>
	<path>/home/user/sample/val2019/fa4545b27973a9e98fa4c8c69b8bdb6e_d3d3LnN0YXRpc3Rpay50aHVlcmluZ2VuLmRlCTE5NS4xOTEuMTUuMTU1.xls-5-0.png</path>
	<source>
		<database>Unknown</database>
	</source>
	<size>
		<width>605</width>
		<height>359</height>
		<depth>3</depth>
	</size>
	<segmented>0</segmented>
	<object>
		<name>line</name>
		<pose>Unspecified</pose>
		<truncated>0</truncated>
		<difficult>0</difficult>
		<bndbox>
			<xmin>27</xmin>
			<ymin>35</ymin>
			<xmax>602</xmax>
			<ymax>338</ymax>
		</bndbox>
	</object>
</annotation>
