<annotation>
	<folder>val2019</folder>
	<filename>fa745d73cd9a1bc27c993373e53dd1ef_bGluY29sbnNoaXJlZWFzdGNjZy5uaHMudWsJMTc4LjIzOC4xMzkuOTc=-7-0.png</filename>
	<path>/home/user/sample/val2019/fa745d73cd9a1bc27c993373e53dd1ef_bGluY29sbnNoaXJlZWFzdGNjZy5uaHMudWsJMTc4LjIzOC4xMzkuOTc=-7-0.png</path>
	<source>
		<database>Unknown</database>
	</source>
	<size>
		<width>481</width>
		<height>289</height>
		<depth>3</depth>
	</size>
	<segmented>0</segmented>
	<object>
		<name>line</name>
		<pose>Unspecified</pose>
		<truncated>1</truncated>
		<difficult>0</difficult>
		<bndbox>
			<xmin>11</xmin>
			<ymin>8</ymin>
			<xmax>481</xmax>
			<ymax>289</ymax>
		</bndbox>
	</object>
</annotation>
