<annotation>
	<folder>val2019</folder>
	<filename>fa948460bbe69b881f00aa450d0732a2_d3d3LmluZm9jYW0uZ29iLm14CTE4Ny4xNDEuMTAwLjE0-0-0.png</filename>
	<path>/home/user/sample/val2019/fa948460bbe69b881f00aa450d0732a2_d3d3LmluZm9jYW0uZ29iLm14CTE4Ny4xNDEuMTAwLjE0-0-0.png</path>
	<source>
		<database>Unknown</database>
	</source>
	<size>
		<width>857</width>
		<height>521</height>
		<depth>3</depth>
	</size>
	<segmented>0</segmented>
	<object>
		<name>line</name>
		<pose>Unspecified</pose>
		<truncated>1</truncated>
		<difficult>0</difficult>
		<bndbox>
			<xmin>15</xmin>
			<ymin>77</ymin>
			<xmax>857</xmax>
			<ymax>465</ymax>
		</bndbox>
	</object>
</annotation>
