<annotation>
	<folder>val2019</folder>
	<filename>fa99c1b47983fa02b2dedb9ca7204ec3_Y2xpbWF0ZWNoYW5nZWF1dGhvcml0eS5nb3YuYXUJMTAxLjIzNC43NC40Mg==-0-0.png</filename>
	<path>/home/user/sample/val2019/fa99c1b47983fa02b2dedb9ca7204ec3_Y2xpbWF0ZWNoYW5nZWF1dGhvcml0eS5nb3YuYXUJMTAxLjIzNC43NC40Mg==-0-0.png</path>
	<source>
		<database>Unknown</database>
	</source>
	<size>
		<width>510</width>
		<height>266</height>
		<depth>3</depth>
	</size>
	<segmented>0</segmented>
	<object>
		<name>line</name>
		<pose>Unspecified</pose>
		<truncated>1</truncated>
		<difficult>0</difficult>
		<bndbox>
			<xmin>1</xmin>
			<ymin>3</ymin>
			<xmax>510</xmax>
			<ymax>265</ymax>
		</bndbox>
	</object>
</annotation>
