<annotation>
	<folder>val2019</folder>
	<filename>fa9ae67f621f051c00488f9ec934c040_d3d3LnV1c2ltYWEyMDE5LmZpCTE5My45My4xMzQuODM=-10-0.png</filename>
	<path>/home/user/sample/val2019/fa9ae67f621f051c00488f9ec934c040_d3d3LnV1c2ltYWEyMDE5LmZpCTE5My45My4xMzQuODM=-10-0.png</path>
	<source>
		<database>Unknown</database>
	</source>
	<size>
		<width>675</width>
		<height>487</height>
		<depth>3</depth>
	</size>
	<segmented>0</segmented>
	<object>
		<name>line</name>
		<pose>Unspecified</pose>
		<truncated>0</truncated>
		<difficult>0</difficult>
		<bndbox>
			<xmin>11</xmin>
			<ymin>5</ymin>
			<xmax>669</xmax>
			<ymax>476</ymax>
		</bndbox>
	</object>
</annotation>
