<annotation>
	<folder>val2019</folder>
	<filename>fabb92e20561206f92dfb58a9a06ea0e_d3d3LmludmVzdHBlZGlhLmNvbS5icgkxODcuNDUuMjA1Ljg1-0-0.png</filename>
	<path>/home/user/sample/val2019/fabb92e20561206f92dfb58a9a06ea0e_d3d3LmludmVzdHBlZGlhLmNvbS5icgkxODcuNDUuMjA1Ljg1-0-0.png</path>
	<source>
		<database>Unknown</database>
	</source>
	<size>
		<width>394</width>
		<height>392</height>
		<depth>3</depth>
	</size>
	<segmented>0</segmented>
	<object>
		<name>line</name>
		<pose>Unspecified</pose>
		<truncated>0</truncated>
		<difficult>0</difficult>
		<bndbox>
			<xmin>7</xmin>
			<ymin>7</ymin>
			<xmax>387</xmax>
			<ymax>388</ymax>
		</bndbox>
	</object>
</annotation>
