<annotation>
	<folder>val2019</folder>
	<filename>facfc4b80014d1e608f24e586c4c0e6f_bmV1bWFubi5oZWMuY2EJMTMyLjIxMS4xLjM1.xls-0-0.png</filename>
	<path>/home/user/sample/val2019/facfc4b80014d1e608f24e586c4c0e6f_bmV1bWFubi5oZWMuY2EJMTMyLjIxMS4xLjM1.xls-0-0.png</path>
	<source>
		<database>Unknown</database>
	</source>
	<size>
		<width>901</width>
		<height>613</height>
		<depth>3</depth>
	</size>
	<segmented>0</segmented>
	<object>
		<name>line</name>
		<pose>Unspecified</pose>
		<truncated>1</truncated>
		<difficult>0</difficult>
		<bndbox>
			<xmin>10</xmin>
			<ymin>1</ymin>
			<xmax>885</xmax>
			<ymax>613</ymax>
		</bndbox>
	</object>
</annotation>
