<annotation>
	<folder>val2019</folder>
	<filename>fad566a48e0017d6bebad90b2036e976_d3d3LnRlaWhhbC5ncgkxOTUuMTMwLjY1LjQy.xls-1-0.png</filename>
	<path>/home/user/sample/val2019/fad566a48e0017d6bebad90b2036e976_d3d3LnRlaWhhbC5ncgkxOTUuMTMwLjY1LjQy.xls-1-0.png</path>
	<source>
		<database>Unknown</database>
	</source>
	<size>
		<width>448</width>
		<height>292</height>
		<depth>3</depth>
	</size>
	<segmented>0</segmented>
	<object>
		<name>line</name>
		<pose>Unspecified</pose>
		<truncated>0</truncated>
		<difficult>0</difficult>
		<bndbox>
			<xmin>9</xmin>
			<ymin>11</ymin>
			<xmax>434</xmax>
			<ymax>285</ymax>
		</bndbox>
	</object>
</annotation>
