<annotation>
	<folder>JPEGImages</folder>
	<filename>mult2.jpg</filename>
	<path>/home/user/miscs/tt/JPEGImages/mult2.jpg</path>
	<source>
		<database>Unknown</database>
	</source>
	<size>
		<width>2986</width>
		<height>1276</height>
		<depth>3</depth>
	</size>
	<segmented>0</segmented>
	<object>
		<name>pie</name>
		<pose>Unspecified</pose>
		<truncated>0</truncated>
		<difficult>0</difficult>
		<bndbox>
			<xmin>164</xmin>
			<ymin>14</ymin>
			<xmax>835</xmax>
			<ymax>596</ymax>
		</bndbox>
	</object>
	<object>
		<name>pie</name>
		<pose>Unspecified</pose>
		<truncated>0</truncated>
		<difficult>0</difficult>
		<bndbox>
			<xmin>117</xmin>
			<ymin>671</ymin>
			<xmax>885</xmax>
			<ymax>1242</ymax>
		</bndbox>
	</object>
	<object>
		<name>bar</name>
		<pose>Unspecified</pose>
		<truncated>0</truncated>
		<difficult>0</difficult>
		<bndbox>
			<xmin>1085</xmin>
			<ymin>75</ymin>
			<xmax>1735</xmax>
			<ymax>496</ymax>
		</bndbox>
	</object>
	<object>
		<name>bar</name>
		<pose>Unspecified</pose>
		<truncated>0</truncated>
		<difficult>0</difficult>
		<bndbox>
			<xmin>1792</xmin>
			<ymin>17</ymin>
			<xmax>2914</xmax>
			<ymax>682</ymax>
		</bndbox>
	</object>
</annotation>
