<annotation>
	<folder>JPEGImages</folder>
	<filename>3s.jpg</filename>
	<path>/home/user/deeprule/format image/JPEGImages/3s.jpg</path>
	<source>
		<database>Unknown</database>
	</source>
	<size>
		<width>1600</width>
		<height>900</height>
		<depth>3</depth>
	</size>
	<segmented>0</segmented>
	<object>
		<name>bar</name>
		<pose>Unspecified</pose>
		<truncated>0</truncated>
		<difficult>0</difficult>
		<bndbox>
			<xmin>13</xmin>
			<ymin>60</ymin>
			<xmax>1575</xmax>
			<ymax>864</ymax>
		</bndbox>
	</object>
</annotation>
