<annotation>
	<folder>bar</folder>
	<filename>8a092e71da8f3b2059814c3c63969ced_dml0ZWp0ZW5hemVtaS5jZW5pYS5jegkxOTMuMTc5LjE4Ni4z.xls-0-0.png</filename>
	<path>/home/rahuls/Projects/Data Extraction from charts/Images/bardata(1031)/bar/images/bar/8a092e71da8f3b2059814c3c63969ced_dml0ZWp0ZW5hemVtaS5jZW5pYS5jegkxOTMuMTc5LjE4Ni4z.xls-0-0.png</path>
	<source>
		<database>Unknown</database>
	</source>
	<size>
		<width>926</width>
		<height>543</height>
		<depth>3</depth>
	</size>
	<segmented>0</segmented>
	<object>
		<name>bar</name>
		<pose>Unspecified</pose>
		<truncated>0</truncated>
		<difficult>0</difficult>
		<bndbox>
			<xmin>19</xmin>
			<ymin>12</ymin>
			<xmax>903</xmax>
			<ymax>532</ymax>
		</bndbox>
	</object>
</annotation>
