<annotation>
	<folder>bar</folder>
	<filename>8a51930094e4f339f0aaffef8a497092_dnZzeW4uc2UJMTk1Ljc0LjM4LjEyMQ==-2-0.png</filename>
	<path>/home/rahuls/Projects/Data Extraction from charts/Images/bardata(1031)/bar/images/bar/8a51930094e4f339f0aaffef8a497092_dnZzeW4uc2UJMTk1Ljc0LjM4LjEyMQ==-2-0.png</path>
	<source>
		<database>Unknown</database>
	</source>
	<size>
		<width>743</width>
		<height>478</height>
		<depth>3</depth>
	</size>
	<segmented>0</segmented>
	<object>
		<name>bar</name>
		<pose>Unspecified</pose>
		<truncated>1</truncated>
		<difficult>0</difficult>
		<bndbox>
			<xmin>26</xmin>
			<ymin>9</ymin>
			<xmax>725</xmax>
			<ymax>478</ymax>
		</bndbox>
	</object>
</annotation>
