<annotation>
	<folder>bar</folder>
	<filename>8a5ede5b7b935582f318b1ba63c906f5_c3VwZXJpb3IuaXBsLmVkdS5kbwkxOTAuMTY3LjIxMi4xNDg=-7-0.png</filename>
	<path>/home/rahuls/Projects/Data Extraction from charts/Images/bardata(1031)/bar/images/bar/8a5ede5b7b935582f318b1ba63c906f5_c3VwZXJpb3IuaXBsLmVkdS5kbwkxOTAuMTY3LjIxMi4xNDg=-7-0.png</path>
	<source>
		<database>Unknown</database>
	</source>
	<size>
		<width>900</width>
		<height>389</height>
		<depth>3</depth>
	</size>
	<segmented>0</segmented>
	<object>
		<name>bar</name>
		<pose>Unspecified</pose>
		<truncated>0</truncated>
		<difficult>0</difficult>
		<bndbox>
			<xmin>10</xmin>
			<ymin>8</ymin>
			<xmax>898</xmax>
			<ymax>381</ymax>
		</bndbox>
	</object>
</annotation>
