<annotation>
	<folder>bar</folder>
	<filename>8a74089def0029c11ebd4011dba5cdd1_d3d3LmVhdS1wb2l0b3UtY2hhcmVudGVzLm9yZwk5NS4xNDIuMTcxLjE4Mw==.xls-0-3.png</filename>
	<path>/home/rahuls/Projects/Data Extraction from charts/Images/bardata(1031)/bar/images/bar/8a74089def0029c11ebd4011dba5cdd1_d3d3LmVhdS1wb2l0b3UtY2hhcmVudGVzLm9yZwk5NS4xNDIuMTcxLjE4Mw==.xls-0-3.png</path>
	<source>
		<database>Unknown</database>
	</source>
	<size>
		<width>353</width>
		<height>322</height>
		<depth>3</depth>
	</size>
	<segmented>0</segmented>
	<object>
		<name>bar</name>
		<pose>Unspecified</pose>
		<truncated>0</truncated>
		<difficult>0</difficult>
		<bndbox>
			<xmin>25</xmin>
			<ymin>14</ymin>
			<xmax>344</xmax>
			<ymax>311</ymax>
		</bndbox>
	</object>
</annotation>
