<annotation>
	<folder>bar</folder>
	<filename>8a76914b2c137f1acd9410356416dfb4_d3d3Lmdvdi51awkxNTEuMTAxLjUyLjE0NA==.xls-2-0.png</filename>
	<path>/home/rahuls/Projects/Data Extraction from charts/Images/bardata(1031)/bar/images/bar/8a76914b2c137f1acd9410356416dfb4_d3d3Lmdvdi51awkxNTEuMTAxLjUyLjE0NA==.xls-2-0.png</path>
	<source>
		<database>Unknown</database>
	</source>
	<size>
		<width>1189</width>
		<height>366</height>
		<depth>3</depth>
	</size>
	<segmented>0</segmented>
	<object>
		<name>bar</name>
		<pose>Unspecified</pose>
		<truncated>0</truncated>
		<difficult>0</difficult>
		<bndbox>
			<xmin>15</xmin>
			<ymin>7</ymin>
			<xmax>1170</xmax>
			<ymax>363</ymax>
		</bndbox>
	</object>
</annotation>
