<annotation>
	<folder>bar</folder>
	<filename>8ab464036d8e66d7e7af523194ae6458_d3d3LmFnaS5udS5hYy50aAk0OS4yMzEuMzAuMzY=.xls-0-1.png</filename>
	<path>/home/rahuls/Projects/Data Extraction from charts/Images/bardata(1031)/bar/images/bar/8ab464036d8e66d7e7af523194ae6458_d3d3LmFnaS5udS5hYy50aAk0OS4yMzEuMzAuMzY=.xls-0-1.png</path>
	<source>
		<database>Unknown</database>
	</source>
	<size>
		<width>689</width>
		<height>349</height>
		<depth>3</depth>
	</size>
	<segmented>0</segmented>
	<object>
		<name>bar</name>
		<pose>Unspecified</pose>
		<truncated>1</truncated>
		<difficult>0</difficult>
		<bndbox>
			<xmin>51</xmin>
			<ymin>3</ymin>
			<xmax>659</xmax>
			<ymax>349</ymax>
		</bndbox>
	</object>
</annotation>
