<annotation>
	<folder>bar</folder>
	<filename>8ad1a687420c31585b6d1daf7a05a2ac_d3d3LmFzaS5pcwkyMTcuMTcxLjIxNC4xMw==-1-0.png</filename>
	<path>/home/rahuls/Projects/Data Extraction from charts/Images/bardata(1031)/bar/images/bar/8ad1a687420c31585b6d1daf7a05a2ac_d3d3LmFzaS5pcwkyMTcuMTcxLjIxNC4xMw==-1-0.png</path>
	<source>
		<database>Unknown</database>
	</source>
	<size>
		<width>981</width>
		<height>642</height>
		<depth>3</depth>
	</size>
	<segmented>0</segmented>
	<object>
		<name>bar</name>
		<pose>Unspecified</pose>
		<truncated>0</truncated>
		<difficult>0</difficult>
		<bndbox>
			<xmin>6</xmin>
			<ymin>31</ymin>
			<xmax>961</xmax>
			<ymax>619</ymax>
		</bndbox>
	</object>
</annotation>
