<annotation>
	<folder>bar</folder>
	<filename>8b08d826ed5dcfa535213778ec074721_bWVkaWEudXRwLmVkdS5jbwkyMDEuMTMxLjkwLjIz-0-1.png</filename>
	<path>/home/rahuls/Projects/Data Extraction from charts/Images/bardata(1031)/bar/images/bar/8b08d826ed5dcfa535213778ec074721_bWVkaWEudXRwLmVkdS5jbwkyMDEuMTMxLjkwLjIz-0-1.png</path>
	<source>
		<database>Unknown</database>
	</source>
	<size>
		<width>882</width>
		<height>395</height>
		<depth>3</depth>
	</size>
	<segmented>0</segmented>
	<object>
		<name>bar</name>
		<pose>Unspecified</pose>
		<truncated>0</truncated>
		<difficult>0</difficult>
		<bndbox>
			<xmin>9</xmin>
			<ymin>7</ymin>
			<xmax>877</xmax>
			<ymax>388</ymax>
		</bndbox>
	</object>
</annotation>
