<annotation>
	<folder>bar</folder>
	<filename>8b1e13ccd4595fe57e560617622c73c0_d3d3LmFtZ3Jvcy5kawk4Ny41MS4yLjI4-1-0.png</filename>
	<path>/home/rahuls/Projects/Data Extraction from charts/Images/bardata(1031)/bar/images/bar/8b1e13ccd4595fe57e560617622c73c0_d3d3LmFtZ3Jvcy5kawk4Ny41MS4yLjI4-1-0.png</path>
	<source>
		<database>Unknown</database>
	</source>
	<size>
		<width>2039</width>
		<height>654</height>
		<depth>3</depth>
	</size>
	<segmented>0</segmented>
	<object>
		<name>bar</name>
		<pose>Unspecified</pose>
		<truncated>1</truncated>
		<difficult>0</difficult>
		<bndbox>
			<xmin>1</xmin>
			<ymin>13</ymin>
			<xmax>2039</xmax>
			<ymax>642</ymax>
		</bndbox>
	</object>
</annotation>
