<annotation>
	<folder>bar</folder>
	<filename>8b7cbd0a8a434f85e14bad88d3588512_ZWMuZXVyb3BhLmV1CTE0Ny42Ny4xMzYuMTcx-2-0.png</filename>
	<path>/home/rahuls/Projects/Data Extraction from charts/Images/bardata(1031)/bar/images/bar/8b7cbd0a8a434f85e14bad88d3588512_ZWMuZXVyb3BhLmV1CTE0Ny42Ny4xMzYuMTcx-2-0.png</path>
	<source>
		<database>Unknown</database>
	</source>
	<size>
		<width>800</width>
		<height>457</height>
		<depth>3</depth>
	</size>
	<segmented>0</segmented>
	<object>
		<name>bar</name>
		<pose>Unspecified</pose>
		<truncated>1</truncated>
		<difficult>0</difficult>
		<bndbox>
			<xmin>10</xmin>
			<ymin>4</ymin>
			<xmax>800</xmax>
			<ymax>455</ymax>
		</bndbox>
	</object>
</annotation>
