<annotation>
	<folder>bar</folder>
	<filename>8b9c71664d248c92a39562e570b72f1c_d3d3LmhldHRpbmdlci5rMTIubmQudXMJMTM0LjEyOS4xMTEuNDg=-0-0.png</filename>
	<path>/home/rahuls/Projects/Data Extraction from charts/Images/bardata(1031)/bar/images/bar/8b9c71664d248c92a39562e570b72f1c_d3d3LmhldHRpbmdlci5rMTIubmQudXMJMTM0LjEyOS4xMTEuNDg=-0-0.png</path>
	<source>
		<database>Unknown</database>
	</source>
	<size>
		<width>701</width>
		<height>439</height>
		<depth>3</depth>
	</size>
	<segmented>0</segmented>
	<object>
		<name>bar</name>
		<pose>Unspecified</pose>
		<truncated>1</truncated>
		<difficult>0</difficult>
		<bndbox>
			<xmin>7</xmin>
			<ymin>12</ymin>
			<xmax>701</xmax>
			<ymax>439</ymax>
		</bndbox>
	</object>
</annotation>
