<annotation>
	<folder>val2019</folder>
	<filename>fa1d4261daf7d77bbaad4c2bbc67290e_aG9tZS5rZWxsZXkuaXVwdWkuZWR1CTEzNC42OC45My42MA==-14-0.png</filename>
	<path>/home/user/sample/val2019/fa1d4261daf7d77bbaad4c2bbc67290e_aG9tZS5rZWxsZXkuaXVwdWkuZWR1CTEzNC42OC45My42MA==-14-0.png</path>
	<source>
		<database>Unknown</database>
	</source>
	<size>
		<width>717</width>
		<height>495</height>
		<depth>3</depth>
	</size>
	<segmented>0</segmented>
	<object>
		<name>line</name>
		<pose>Unspecified</pose>
		<truncated>0</truncated>
		<difficult>0</difficult>
		<bndbox>
			<xmin>13</xmin>
			<ymin>15</ymin>
			<xmax>711</xmax>
			<ymax>483</ymax>
		</bndbox>
	</object>
</annotation>
