<annotation>
	<folder>val2019</folder>
	<filename>fa2534c25d8a71070e1c428f0a7322d5_aGlzLmN1YWhzaS5vcmcJMTM3LjEzNS4xMTMuMjQ=.xls-8-0.png</filename>
	<path>/home/user/sample/val2019/fa2534c25d8a71070e1c428f0a7322d5_aGlzLmN1YWhzaS5vcmcJMTM3LjEzNS4xMTMuMjQ=.xls-8-0.png</path>
	<source>
		<database>Unknown</database>
	</source>
	<size>
		<width>653</width>
		<height>514</height>
		<depth>3</depth>
	</size>
	<segmented>0</segmented>
	<object>
		<name>line</name>
		<pose>Unspecified</pose>
		<truncated>0</truncated>
		<difficult>0</difficult>
		<bndbox>
			<xmin>19</xmin>
			<ymin>10</ymin>
			<xmax>652</xmax>
			<ymax>489</ymax>
		</bndbox>
	</object>
</annotation>
