<annotation>
	<folder>val2019</folder>
	<filename>fa2de5bfe6a26537d89ac75e5d79eb01_c3RhdGlzdGlrLnRodWVyaW5nZW4uZGUJMTk1LjE5MS4xNS4xNTU=.xls-51-0.png</filename>
	<path>/home/user/sample/val2019/fa2de5bfe6a26537d89ac75e5d79eb01_c3RhdGlzdGlrLnRodWVyaW5nZW4uZGUJMTk1LjE5MS4xNS4xNTU=.xls-51-0.png</path>
	<source>
		<database>Unknown</database>
	</source>
	<size>
		<width>582</width>
		<height>372</height>
		<depth>3</depth>
	</size>
	<segmented>0</segmented>
	<object>
		<name>line</name>
		<pose>Unspecified</pose>
		<truncated>1</truncated>
		<difficult>0</difficult>
		<bndbox>
			<xmin>5</xmin>
			<ymin>46</ymin>
			<xmax>582</xmax>
			<ymax>372</ymax>
		</bndbox>
	</object>
</annotation>
