<annotation>
	<folder>val2019</folder>
	<filename>fa2f078d6d77c5236b2867364afeeb75_cGlpZS5jb20JNzQuMTIxLjE5NC4yMjc=-4-1.png</filename>
	<path>/home/user/sample/val2019/fa2f078d6d77c5236b2867364afeeb75_cGlpZS5jb20JNzQuMTIxLjE5NC4yMjc=-4-1.png</path>
	<source>
		<database>Unknown</database>
	</source>
	<size>
		<width>513</width>
		<height>402</height>
		<depth>3</depth>
	</size>
	<segmented>0</segmented>
	<object>
		<name>line</name>
		<pose>Unspecified</pose>
		<truncated>0</truncated>
		<difficult>0</difficult>
		<bndbox>
			<xmin>3</xmin>
			<ymin>21</ymin>
			<xmax>506</xmax>
			<ymax>396</ymax>
		</bndbox>
	</object>
</annotation>
