<annotation>
	<folder>val2019</folder>
	<filename>fa4a8253c2c6cd07980ba65360c419d2_cmFyLWJtLmRrCTIxMi45Ny4xMzAuMTIx-3-0.png</filename>
	<path>/home/user/sample/val2019/fa4a8253c2c6cd07980ba65360c419d2_cmFyLWJtLmRrCTIxMi45Ny4xMzAuMTIx-3-0.png</path>
	<source>
		<database>Unknown</database>
	</source>
	<size>
		<width>655</width>
		<height>542</height>
		<depth>3</depth>
	</size>
	<segmented>0</segmented>
	<object>
		<name>line</name>
		<pose>Unspecified</pose>
		<truncated>0</truncated>
		<difficult>0</difficult>
		<bndbox>
			<xmin>8</xmin>
			<ymin>4</ymin>
			<xmax>651</xmax>
			<ymax>536</ymax>
		</bndbox>
	</object>
</annotation>
