<annotation>
	<folder>val2019</folder>
	<filename>fa54a0ad3e9d2863f0e2b9b60336c8a1_d3d3LnBhcmFib3JzYS5uZXQJMTA0LjI0LjkuMjA=.xls-0-0.png</filename>
	<path>/home/user/sample/val2019/fa54a0ad3e9d2863f0e2b9b60336c8a1_d3d3LnBhcmFib3JzYS5uZXQJMTA0LjI0LjkuMjA=.xls-0-0.png</path>
	<source>
		<database>Unknown</database>
	</source>
	<size>
		<width>698</width>
		<height>490</height>
		<depth>3</depth>
	</size>
	<segmented>0</segmented>
	<object>
		<name>line</name>
		<pose>Unspecified</pose>
		<truncated>1</truncated>
		<difficult>0</difficult>
		<bndbox>
			<xmin>18</xmin>
			<ymin>5</ymin>
			<xmax>698</xmax>
			<ymax>490</ymax>
		</bndbox>
	</object>
</annotation>
