<annotation>
	<folder>val2019</folder>
	<filename>fa544651814c12e40ee4f82cdd07a2ea_dW5pdi5uYXplbWkuaXIJMTM4LjIwMS4xMzQuMTQw.xls-5-0.png</filename>
	<path>/home/user/sample/val2019/fa544651814c12e40ee4f82cdd07a2ea_dW5pdi5uYXplbWkuaXIJMTM4LjIwMS4xMzQuMTQw.xls-5-0.png</path>
	<source>
		<database>Unknown</database>
	</source>
	<size>
		<width>481</width>
		<height>289</height>
		<depth>3</depth>
	</size>
	<segmented>0</segmented>
	<object>
		<name>line</name>
		<pose>Unspecified</pose>
		<truncated>1</truncated>
		<difficult>0</difficult>
		<bndbox>
			<xmin>44</xmin>
			<ymin>7</ymin>
			<xmax>481</xmax>
			<ymax>282</ymax>
		</bndbox>
	</object>
</annotation>
