<annotation>
	<folder>val2019</folder>
	<filename>fa5fe0ad16ed3d183760e051e0640fd8_d3d3Lm1hcGFtYS5nb2IuZXMJMTA0LjgwLjg4LjExMg==-0-0.png</filename>
	<path>/home/user/sample/val2019/fa5fe0ad16ed3d183760e051e0640fd8_d3d3Lm1hcGFtYS5nb2IuZXMJMTA0LjgwLjg4LjExMg==-0-0.png</path>
	<source>
		<database>Unknown</database>
	</source>
	<size>
		<width>1043</width>
		<height>421</height>
		<depth>3</depth>
	</size>
	<segmented>0</segmented>
	<object>
		<name>line</name>
		<pose>Unspecified</pose>
		<truncated>0</truncated>
		<difficult>0</difficult>
		<bndbox>
			<xmin>15</xmin>
			<ymin>9</ymin>
			<xmax>1033</xmax>
			<ymax>417</ymax>
		</bndbox>
	</object>
</annotation>
