<annotation>
	<folder>val2019</folder>
	<filename>fa604d87c596994380fda522401470d3_d3d3Lm5jYWdyLmdvdgkyMDcuNC4xNjAuMjQy.xls-15-1.png</filename>
	<path>/home/user/sample/val2019/fa604d87c596994380fda522401470d3_d3d3Lm5jYWdyLmdvdgkyMDcuNC4xNjAuMjQy.xls-15-1.png</path>
	<source>
		<database>Unknown</database>
	</source>
	<size>
		<width>474</width>
		<height>289</height>
		<depth>3</depth>
	</size>
	<segmented>0</segmented>
	<object>
		<name>line</name>
		<pose>Unspecified</pose>
		<truncated>0</truncated>
		<difficult>0</difficult>
		<bndbox>
			<xmin>16</xmin>
			<ymin>16</ymin>
			<xmax>472</xmax>
			<ymax>278</ymax>
		</bndbox>
	</object>
</annotation>
