<annotation>
	<folder>val2019</folder>
	<filename>fa648a7bb9e1de67463a1dae07136022_d3d3Lmp1bnRhZGVhbmRhbHVjaWEuZXMJMjE3LjEyLjIwLjgx.xls-0-0.png</filename>
	<path>/home/user/sample/val2019/fa648a7bb9e1de67463a1dae07136022_d3d3Lmp1bnRhZGVhbmRhbHVjaWEuZXMJMjE3LjEyLjIwLjgx.xls-0-0.png</path>
	<source>
		<database>Unknown</database>
	</source>
	<size>
		<width>654</width>
		<height>328</height>
		<depth>3</depth>
	</size>
	<segmented>0</segmented>
	<object>
		<name>line</name>
		<pose>Unspecified</pose>
		<truncated>1</truncated>
		<difficult>0</difficult>
		<bndbox>
			<xmin>8</xmin>
			<ymin>8</ymin>
			<xmax>654</xmax>
			<ymax>328</ymax>
		</bndbox>
	</object>
</annotation>
