<annotation>
	<folder>val2019</folder>
	<filename>fa6ae995ce03c50954e8ad2b46387af9_bG9tYmFyZDIwNS53ZWVibHkuY29tCTE5OS4zNC4yMjguNTM=-3-0.png</filename>
	<path>/home/user/sample/val2019/fa6ae995ce03c50954e8ad2b46387af9_bG9tYmFyZDIwNS53ZWVibHkuY29tCTE5OS4zNC4yMjguNTM=-3-0.png</path>
	<source>
		<database>Unknown</database>
	</source>
	<size>
		<width>849</width>
		<height>510</height>
		<depth>3</depth>
	</size>
	<segmented>0</segmented>
	<object>
		<name>line</name>
		<pose>Unspecified</pose>
		<truncated>1</truncated>
		<difficult>0</difficult>
		<bndbox>
			<xmin>1</xmin>
			<ymin>14</ymin>
			<xmax>845</xmax>
			<ymax>510</ymax>
		</bndbox>
	</object>
</annotation>
