<annotation>
	<folder>val2019</folder>
	<filename>fa6d40078c9dcc5aabd6d7f3d7fb0240_ZGlnaXRhbGNvbW1vbnMubGliZXJ0eS5lZHUJNzIuNS45LjE5Nw==-3-0.png</filename>
	<path>/home/user/sample/val2019/fa6d40078c9dcc5aabd6d7f3d7fb0240_ZGlnaXRhbGNvbW1vbnMubGliZXJ0eS5lZHUJNzIuNS45LjE5Nw==-3-0.png</path>
	<source>
		<database>Unknown</database>
	</source>
	<size>
		<width>911</width>
		<height>660</height>
		<depth>3</depth>
	</size>
	<segmented>0</segmented>
	<object>
		<name>line</name>
		<pose>Unspecified</pose>
		<truncated>1</truncated>
		<difficult>0</difficult>
		<bndbox>
			<xmin>11</xmin>
			<ymin>16</ymin>
			<xmax>907</xmax>
			<ymax>660</ymax>
		</bndbox>
	</object>
</annotation>
