<annotation>
	<folder>val2019</folder>
	<filename>fa6ddec9ac0487b0f5c210a64672ad45_d3d3LnByZWYub2theWFtYS5qcAkyMTAuMjM2LjEwNy4xMjg=.xls-1-0.png</filename>
	<path>/home/user/sample/val2019/fa6ddec9ac0487b0f5c210a64672ad45_d3d3LnByZWYub2theWFtYS5qcAkyMTAuMjM2LjEwNy4xMjg=.xls-1-0.png</path>
	<source>
		<database>Unknown</database>
	</source>
	<size>
		<width>481</width>
		<height>232</height>
		<depth>3</depth>
	</size>
	<segmented>0</segmented>
	<object>
		<name>line</name>
		<pose>Unspecified</pose>
		<truncated>0</truncated>
		<difficult>0</difficult>
		<bndbox>
			<xmin>16</xmin>
			<ymin>17</ymin>
			<xmax>479</xmax>
			<ymax>226</ymax>
		</bndbox>
	</object>
</annotation>
