<annotation>
	<folder>val2019</folder>
	<filename>fa808335d9c9f4580ebb5caac1389d07_d3d3Mi5jbGFya3UuZWR1CTIzLjIzLjE0OC44NA==.xls-0-0.png</filename>
	<path>/home/user/sample/val2019/fa808335d9c9f4580ebb5caac1389d07_d3d3Mi5jbGFya3UuZWR1CTIzLjIzLjE0OC44NA==.xls-0-0.png</path>
	<source>
		<database>Unknown</database>
	</source>
	<size>
		<width>458</width>
		<height>304</height>
		<depth>3</depth>
	</size>
	<segmented>0</segmented>
	<object>
		<name>line</name>
		<pose>Unspecified</pose>
		<truncated>1</truncated>
		<difficult>0</difficult>
		<bndbox>
			<xmin>23</xmin>
			<ymin>9</ymin>
			<xmax>458</xmax>
			<ymax>293</ymax>
		</bndbox>
	</object>
</annotation>
