<annotation>
	<folder>val2019</folder>
	<filename>fa8815ed214204ec48830a8f63bd506d_d3d3LnRwZXgub3JnLnR3CTIxMC42My4xNjIuMTMw.xls-0-0.png</filename>
	<path>/home/user/sample/val2019/fa8815ed214204ec48830a8f63bd506d_d3d3LnRwZXgub3JnLnR3CTIxMC42My4xNjIuMTMw.xls-0-0.png</path>
	<source>
		<database>Unknown</database>
	</source>
	<size>
		<width>817</width>
		<height>397</height>
		<depth>3</depth>
	</size>
	<segmented>0</segmented>
	<object>
		<name>line</name>
		<pose>Unspecified</pose>
		<truncated>0</truncated>
		<difficult>0</difficult>
		<bndbox>
			<xmin>11</xmin>
			<ymin>9</ymin>
			<xmax>802</xmax>
			<ymax>379</ymax>
		</bndbox>
	</object>
</annotation>
