<annotation>
	<folder>val2019</folder>
	<filename>fa9b009af59b43c429ba7e07aafdb6e7_d3d3LmZibWEub3JnCTEzLjkyLjkwLjE3NQ==.xls-0-1.png</filename>
	<path>/home/user/sample/val2019/fa9b009af59b43c429ba7e07aafdb6e7_d3d3LmZibWEub3JnCTEzLjkyLjkwLjE3NQ==.xls-0-1.png</path>
	<source>
		<database>Unknown</database>
	</source>
	<size>
		<width>609</width>
		<height>284</height>
		<depth>3</depth>
	</size>
	<segmented>0</segmented>
	<object>
		<name>line</name>
		<pose>Unspecified</pose>
		<truncated>0</truncated>
		<difficult>0</difficult>
		<bndbox>
			<xmin>6</xmin>
			<ymin>13</ymin>
			<xmax>591</xmax>
			<ymax>270</ymax>
		</bndbox>
	</object>
</annotation>
