<annotation>
	<folder>val2019</folder>
	<filename>faa1e1d1be5873bb0083cfb65a0516f4_d3d3Lmp1bnRhZGVhbmRhbHVjaWEuZXMJMjE3LjEyLjIwLjgx.xls-0-0.png</filename>
	<path>/home/user/sample/val2019/faa1e1d1be5873bb0083cfb65a0516f4_d3d3Lmp1bnRhZGVhbmRhbHVjaWEuZXMJMjE3LjEyLjIwLjgx.xls-0-0.png</path>
	<source>
		<database>Unknown</database>
	</source>
	<size>
		<width>752</width>
		<height>304</height>
		<depth>3</depth>
	</size>
	<segmented>0</segmented>
	<object>
		<name>line</name>
		<pose>Unspecified</pose>
		<truncated>0</truncated>
		<difficult>0</difficult>
		<bndbox>
			<xmin>8</xmin>
			<ymin>6</ymin>
			<xmax>745</xmax>
			<ymax>301</ymax>
		</bndbox>
	</object>
</annotation>
