<annotation>
	<folder>val2019</folder>
	<filename>faa88eec1d2ef4a0f7e84e081535348c_d3d3LnNlZGxhYmFua2kuaXMJODIuMjIxLjgxLjg3-1-1.png</filename>
	<path>/home/user/sample/val2019/faa88eec1d2ef4a0f7e84e081535348c_d3d3LnNlZGxhYmFua2kuaXMJODIuMjIxLjgxLjg3-1-1.png</path>
	<source>
		<database>Unknown</database>
	</source>
	<size>
		<width>323</width>
		<height>510</height>
		<depth>3</depth>
	</size>
	<segmented>0</segmented>
	<object>
		<name>line</name>
		<pose>Unspecified</pose>
		<truncated>1</truncated>
		<difficult>0</difficult>
		<bndbox>
			<xmin>6</xmin>
			<ymin>100</ymin>
			<xmax>323</xmax>
			<ymax>399</ymax>
		</bndbox>
	</object>
</annotation>
