<annotation>
	<folder>val2019</folder>
	<filename>fab6cbc9d43bba9a000f4fa397d07636_d3d3Lmtvem9rLmV1CTE4OC4xNjUuMTE5Ljgz.xls-2-0.png</filename>
	<path>/home/user/sample/val2019/fab6cbc9d43bba9a000f4fa397d07636_d3d3Lmtvem9rLmV1CTE4OC4xNjUuMTE5Ljgz.xls-2-0.png</path>
	<source>
		<database>Unknown</database>
	</source>
	<size>
		<width>550</width>
		<height>289</height>
		<depth>3</depth>
	</size>
	<segmented>0</segmented>
	<object>
		<name>line</name>
		<pose>Unspecified</pose>
		<truncated>1</truncated>
		<difficult>0</difficult>
		<bndbox>
			<xmin>8</xmin>
			<ymin>15</ymin>
			<xmax>550</xmax>
			<ymax>278</ymax>
		</bndbox>
	</object>
</annotation>
