<annotation>
	<folder>val2019</folder>
	<filename>fabc7eacd2bb3d0f74883e2f2aebc2eb_Y29tbXVuaXR5MjEub3JnCTE4NS4xNy4xODAuMjI5-0-0.png</filename>
	<path>/home/user/sample/val2019/fabc7eacd2bb3d0f74883e2f2aebc2eb_Y29tbXVuaXR5MjEub3JnCTE4NS4xNy4xODAuMjI5-0-0.png</path>
	<source>
		<database>Unknown</database>
	</source>
	<size>
		<width>481</width>
		<height>243</height>
		<depth>3</depth>
	</size>
	<segmented>0</segmented>
	<object>
		<name>line</name>
		<pose>Unspecified</pose>
		<truncated>0</truncated>
		<difficult>0</difficult>
		<bndbox>
			<xmin>12</xmin>
			<ymin>17</ymin>
			<xmax>476</xmax>
			<ymax>239</ymax>
		</bndbox>
	</object>
</annotation>
