<annotation>
	<folder>val2019</folder>
	<filename>fac66447378e8141f8aa955a1cd13cd5_d3d3LmluYWNpdHkuanAJMTE0LjE3OS4yMDQuMTA=.xls-13-0.png</filename>
	<path>/home/user/sample/val2019/fac66447378e8141f8aa955a1cd13cd5_d3d3LmluYWNpdHkuanAJMTE0LjE3OS4yMDQuMTA=.xls-13-0.png</path>
	<source>
		<database>Unknown</database>
	</source>
	<size>
		<width>726</width>
		<height>349</height>
		<depth>1</depth>
	</size>
	<segmented>0</segmented>
	<object>
		<name>line</name>
		<pose>Unspecified</pose>
		<truncated>1</truncated>
		<difficult>0</difficult>
		<bndbox>
			<xmin>14</xmin>
			<ymin>6</ymin>
			<xmax>726</xmax>
			<ymax>336</ymax>
		</bndbox>
	</object>
</annotation>
