<annotation>
	<folder>val2019</folder>
	<filename>faca89f515309d5e141ff943dc2293df_d3d3LmllYS5vcmcJMTk1LjIwMC4xMTUuMTQ4.XLS-14-0.png</filename>
	<path>/home/user/sample/val2019/faca89f515309d5e141ff943dc2293df_d3d3LmllYS5vcmcJMTk1LjIwMC4xMTUuMTQ4.XLS-14-0.png</path>
	<source>
		<database>Unknown</database>
	</source>
	<size>
		<width>650</width>
		<height>375</height>
		<depth>3</depth>
	</size>
	<segmented>0</segmented>
	<object>
		<name>line</name>
		<pose>Unspecified</pose>
		<truncated>1</truncated>
		<difficult>0</difficult>
		<bndbox>
			<xmin>6</xmin>
			<ymin>7</ymin>
			<xmax>650</xmax>
			<ymax>369</ymax>
		</bndbox>
	</object>
</annotation>
