<annotation>
	<folder>val2019</folder>
	<filename>fad23787cc3b1fa66ba7bf660f014293_bS5lc2ZvbmRpLmx2CTE5NC4yMTMuOS4xMzU=-5-0.png</filename>
	<path>/home/user/sample/val2019/fad23787cc3b1fa66ba7bf660f014293_bS5lc2ZvbmRpLmx2CTE5NC4yMTMuOS4xMzU=-5-0.png</path>
	<source>
		<database>Unknown</database>
	</source>
	<size>
		<width>737</width>
		<height>392</height>
		<depth>3</depth>
	</size>
	<segmented>0</segmented>
	<object>
		<name>line</name>
		<pose>Unspecified</pose>
		<truncated>0</truncated>
		<difficult>0</difficult>
		<bndbox>
			<xmin>14</xmin>
			<ymin>13</ymin>
			<xmax>735</xmax>
			<ymax>385</ymax>
		</bndbox>
	</object>
</annotation>
