<annotation>
	<folder>val2019</folder>
	<filename>fad7f8b9df93cfca4222cb5d70a39f8b_d3d3Lmluc3NlLnJvCTgwLjk2LjE4Ni4xNA==.xls-1-0.png</filename>
	<path>/home/user/sample/val2019/fad7f8b9df93cfca4222cb5d70a39f8b_d3d3Lmluc3NlLnJvCTgwLjk2LjE4Ni4xNA==.xls-1-0.png</path>
	<source>
		<database>Unknown</database>
	</source>
	<size>
		<width>899</width>
		<height>613</height>
		<depth>3</depth>
	</size>
	<segmented>0</segmented>
	<object>
		<name>line</name>
		<pose>Unspecified</pose>
		<truncated>1</truncated>
		<difficult>0</difficult>
		<bndbox>
			<xmin>5</xmin>
			<ymin>4</ymin>
			<xmax>899</xmax>
			<ymax>613</ymax>
		</bndbox>
	</object>
</annotation>
