<annotation>
	<folder>bar</folder>
	<filename>8a28c897b03d16b7e09df6333e3bf386_d3d3LnlveGFsbC5uZXQJMTYwLjE1My4xMjguOQ==.xls-8-0.png</filename>
	<path>/home/rahuls/Projects/Data Extraction from charts/Images/bardata(1031)/bar/images/bar/8a28c897b03d16b7e09df6333e3bf386_d3d3LnlveGFsbC5uZXQJMTYwLjE1My4xMjguOQ==.xls-8-0.png</path>
	<source>
		<database>Unknown</database>
	</source>
	<size>
		<width>911</width>
		<height>634</height>
		<depth>3</depth>
	</size>
	<segmented>0</segmented>
	<object>
		<name>bar</name>
		<pose>Unspecified</pose>
		<truncated>0</truncated>
		<difficult>0</difficult>
		<bndbox>
			<xmin>8</xmin>
			<ymin>8</ymin>
			<xmax>896</xmax>
			<ymax>617</ymax>
		</bndbox>
	</object>
</annotation>
