<annotation>
	<folder>bar</folder>
	<filename>8a2f4660574d5724db333c15fd182b8a_d3d3LnBlZC5ndS5zZQkyMTcuNzAuMzIuMTM4.xls-0-0.png</filename>
	<path>/home/rahuls/Projects/Data Extraction from charts/Images/bardata(1031)/bar/images/bar/8a2f4660574d5724db333c15fd182b8a_d3d3LnBlZC5ndS5zZQkyMTcuNzAuMzIuMTM4.xls-0-0.png</path>
	<source>
		<database>Unknown</database>
	</source>
	<size>
		<width>453</width>
		<height>336</height>
		<depth>3</depth>
	</size>
	<segmented>0</segmented>
	<object>
		<name>bar</name>
		<pose>Unspecified</pose>
		<truncated>1</truncated>
		<difficult>0</difficult>
		<bndbox>
			<xmin>7</xmin>
			<ymin>6</ymin>
			<xmax>453</xmax>
			<ymax>325</ymax>
		</bndbox>
	</object>
</annotation>
