<annotation>
	<folder>bar</folder>
	<filename>8a4eecc61114dc41890e6a6d8e5d3df2_Y2xhbmN5LmNoCTg4LjE5OC43LjEy.XLS-2-0.png</filename>
	<path>/home/rahuls/Projects/Data Extraction from charts/Images/bardata(1031)/bar/images/bar/8a4eecc61114dc41890e6a6d8e5d3df2_Y2xhbmN5LmNoCTg4LjE5OC43LjEy.XLS-2-0.png</path>
	<source>
		<database>Unknown</database>
	</source>
	<size>
		<width>889</width>
		<height>475</height>
		<depth>3</depth>
	</size>
	<segmented>0</segmented>
	<object>
		<name>bar</name>
		<pose>Unspecified</pose>
		<truncated>0</truncated>
		<difficult>0</difficult>
		<bndbox>
			<xmin>4</xmin>
			<ymin>8</ymin>
			<xmax>869</xmax>
			<ymax>463</ymax>
		</bndbox>
	</object>
</annotation>
