<annotation>
	<folder>bar</folder>
	<filename>8a63aa78c132e33bbdae25f698138cb9_d3d3LnNjaG9vbHNmb3JlcXVpdHkub3JnCTIwOS4yMzcuMTUxLjE3.xls-1-0.png</filename>
	<path>/home/rahuls/Projects/Data Extraction from charts/Images/bardata(1031)/bar/images/bar/8a63aa78c132e33bbdae25f698138cb9_d3d3LnNjaG9vbHNmb3JlcXVpdHkub3JnCTIwOS4yMzcuMTUxLjE3.xls-1-0.png</path>
	<source>
		<database>Unknown</database>
	</source>
	<size>
		<width>481</width>
		<height>289</height>
		<depth>1</depth>
	</size>
	<segmented>0</segmented>
	<object>
		<name>bar</name>
		<pose>Unspecified</pose>
		<truncated>0</truncated>
		<difficult>0</difficult>
		<bndbox>
			<xmin>12</xmin>
			<ymin>13</ymin>
			<xmax>477</xmax>
			<ymax>277</ymax>
		</bndbox>
	</object>
</annotation>
