<annotation>
	<folder>bar</folder>
	<filename>8acae4090d710be0396f083bd754008f_d3d3LmJhbnJlcC5nb3YuY28JMTA0LjIwLjUuMTkx.xls-3-0.png</filename>
	<path>/home/rahuls/Projects/Data Extraction from charts/Images/bardata(1031)/bar/images/bar/8acae4090d710be0396f083bd754008f_d3d3LmJhbnJlcC5nb3YuY28JMTA0LjIwLjUuMTkx.xls-3-0.png</path>
	<source>
		<database>Unknown</database>
	</source>
	<size>
		<width>511</width>
		<height>259</height>
		<depth>3</depth>
	</size>
	<segmented>0</segmented>
	<object>
		<name>bar</name>
		<pose>Unspecified</pose>
		<truncated>1</truncated>
		<difficult>0</difficult>
		<bndbox>
			<xmin>2</xmin>
			<ymin>3</ymin>
			<xmax>511</xmax>
			<ymax>256</ymax>
		</bndbox>
	</object>
</annotation>
