<annotation>
	<folder>bar</folder>
	<filename>8ae39fd0145221ae8eedbf28faaa596e_ZWRnZS5yaXQuZWR1CTEyOS4yMS4xOTguMTYz-0-0.png</filename>
	<path>/home/rahuls/Projects/Data Extraction from charts/Images/bardata(1031)/bar/images/bar/8ae39fd0145221ae8eedbf28faaa596e_ZWRnZS5yaXQuZWR1CTEyOS4yMS4xOTguMTYz-0-0.png</path>
	<source>
		<database>Unknown</database>
	</source>
	<size>
		<width>902</width>
		<height>614</height>
		<depth>3</depth>
	</size>
	<segmented>0</segmented>
	<object>
		<name>bar</name>
		<pose>Unspecified</pose>
		<truncated>0</truncated>
		<difficult>0</difficult>
		<bndbox>
			<xmin>3</xmin>
			<ymin>13</ymin>
			<xmax>899</xmax>
			<ymax>591</ymax>
		</bndbox>
	</object>
</annotation>
