<annotation>
	<folder>bar</folder>
	<filename>8afa245d651006baa055aef550e3bcca_Z2FudGFpc2FrdS5wcmVmLm5hZ2FzYWtpLmpwCTIxOS45OS4xOTEuMjAy.xls-1-0.png</filename>
	<path>/home/rahuls/Projects/Data Extraction from charts/Images/bardata(1031)/bar/images/bar/8afa245d651006baa055aef550e3bcca_Z2FudGFpc2FrdS5wcmVmLm5hZ2FzYWtpLmpwCTIxOS45OS4xOTEuMjAy.xls-1-0.png</path>
	<source>
		<database>Unknown</database>
	</source>
	<size>
		<width>711</width>
		<height>373</height>
		<depth>3</depth>
	</size>
	<segmented>0</segmented>
	<object>
		<name>bar</name>
		<pose>Unspecified</pose>
		<truncated>0</truncated>
		<difficult>0</difficult>
		<bndbox>
			<xmin>16</xmin>
			<ymin>6</ymin>
			<xmax>698</xmax>
			<ymax>350</ymax>
		</bndbox>
	</object>
</annotation>
