<annotation>
	<folder>bar</folder>
	<filename>8b6e45bc8707e10d6c8f2882e1dd6a3c_d3d3Lml0aXNwbGFuY2suaXQJMTg4LjEyNS4xMjAuNzA=.xls-2-4.png</filename>
	<path>/home/rahuls/Projects/Data Extraction from charts/Images/bardata(1031)/bar/images/bar/8b6e45bc8707e10d6c8f2882e1dd6a3c_d3d3Lml0aXNwbGFuY2suaXQJMTg4LjEyNS4xMjAuNzA=.xls-2-4.png</path>
	<source>
		<database>Unknown</database>
	</source>
	<size>
		<width>477</width>
		<height>274</height>
		<depth>3</depth>
	</size>
	<segmented>0</segmented>
	<object>
		<name>bar</name>
		<pose>Unspecified</pose>
		<truncated>1</truncated>
		<difficult>0</difficult>
		<bndbox>
			<xmin>18</xmin>
			<ymin>4</ymin>
			<xmax>477</xmax>
			<ymax>274</ymax>
		</bndbox>
	</object>
</annotation>
