<annotation>
	<folder>val2019</folder>
	<filename>fa1c26c575f65b663c654ccad8fa3033_d3d3LnRhb3l1YW5haXJwb3J0LmNvbS50dwk2MC4yNTEuMTg0LjE3Mw==.xls-0-0.png</filename>
	<path>/home/user/sample/val2019/fa1c26c575f65b663c654ccad8fa3033_d3d3LnRhb3l1YW5haXJwb3J0LmNvbS50dwk2MC4yNTEuMTg0LjE3Mw==.xls-0-0.png</path>
	<source>
		<database>Unknown</database>
	</source>
	<size>
		<width>710</width>
		<height>393</height>
		<depth>3</depth>
	</size>
	<segmented>0</segmented>
	<object>
		<name>line</name>
		<pose>Unspecified</pose>
		<truncated>0</truncated>
		<difficult>0</difficult>
		<bndbox>
			<xmin>19</xmin>
			<ymin>7</ymin>
			<xmax>708</xmax>
			<ymax>387</ymax>
		</bndbox>
	</object>
</annotation>
