<annotation>
	<folder>val2019</folder>
	<filename>fa2f078d6d77c5236b2867364afeeb75_cGlpZS5jb20JNzQuMTIxLjE5NC4yMjc=-4-0.png</filename>
	<path>/home/user/sample/val2019/fa2f078d6d77c5236b2867364afeeb75_cGlpZS5jb20JNzQuMTIxLjE5NC4yMjc=-4-0.png</path>
	<source>
		<database>Unknown</database>
	</source>
	<size>
		<width>481</width>
		<height>289</height>
		<depth>3</depth>
	</size>
	<segmented>0</segmented>
	<object>
		<name>line</name>
		<pose>Unspecified</pose>
		<truncated>1</truncated>
		<difficult>0</difficult>
		<bndbox>
			<xmin>10</xmin>
			<ymin>9</ymin>
			<xmax>471</xmax>
			<ymax>289</ymax>
		</bndbox>
	</object>
</annotation>
