<annotation>
	<folder>val2019</folder>
	<filename>fa339d9127cec68b6b7dfeb290ce4a27_d3d3LmNlZnAuZ29iLm14CTIwMS4xNDcuOTguMTE=.xls-5-1.png</filename>
	<path>/home/user/sample/val2019/fa339d9127cec68b6b7dfeb290ce4a27_d3d3LmNlZnAuZ29iLm14CTIwMS4xNDcuOTguMTE=.xls-5-1.png</path>
	<source>
		<database>Unknown</database>
	</source>
	<size>
		<width>805</width>
		<height>558</height>
		<depth>3</depth>
	</size>
	<segmented>0</segmented>
	<object>
		<name>line</name>
		<pose>Unspecified</pose>
		<truncated>1</truncated>
		<difficult>0</difficult>
		<bndbox>
			<xmin>40</xmin>
			<ymin>97</ymin>
			<xmax>805</xmax>
			<ymax>531</ymax>
		</bndbox>
	</object>
</annotation>
