<annotation>
	<folder>val2019</folder>
	<filename>fa33eba1abc0263d55982f685f95118a_d3d3LmV4Y2VsLWRvd25sb2Fkcy5jb20JOTEuMTIxLjMzLjM2.xls-0-0.png</filename>
	<path>/home/user/sample/val2019/fa33eba1abc0263d55982f685f95118a_d3d3LmV4Y2VsLWRvd25sb2Fkcy5jb20JOTEuMTIxLjMzLjM2.xls-0-0.png</path>
	<source>
		<database>Unknown</database>
	</source>
	<size>
		<width>1041</width>
		<height>159</height>
		<depth>3</depth>
	</size>
	<segmented>0</segmented>
	<object>
		<name>line</name>
		<pose>Unspecified</pose>
		<truncated>1</truncated>
		<difficult>0</difficult>
		<bndbox>
			<xmin>45</xmin>
			<ymin>18</ymin>
			<xmax>1041</xmax>
			<ymax>159</ymax>
		</bndbox>
	</object>
</annotation>
