<annotation>
	<folder>val2019</folder>
	<filename>fa33286c5b1f56f48efdd20ca0667b5e_d3d3Lmxha2VtYWNodWIuY29tCTE5OS4zNC4yMjguNzg=-1-4.png</filename>
	<path>/home/user/sample/val2019/fa33286c5b1f56f48efdd20ca0667b5e_d3d3Lmxha2VtYWNodWIuY29tCTE5OS4zNC4yMjguNzg=-1-4.png</path>
	<source>
		<database>Unknown</database>
	</source>
	<size>
		<width>495</width>
		<height>284</height>
		<depth>3</depth>
	</size>
	<segmented>0</segmented>
	<object>
		<name>line</name>
		<pose>Unspecified</pose>
		<truncated>1</truncated>
		<difficult>0</difficult>
		<bndbox>
			<xmin>14</xmin>
			<ymin>11</ymin>
			<xmax>495</xmax>
			<ymax>284</ymax>
		</bndbox>
	</object>
</annotation>
