<annotation>
	<folder>val2019</folder>
	<filename>fa363799e33b6dd7145baf5fcc9fd1af_d3d3LmZzZGhzZWN1cml0aWVzLmNvbQkyMTYuMTg1LjE1MS4xMjg=-1-0.png</filename>
	<path>/home/user/sample/val2019/fa363799e33b6dd7145baf5fcc9fd1af_d3d3LmZzZGhzZWN1cml0aWVzLmNvbQkyMTYuMTg1LjE1MS4xMjg=-1-0.png</path>
	<source>
		<database>Unknown</database>
	</source>
	<size>
		<width>544</width>
		<height>257</height>
		<depth>3</depth>
	</size>
	<segmented>0</segmented>
	<object>
		<name>line</name>
		<pose>Unspecified</pose>
		<truncated>1</truncated>
		<difficult>0</difficult>
		<bndbox>
			<xmin>11</xmin>
			<ymin>12</ymin>
			<xmax>544</xmax>
			<ymax>240</ymax>
		</bndbox>
	</object>
</annotation>
