<annotation>
	<folder>val2019</folder>
	<filename>fa37b073aa8051b806d659384f1d4dd9_d3d3LmFiZWNpcC5vcmcuYnIJMTA0LjQxLjQwLjI0NA==-3-0.png</filename>
	<path>/home/user/sample/val2019/fa37b073aa8051b806d659384f1d4dd9_d3d3LmFiZWNpcC5vcmcuYnIJMTA0LjQxLjQwLjI0NA==-3-0.png</path>
	<source>
		<database>Unknown</database>
	</source>
	<size>
		<width>558</width>
		<height>389</height>
		<depth>3</depth>
	</size>
	<segmented>0</segmented>
	<object>
		<name>line</name>
		<pose>Unspecified</pose>
		<truncated>0</truncated>
		<difficult>0</difficult>
		<bndbox>
			<xmin>8</xmin>
			<ymin>15</ymin>
			<xmax>551</xmax>
			<ymax>376</ymax>
		</bndbox>
	</object>
</annotation>
