<annotation>
	<folder>val2019</folder>
	<filename>fa3d466aebc5480d0fc44898cf0d3655_d3d3Mi5lc2FscS51c3AuYnIJMjAwLjE0NC4yNTUuNzA=.xls-0-2.png</filename>
	<path>/home/user/sample/val2019/fa3d466aebc5480d0fc44898cf0d3655_d3d3Mi5lc2FscS51c3AuYnIJMjAwLjE0NC4yNTUuNzA=.xls-0-2.png</path>
	<source>
		<database>Unknown</database>
	</source>
	<size>
		<width>572</width>
		<height>370</height>
		<depth>3</depth>
	</size>
	<segmented>0</segmented>
	<object>
		<name>line</name>
		<pose>Unspecified</pose>
		<truncated>1</truncated>
		<difficult>0</difficult>
		<bndbox>
			<xmin>22</xmin>
			<ymin>15</ymin>
			<xmax>572</xmax>
			<ymax>347</ymax>
		</bndbox>
	</object>
</annotation>
