<annotation>
	<folder>val2019</folder>
	<filename>fa3e10538739913f64e2c37d4d815450_d3d3LnRwZXgub3JnLnR3CTIxMC42My4xNjIuMTMw.xls-0-0.png</filename>
	<path>/home/user/sample/val2019/fa3e10538739913f64e2c37d4d815450_d3d3LnRwZXgub3JnLnR3CTIxMC42My4xNjIuMTMw.xls-0-0.png</path>
	<source>
		<database>Unknown</database>
	</source>
	<size>
		<width>817</width>
		<height>397</height>
		<depth>3</depth>
	</size>
	<segmented>0</segmented>
	<object>
		<name>line</name>
		<pose>Unspecified</pose>
		<truncated>1</truncated>
		<difficult>0</difficult>
		<bndbox>
			<xmin>11</xmin>
			<ymin>3</ymin>
			<xmax>796</xmax>
			<ymax>397</ymax>
		</bndbox>
	</object>
</annotation>
