<annotation>
	<folder>val2019</folder>
	<filename>fa485d82c4d749e7308156a994c8df17_cGcuanJqLmNvbS5jbgkyMjAuMjQzLjIyNi4xNTM=-3-2.png</filename>
	<path>/home/user/sample/val2019/fa485d82c4d749e7308156a994c8df17_cGcuanJqLmNvbS5jbgkyMjAuMjQzLjIyNi4xNTM=-3-2.png</path>
	<source>
		<database>Unknown</database>
	</source>
	<size>
		<width>333</width>
		<height>187</height>
		<depth>3</depth>
	</size>
	<segmented>0</segmented>
	<object>
		<name>line</name>
		<pose>Unspecified</pose>
		<truncated>1</truncated>
		<difficult>0</difficult>
		<bndbox>
			<xmin>3</xmin>
			<ymin>2</ymin>
			<xmax>333</xmax>
			<ymax>184</ymax>
		</bndbox>
	</object>
</annotation>
