<annotation>
	<folder>val2019</folder>
	<filename>fa4bff88c9e1865a7b0f299bd9dd0d4c_d3d3LmZzZGhzZWN1cml0aWVzLmNvbQkyMTYuMTg1LjE1MS4xMjg=-1-0.png</filename>
	<path>/home/user/sample/val2019/fa4bff88c9e1865a7b0f299bd9dd0d4c_d3d3LmZzZGhzZWN1cml0aWVzLmNvbQkyMTYuMTg1LjE1MS4xMjg=-1-0.png</path>
	<source>
		<database>Unknown</database>
	</source>
	<size>
		<width>544</width>
		<height>257</height>
		<depth>3</depth>
	</size>
	<segmented>0</segmented>
	<object>
		<name>line</name>
		<pose>Unspecified</pose>
		<truncated>1</truncated>
		<difficult>0</difficult>
		<bndbox>
			<xmin>9</xmin>
			<ymin>14</ymin>
			<xmax>544</xmax>
			<ymax>248</ymax>
		</bndbox>
	</object>
</annotation>
