<annotation>
	<folder>val2019</folder>
	<filename>fa542f1fb740b8c4b174356d91b4f1cf_d3d3Lm1pbnJvbC5nb3YucGwJODUuMTk0LjI0Mi4yMTk=-21-0.png</filename>
	<path>/home/user/sample/val2019/fa542f1fb740b8c4b174356d91b4f1cf_d3d3Lm1pbnJvbC5nb3YucGwJODUuMTk0LjI0Mi4yMTk=-21-0.png</path>
	<source>
		<database>Unknown</database>
	</source>
	<size>
		<width>764</width>
		<height>350</height>
		<depth>3</depth>
	</size>
	<segmented>0</segmented>
	<object>
		<name>line</name>
		<pose>Unspecified</pose>
		<truncated>1</truncated>
		<difficult>0</difficult>
		<bndbox>
			<xmin>15</xmin>
			<ymin>26</ymin>
			<xmax>764</xmax>
			<ymax>337</ymax>
		</bndbox>
	</object>
</annotation>
