<annotation>
	<folder>val2019</folder>
	<filename>fa5a19ba4857f4397f4d10ad2fb285af_eW91dGhjYW4udmljLmdvdi5hdQkxMDMuNTQuMTExLjE0MQ==.xls-0-3.png</filename>
	<path>/home/user/sample/val2019/fa5a19ba4857f4397f4d10ad2fb285af_eW91dGhjYW4udmljLmdvdi5hdQkxMDMuNTQuMTExLjE0MQ==.xls-0-3.png</path>
	<source>
		<database>Unknown</database>
	</source>
	<size>
		<width>252</width>
		<height>196</height>
		<depth>3</depth>
	</size>
	<segmented>0</segmented>
	<object>
		<name>line</name>
		<pose>Unspecified</pose>
		<truncated>0</truncated>
		<difficult>0</difficult>
		<bndbox>
			<xmin>5</xmin>
			<ymin>13</ymin>
			<xmax>243</xmax>
			<ymax>183</ymax>
		</bndbox>
	</object>
</annotation>
