<annotation>
	<folder>val2019</folder>
	<filename>fa628a9823d3e07019ad0c836b949424_d3d3LmVpYS5nb3YJMjMuMjAwLjIyOC41NQ==.xls-0-0.png</filename>
	<path>/home/user/sample/val2019/fa628a9823d3e07019ad0c836b949424_d3d3LmVpYS5nb3YJMjMuMjAwLjIyOC41NQ==.xls-0-0.png</path>
	<source>
		<database>Unknown</database>
	</source>
	<size>
		<width>657</width>
		<height>573</height>
		<depth>3</depth>
	</size>
	<segmented>0</segmented>
	<object>
		<name>line</name>
		<pose>Unspecified</pose>
		<truncated>0</truncated>
		<difficult>0</difficult>
		<bndbox>
			<xmin>16</xmin>
			<ymin>20</ymin>
			<xmax>656</xmax>
			<ymax>532</ymax>
		</bndbox>
	</object>
</annotation>
