<annotation>
	<folder>val2019</folder>
	<filename>fa6f811209ddd3674a79cd2fba9e7a69_d3d3LmNuYi5jegkxOTMuODUuMy4yNTA=.xls-3-1.png</filename>
	<path>/home/user/sample/val2019/fa6f811209ddd3674a79cd2fba9e7a69_d3d3LmNuYi5jegkxOTMuODUuMy4yNTA=.xls-3-1.png</path>
	<source>
		<database>Unknown</database>
	</source>
	<size>
		<width>381</width>
		<height>253</height>
		<depth>3</depth>
	</size>
	<segmented>0</segmented>
	<object>
		<name>line</name>
		<pose>Unspecified</pose>
		<truncated>1</truncated>
		<difficult>0</difficult>
		<bndbox>
			<xmin>5</xmin>
			<ymin>4</ymin>
			<xmax>380</xmax>
			<ymax>253</ymax>
		</bndbox>
	</object>
</annotation>
