<annotation>
	<folder>val2019</folder>
	<filename>fa90d18567e232e2cb9bd2197aec392d_d3d3LnN0YXRpc3Rpay50aHVlcmluZ2VuLmRlCTE5NS4xOTEuMTUuMTU1.xls-4-0.png</filename>
	<path>/home/user/sample/val2019/fa90d18567e232e2cb9bd2197aec392d_d3d3LnN0YXRpc3Rpay50aHVlcmluZ2VuLmRlCTE5NS4xOTEuMTUuMTU1.xls-4-0.png</path>
	<source>
		<database>Unknown</database>
	</source>
	<size>
		<width>632</width>
		<height>923</height>
		<depth>3</depth>
	</size>
	<segmented>0</segmented>
	<object>
		<name>line</name>
		<pose>Unspecified</pose>
		<truncated>0</truncated>
		<difficult>0</difficult>
		<bndbox>
			<xmin>18</xmin>
			<ymin>13</ymin>
			<xmax>622</xmax>
			<ymax>454</ymax>
		</bndbox>
	</object>
	<object>
		<name>line</name>
		<pose>Unspecified</pose>
		<truncated>0</truncated>
		<difficult>0</difficult>
		<bndbox>
			<xmin>18</xmin>
			<ymin>473</ymin>
			<xmax>629</xmax>
			<ymax>870</ymax>
		</bndbox>
	</object>
</annotation>
