<annotation>
	<folder>val2019</folder>
	<filename>fab00b04c59ea1dc14410af59b3b7a82_d3d3LmFlbW8uY29tLmF1CTEzLjU1LjIyLjExNw==-4-0.png</filename>
	<path>/home/user/sample/val2019/fab00b04c59ea1dc14410af59b3b7a82_d3d3LmFlbW8uY29tLmF1CTEzLjU1LjIyLjExNw==-4-0.png</path>
	<source>
		<database>Unknown</database>
	</source>
	<size>
		<width>588</width>
		<height>643</height>
		<depth>3</depth>
	</size>
	<segmented>0</segmented>
	<object>
		<name>line</name>
		<pose>Unspecified</pose>
		<truncated>1</truncated>
		<difficult>0</difficult>
		<bndbox>
			<xmin>8</xmin>
			<ymin>1</ymin>
			<xmax>588</xmax>
			<ymax>643</ymax>
		</bndbox>
	</object>
</annotation>
