<annotation>
	<folder>val2019</folder>
	<filename>fab67ab8c52c0f62a90f9eddb4ed8590_ZGV2aW5mby5zdGF0Lmdvdi5ycwkxOTUuMjIyLjk2Ljkx-1-3.png</filename>
	<path>/home/user/sample/val2019/fab67ab8c52c0f62a90f9eddb4ed8590_ZGV2aW5mby5zdGF0Lmdvdi5ycwkxOTUuMjIyLjk2Ljkx-1-3.png</path>
	<source>
		<database>Unknown</database>
	</source>
	<size>
		<width>604</width>
		<height>428</height>
		<depth>3</depth>
	</size>
	<segmented>0</segmented>
	<object>
		<name>line</name>
		<pose>Unspecified</pose>
		<truncated>1</truncated>
		<difficult>0</difficult>
		<bndbox>
			<xmin>16</xmin>
			<ymin>5</ymin>
			<xmax>604</xmax>
			<ymax>428</ymax>
		</bndbox>
	</object>
</annotation>
