<annotation>
	<folder>val2019</folder>
	<filename>fab74fdeccae94b483924c71883ec032_aW5iby13ZWJzaXRlLXByZC01MzI3NTA3NTYxMjYuczMtZXUtd2VzdC0xLmFtYXpvbmF3cy5jb20JNTIuMjE4LjY0LjE4Nw==-2-0.png</filename>
	<path>/home/user/sample/val2019/fab74fdeccae94b483924c71883ec032_aW5iby13ZWJzaXRlLXByZC01MzI3NTA3NTYxMjYuczMtZXUtd2VzdC0xLmFtYXpvbmF3cy5jb20JNTIuMjE4LjY0LjE4Nw==-2-0.png</path>
	<source>
		<database>Unknown</database>
	</source>
	<size>
		<width>481</width>
		<height>289</height>
		<depth>3</depth>
	</size>
	<segmented>0</segmented>
	<object>
		<name>line</name>
		<pose>Unspecified</pose>
		<truncated>0</truncated>
		<difficult>0</difficult>
		<bndbox>
			<xmin>10</xmin>
			<ymin>11</ymin>
			<xmax>474</xmax>
			<ymax>276</ymax>
		</bndbox>
	</object>
</annotation>
