<annotation>
	<folder>val2019</folder>
	<filename>fab7e2c646bece5a15c3b338667a57e3_d3d3Lm5yc2NvdGxhbmQuZ292LnVrCTEzNC4xOS4xNjEuMTYz-1-0.png</filename>
	<path>/home/user/sample/val2019/fab7e2c646bece5a15c3b338667a57e3_d3d3Lm5yc2NvdGxhbmQuZ292LnVrCTEzNC4xOS4xNjEuMTYz-1-0.png</path>
	<source>
		<database>Unknown</database>
	</source>
	<size>
		<width>978</width>
		<height>640</height>
		<depth>3</depth>
	</size>
	<segmented>0</segmented>
	<object>
		<name>line</name>
		<pose>Unspecified</pose>
		<truncated>1</truncated>
		<difficult>0</difficult>
		<bndbox>
			<xmin>5</xmin>
			<ymin>6</ymin>
			<xmax>978</xmax>
			<ymax>630</ymax>
		</bndbox>
	</object>
</annotation>
