<annotation>
	<folder>mutigraph</folder>
	<filename>maxresdefault(1).jpg</filename>
	<path>/home/user/miscs/tt/mutigraph/maxresdefault(1).jpg</path>
	<source>
		<database>Unknown</database>
	</source>
	<size>
		<width>1278</width>
		<height>720</height>
		<depth>3</depth>
	</size>
	<segmented>0</segmented>
	<object>
		<name>line</name>
		<pose>Unspecified</pose>
		<truncated>0</truncated>
		<difficult>0</difficult>
		<bndbox>
			<xmin>702</xmin>
			<ymin>366</ymin>
			<xmax>1179</xmax>
			<ymax>539</ymax>
		</bndbox>
	</object>
</annotation>
