<annotation>
	<folder>JPEGImages</folder>
	<filename>muldata.png</filename>
	<path>/home/user/miscs/tt/JPEGImages/muldata.png</path>
	<source>
		<database>Unknown</database>
	</source>
	<size>
		<width>1440</width>
		<height>1344</height>
		<depth>3</depth>
	</size>
	<segmented>0</segmented>
	<object>
		<name>bar</name>
		<pose>Unspecified</pose>
		<truncated>0</truncated>
		<difficult>0</difficult>
		<bndbox>
			<xmin>36</xmin>
			<ymin>785</ymin>
			<xmax>731</xmax>
			<ymax>1303</ymax>
		</bndbox>
	</object>
	<object>
		<name>line</name>
		<pose>Unspecified</pose>
		<truncated>0</truncated>
		<difficult>0</difficult>
		<bndbox>
			<xmin>27</xmin>
			<ymin>103</ymin>
			<xmax>768</xmax>
			<ymax>644</ymax>
		</bndbox>
	</object>
</annotation>
