<annotation>
	<folder>JPEGImages</folder>
	<filename>sav.png</filename>
	<path>/home/user/miscs/tt/JPEGImages/sav.png</path>
	<source>
		<database>Unknown</database>
	</source>
	<size>
		<width>780</width>
		<height>480</height>
		<depth>3</depth>
	</size>
	<segmented>0</segmented>
	<object>
		<name>bar</name>
		<pose>Unspecified</pose>
		<truncated>0</truncated>
		<difficult>0</difficult>
		<bndbox>
			<xmin>18</xmin>
			<ymin>37</ymin>
			<xmax>751</xmax>
			<ymax>462</ymax>
		</bndbox>
	</object>
</annotation>
