<annotation>
	<folder>JPEGImages</folder>
	<filename>3s.jpeg</filename>
	<path>/home/user/deeprule/chartdata/JPEGImages/3s.jpeg</path>
	<source>
		<database>Unknown</database>
	</source>
	<size>
		<width>1600</width>
		<height>900</height>
		<depth>3</depth>
	</size>
	<segmented>0</segmented>
	<object>
		<name>bar</name>
		<pose>Unspecified</pose>
		<truncated>0</truncated>
		<difficult>0</difficult>
		<bndbox>
			<xmin>21</xmin>
			<ymin>95</ymin>
			<xmax>1584</xmax>
			<ymax>839</ymax>
		</bndbox>
	</object>
</annotation>
