<annotation>
	<folder>bar</folder>
	<filename>8a081b8fbc58f4bb689c93a881abee8f_d3d3Lmlpcy5zZQk5MS4yMjYuMzcuMjE0-0-0.png</filename>
	<path>/home/rahuls/Projects/Data Extraction from charts/Images/bardata(1031)/bar/images/bar/8a081b8fbc58f4bb689c93a881abee8f_d3d3Lmlpcy5zZQk5MS4yMjYuMzcuMjE0-0-0.png</path>
	<source>
		<database>Unknown</database>
	</source>
	<size>
		<width>480</width>
		<height>282</height>
		<depth>3</depth>
	</size>
	<segmented>0</segmented>
	<object>
		<name>bar</name>
		<pose>Unspecified</pose>
		<truncated>0</truncated>
		<difficult>0</difficult>
		<bndbox>
			<xmin>13</xmin>
			<ymin>11</ymin>
			<xmax>474</xmax>
			<ymax>272</ymax>
		</bndbox>
	</object>
</annotation>
