<annotation>
	<folder>bar</folder>
	<filename>8a538808dbaf765b8ca378a1c89cbdef_d2ViLnRhaW5hbi5nb3YudHcJMTIyLjE0Ni4yMDUuMjQ4.xls-1-0.png</filename>
	<path>/home/rahuls/Projects/Data Extraction from charts/Images/bardata(1031)/bar/images/bar/8a538808dbaf765b8ca378a1c89cbdef_d2ViLnRhaW5hbi5nb3YudHcJMTIyLjE0Ni4yMDUuMjQ4.xls-1-0.png</path>
	<source>
		<database>Unknown</database>
	</source>
	<size>
		<width>523</width>
		<height>249</height>
		<depth>3</depth>
	</size>
	<segmented>0</segmented>
	<object>
		<name>bar</name>
		<pose>Unspecified</pose>
		<truncated>0</truncated>
		<difficult>0</difficult>
		<bndbox>
			<xmin>3</xmin>
			<ymin>13</ymin>
			<xmax>506</xmax>
			<ymax>208</ymax>
		</bndbox>
	</object>
</annotation>
