<annotation>
	<folder>bar</folder>
	<filename>8aa88c12c009cbf27f491f7b4ab3ff80_d3d3LndoYXRkb3RoZXlrbm93LmNvbQk0Ni40My4zOS4xMDg=.xls-2-2.png</filename>
	<path>/home/rahuls/Projects/Data Extraction from charts/Images/bardata(1031)/bar/images/bar/8aa88c12c009cbf27f491f7b4ab3ff80_d3d3LndoYXRkb3RoZXlrbm93LmNvbQk0Ni40My4zOS4xMDg=.xls-2-2.png</path>
	<source>
		<database>Unknown</database>
	</source>
	<size>
		<width>385</width>
		<height>307</height>
		<depth>3</depth>
	</size>
	<segmented>0</segmented>
	<object>
		<name>bar</name>
		<pose>Unspecified</pose>
		<truncated>1</truncated>
		<difficult>0</difficult>
		<bndbox>
			<xmin>29</xmin>
			<ymin>11</ymin>
			<xmax>383</xmax>
			<ymax>307</ymax>
		</bndbox>
	</object>
</annotation>
