<annotation>
	<folder>bar</folder>
	<filename>8af070e2e470c16656c71c7da685e9dc_ZWMuZXVyb3BhLmV1CTE0Ny42Ny4xMTkuMTM2-4-0.png</filename>
	<path>/home/rahuls/Projects/Data Extraction from charts/Images/bardata(1031)/bar/images/bar/8af070e2e470c16656c71c7da685e9dc_ZWMuZXVyb3BhLmV1CTE0Ny42Ny4xMTkuMTM2-4-0.png</path>
	<source>
		<database>Unknown</database>
	</source>
	<size>
		<width>976</width>
		<height>502</height>
		<depth>3</depth>
	</size>
	<segmented>0</segmented>
	<object>
		<name>bar</name>
		<pose>Unspecified</pose>
		<truncated>1</truncated>
		<difficult>0</difficult>
		<bndbox>
			<xmin>11</xmin>
			<ymin>6</ymin>
			<xmax>976</xmax>
			<ymax>499</ymax>
		</bndbox>
	</object>
</annotation>
