<annotation>
	<folder>bar</folder>
	<filename>8b2cf4bab3823fb10258cf9201f636ce_c3R1ZGllczIuaGVjLmZyCTE5My41MS4xNi4yNDI=.xls-1-1.png</filename>
	<path>/home/rahuls/Projects/Data Extraction from charts/Images/bardata(1031)/bar/images/bar/8b2cf4bab3823fb10258cf9201f636ce_c3R1ZGllczIuaGVjLmZyCTE5My41MS4xNi4yNDI=.xls-1-1.png</path>
	<source>
		<database>Unknown</database>
	</source>
	<size>
		<width>273</width>
		<height>478</height>
		<depth>3</depth>
	</size>
	<segmented>0</segmented>
	<object>
		<name>bar</name>
		<pose>Unspecified</pose>
		<truncated>0</truncated>
		<difficult>0</difficult>
		<bndbox>
			<xmin>13</xmin>
			<ymin>10</ymin>
			<xmax>268</xmax>
			<ymax>475</ymax>
		</bndbox>
	</object>
</annotation>
