<annotation>
	<folder>bar</folder>
	<filename>8b2e8d9b16cb23ab0ad1516e2d9ebab7_bmV3cy5paHNtYXJraXQuY29tCTIwNC44LjE3My4xNTY=.xls-0-0.png</filename>
	<path>/home/rahuls/Projects/Data Extraction from charts/Images/bardata(1031)/bar/images/bar/8b2e8d9b16cb23ab0ad1516e2d9ebab7_bmV3cy5paHNtYXJraXQuY29tCTIwNC44LjE3My4xNTY=.xls-0-0.png</path>
	<source>
		<database>Unknown</database>
	</source>
	<size>
		<width>590</width>
		<height>303</height>
		<depth>3</depth>
	</size>
	<segmented>0</segmented>
	<object>
		<name>bar</name>
		<pose>Unspecified</pose>
		<truncated>1</truncated>
		<difficult>0</difficult>
		<bndbox>
			<xmin>16</xmin>
			<ymin>10</ymin>
			<xmax>590</xmax>
			<ymax>301</ymax>
		</bndbox>
	</object>
</annotation>
