<annotation>
	<folder>bar</folder>
	<filename>8b4f9c6c408785abd02ef05ff2dcc74e_d3d3LmdlcGUubWluLWVkdS5wdAkyMTIuNTUuMTQzLjk=.xls-2-0.png</filename>
	<path>/home/rahuls/Projects/Data Extraction from charts/Images/bardata(1031)/bar/images/bar/8b4f9c6c408785abd02ef05ff2dcc74e_d3d3LmdlcGUubWluLWVkdS5wdAkyMTIuNTUuMTQzLjk=.xls-2-0.png</path>
	<source>
		<database>Unknown</database>
	</source>
	<size>
		<width>1032</width>
		<height>407</height>
		<depth>3</depth>
	</size>
	<segmented>0</segmented>
	<object>
		<name>bar</name>
		<pose>Unspecified</pose>
		<truncated>1</truncated>
		<difficult>0</difficult>
		<bndbox>
			<xmin>9</xmin>
			<ymin>17</ymin>
			<xmax>1032</xmax>
			<ymax>403</ymax>
		</bndbox>
	</object>
</annotation>
