<annotation>
	<folder>val2019</folder>
	<filename>fa1d4261daf7d77bbaad4c2bbc67290e_aG9tZS5rZWxsZXkuaXVwdWkuZWR1CTEzNC42OC45My42MA==-13-0.png</filename>
	<path>/home/user/sample/val2019/fa1d4261daf7d77bbaad4c2bbc67290e_aG9tZS5rZWxsZXkuaXVwdWkuZWR1CTEzNC42OC45My42MA==-13-0.png</path>
	<source>
		<database>Unknown</database>
	</source>
	<size>
		<width>684</width>
		<height>521</height>
		<depth>3</depth>
	</size>
	<segmented>0</segmented>
	<object>
		<name>line</name>
		<pose>Unspecified</pose>
		<truncated>0</truncated>
		<difficult>0</difficult>
		<bndbox>
			<xmin>15</xmin>
			<ymin>12</ymin>
			<xmax>682</xmax>
			<ymax>508</ymax>
		</bndbox>
	</object>
</annotation>
