<annotation>
	<folder>val2019</folder>
	<filename>fa2a14333a8fd499b13740af28e7b92a_d3d3LnRoZWxvbmd0YWlsLmNvbQkxMDQuMTYuMTA2LjEyMw==.xls-0-1.png</filename>
	<path>/home/user/sample/val2019/fa2a14333a8fd499b13740af28e7b92a_d3d3LnRoZWxvbmd0YWlsLmNvbQkxMDQuMTYuMTA2LjEyMw==.xls-0-1.png</path>
	<source>
		<database>Unknown</database>
	</source>
	<size>
		<width>542</width>
		<height>388</height>
		<depth>3</depth>
	</size>
	<segmented>0</segmented>
	<object>
		<name>line</name>
		<pose>Unspecified</pose>
		<truncated>0</truncated>
		<difficult>0</difficult>
		<bndbox>
			<xmin>21</xmin>
			<ymin>20</ymin>
			<xmax>540</xmax>
			<ymax>361</ymax>
		</bndbox>
	</object>
</annotation>
