<annotation>
	<folder>val2019</folder>
	<filename>fa2a003c03ae2590a4560fcb41f92140_d3d3LnByZWYuZnVrdWkuanAJMjIwLjIxMy4xODguMw==.xls-3-0.png</filename>
	<path>/home/user/sample/val2019/fa2a003c03ae2590a4560fcb41f92140_d3d3LnByZWYuZnVrdWkuanAJMjIwLjIxMy4xODguMw==.xls-3-0.png</path>
	<source>
		<database>Unknown</database>
	</source>
	<size>
		<width>397</width>
		<height>296</height>
		<depth>3</depth>
	</size>
	<segmented>0</segmented>
	<object>
		<name>line</name>
		<pose>Unspecified</pose>
		<truncated>0</truncated>
		<difficult>0</difficult>
		<bndbox>
			<xmin>9</xmin>
			<ymin>11</ymin>
			<xmax>395</xmax>
			<ymax>293</ymax>
		</bndbox>
	</object>
</annotation>
