<annotation>
	<folder>val2019</folder>
	<filename>fa33eff3f375155ca62e791e0cd4641d_d3d3Lm1nZXguY29tCTIwOS40MS4xOTAuMTk1.xls-1-1.png</filename>
	<path>/home/user/sample/val2019/fa33eff3f375155ca62e791e0cd4641d_d3d3Lm1nZXguY29tCTIwOS40MS4xOTAuMTk1.xls-1-1.png</path>
	<source>
		<database>Unknown</database>
	</source>
	<size>
		<width>555</width>
		<height>344</height>
		<depth>3</depth>
	</size>
	<segmented>0</segmented>
	<object>
		<name>line</name>
		<pose>Unspecified</pose>
		<truncated>0</truncated>
		<difficult>0</difficult>
		<bndbox>
			<xmin>12</xmin>
			<ymin>7</ymin>
			<xmax>552</xmax>
			<ymax>340</ymax>
		</bndbox>
	</object>
</annotation>
