<annotation>
	<folder>val2019</folder>
	<filename>fa52b2111936ca32f5de767caa3b120d_c3RyZXNzLXRlc3QuZWJhLmV1cm9wYS5ldQk2Mi4xOTIuNjcuNzM=-1-0.png</filename>
	<path>/home/user/sample/val2019/fa52b2111936ca32f5de767caa3b120d_c3RyZXNzLXRlc3QuZWJhLmV1cm9wYS5ldQk2Mi4xOTIuNjcuNzM=-1-0.png</path>
	<source>
		<database>Unknown</database>
	</source>
	<size>
		<width>607</width>
		<height>491</height>
		<depth>3</depth>
	</size>
	<segmented>0</segmented>
	<object>
		<name>line</name>
		<pose>Unspecified</pose>
		<truncated>1</truncated>
		<difficult>0</difficult>
		<bndbox>
			<xmin>11</xmin>
			<ymin>3</ymin>
			<xmax>604</xmax>
			<ymax>491</ymax>
		</bndbox>
	</object>
</annotation>
