<annotation>
	<folder>val2019</folder>
	<filename>fa61e4607d348a1b1575a4f0c9d1e5bf_d3d3LnByZWYuY2hpYmEubGcuanAJMTE0LjE3OS4yMDEuMQ==.xls-1-0.png</filename>
	<path>/home/user/sample/val2019/fa61e4607d348a1b1575a4f0c9d1e5bf_d3d3LnByZWYuY2hpYmEubGcuanAJMTE0LjE3OS4yMDEuMQ==.xls-1-0.png</path>
	<source>
		<database>Unknown</database>
	</source>
	<size>
		<width>313</width>
		<height>222</height>
		<depth>3</depth>
	</size>
	<segmented>0</segmented>
	<object>
		<name>line</name>
		<pose>Unspecified</pose>
		<truncated>0</truncated>
		<difficult>0</difficult>
		<bndbox>
			<xmin>9</xmin>
			<ymin>8</ymin>
			<xmax>295</xmax>
			<ymax>206</ymax>
		</bndbox>
	</object>
</annotation>
