<annotation>
	<folder>val2019</folder>
	<filename>fa82f9190854ebabcd3d01a204ae3597_d3d3LnByZWYuY2hpYmEubGcuanAJMTE0LjE3OS4yMDEuMQ==-1-0.png</filename>
	<path>/home/user/sample/val2019/fa82f9190854ebabcd3d01a204ae3597_d3d3LnByZWYuY2hpYmEubGcuanAJMTE0LjE3OS4yMDEuMQ==-1-0.png</path>
	<source>
		<database>Unknown</database>
	</source>
	<size>
		<width>312</width>
		<height>214</height>
		<depth>3</depth>
	</size>
	<segmented>0</segmented>
	<object>
		<name>line</name>
		<pose>Unspecified</pose>
		<truncated>1</truncated>
		<difficult>0</difficult>
		<bndbox>
			<xmin>11</xmin>
			<ymin>11</ymin>
			<xmax>312</xmax>
			<ymax>213</ymax>
		</bndbox>
	</object>
</annotation>
