<annotation>
	<folder>val2019</folder>
	<filename>fa86ce1ca3738a8aee3ff1e4c16d5e85_d3d3Lm9lY2Qub3JnCTc4LjQxLjEyOC4xNDA=-0-0.png</filename>
	<path>/home/user/sample/val2019/fa86ce1ca3738a8aee3ff1e4c16d5e85_d3d3Lm9lY2Qub3JnCTc4LjQxLjEyOC4xNDA=-0-0.png</path>
	<source>
		<database>Unknown</database>
	</source>
	<size>
		<width>480</width>
		<height>335</height>
		<depth>3</depth>
	</size>
	<segmented>0</segmented>
	<object>
		<name>line</name>
		<pose>Unspecified</pose>
		<truncated>1</truncated>
		<difficult>0</difficult>
		<bndbox>
			<xmin>12</xmin>
			<ymin>41</ymin>
			<xmax>467</xmax>
			<ymax>335</ymax>
		</bndbox>
	</object>
</annotation>
