<annotation>
	<folder>val2019</folder>
	<filename>faa87df8bcd4ed890bde084ae0d52199_d3d3LmUtY29udHJvbC5hdAk5MS4yMzMuMTkxLjMy-0-0.png</filename>
	<path>/home/user/sample/val2019/faa87df8bcd4ed890bde084ae0d52199_d3d3LmUtY29udHJvbC5hdAk5MS4yMzMuMTkxLjMy-0-0.png</path>
	<source>
		<database>Unknown</database>
	</source>
	<size>
		<width>610</width>
		<height>462</height>
		<depth>3</depth>
	</size>
	<segmented>0</segmented>
	<object>
		<name>line</name>
		<pose>Unspecified</pose>
		<truncated>1</truncated>
		<difficult>0</difficult>
		<bndbox>
			<xmin>8</xmin>
			<ymin>9</ymin>
			<xmax>610</xmax>
			<ymax>453</ymax>
		</bndbox>
	</object>
</annotation>
