<annotation>
	<folder>val2019</folder>
	<filename>faaaf0ac8be723236d64eaf44f0ddd72_d3d3LnBkYy53YS5nb3YuYXUJMjAzLjU1LjE4LjExNA==-4-0.png</filename>
	<path>/home/user/sample/val2019/faaaf0ac8be723236d64eaf44f0ddd72_d3d3LnBkYy53YS5nb3YuYXUJMjAzLjU1LjE4LjExNA==-4-0.png</path>
	<source>
		<database>Unknown</database>
	</source>
	<size>
		<width>962</width>
		<height>438</height>
		<depth>3</depth>
	</size>
	<segmented>0</segmented>
	<object>
		<name>line</name>
		<pose>Unspecified</pose>
		<truncated>1</truncated>
		<difficult>0</difficult>
		<bndbox>
			<xmin>17</xmin>
			<ymin>6</ymin>
			<xmax>962</xmax>
			<ymax>438</ymax>
		</bndbox>
	</object>
</annotation>
