<annotation>
	<folder>val2019</folder>
	<filename>fabf735bf977252e3b7dc82b81c6ef5d_cGFuLnhpY2kuY29tCTIwMy4xMzAuNTQuMjI1.xls-4-1.png</filename>
	<path>/home/user/sample/val2019/fabf735bf977252e3b7dc82b81c6ef5d_cGFuLnhpY2kuY29tCTIwMy4xMzAuNTQuMjI1.xls-4-1.png</path>
	<source>
		<database>Unknown</database>
	</source>
	<size>
		<width>335</width>
		<height>143</height>
		<depth>3</depth>
	</size>
	<segmented>0</segmented>
	<object>
		<name>line</name>
		<pose>Unspecified</pose>
		<truncated>1</truncated>
		<difficult>0</difficult>
		<bndbox>
			<xmin>13</xmin>
			<ymin>5</ymin>
			<xmax>335</xmax>
			<ymax>137</ymax>
		</bndbox>
	</object>
</annotation>
