<annotation>
	<folder>val2019</folder>
	<filename>fac155d37e521aa28b7dea0ab2a28b03_d3d3LnRhb3l1YW4tYWlycG9ydC5jb20JNjAuMjQ0LjEyNC4zMQ==.xls-0-2.png</filename>
	<path>/home/user/sample/val2019/fac155d37e521aa28b7dea0ab2a28b03_d3d3LnRhb3l1YW4tYWlycG9ydC5jb20JNjAuMjQ0LjEyNC4zMQ==.xls-0-2.png</path>
	<source>
		<database>Unknown</database>
	</source>
	<size>
		<width>712</width>
		<height>362</height>
		<depth>3</depth>
	</size>
	<segmented>0</segmented>
	<object>
		<name>line</name>
		<pose>Unspecified</pose>
		<truncated>1</truncated>
		<difficult>0</difficult>
		<bndbox>
			<xmin>18</xmin>
			<ymin>8</ymin>
			<xmax>712</xmax>
			<ymax>349</ymax>
		</bndbox>
	</object>
</annotation>
