<annotation>
	<folder>val2019</folder>
	<filename>facb155481ebfc9678c195c9ed4917c9_d3d3LnN0YXRpc3Rpay50aHVlcmluZ2VuLmRlCTE5NS4xOTEuMTUuMTU1.xls-13-0.png</filename>
	<path>/home/user/sample/val2019/facb155481ebfc9678c195c9ed4917c9_d3d3LnN0YXRpc3Rpay50aHVlcmluZ2VuLmRlCTE5NS4xOTEuMTUuMTU1.xls-13-0.png</path>
	<source>
		<database>Unknown</database>
	</source>
	<size>
		<width>613</width>
		<height>956</height>
		<depth>3</depth>
	</size>
	<segmented>0</segmented>
	<object>
		<name>line</name>
		<pose>Unspecified</pose>
		<truncated>0</truncated>
		<difficult>0</difficult>
		<bndbox>
			<xmin>14</xmin>
			<ymin>27</ymin>
			<xmax>581</xmax>
			<ymax>908</ymax>
		</bndbox>
	</object>
</annotation>
