<annotation>
	<folder>JPEGImages</folder>
	<filename>image11.png</filename>
	<path>/home/rahuls/Projects/Data Extraction from charts/Images/For training/JPEGImages/image11.png</path>
	<source>
		<database>Unknown</database>
	</source>
	<size>
		<width>800</width>
		<height>800</height>
		<depth>3</depth>
	</size>
	<segmented>0</segmented>
	<object>
		<name>pie</name>
		<pose>Unspecified</pose>
		<truncated>1</truncated>
		<difficult>0</difficult>
		<bndbox>
			<xmin>1</xmin>
			<ymin>3</ymin>
			<xmax>211</xmax>
			<ymax>197</ymax>
		</bndbox>
	</object>
	<object>
		<name>line</name>
		<pose>Unspecified</pose>
		<truncated>1</truncated>
		<difficult>0</difficult>
		<bndbox>
			<xmin>404</xmin>
			<ymin>1</ymin>
			<xmax>795</xmax>
			<ymax>335</ymax>
		</bndbox>
	</object>
	<object>
		<name>bar</name>
		<pose>Unspecified</pose>
		<truncated>0</truncated>
		<difficult>0</difficult>
		<bndbox>
			<xmin>7</xmin>
			<ymin>406</ymin>
			<xmax>407</xmax>
			<ymax>593</ymax>
		</bndbox>
	</object>
	<object>
		<name>bar</name>
		<pose>Unspecified</pose>
		<truncated>0</truncated>
		<difficult>0</difficult>
		<bndbox>
			<xmin>407</xmin>
			<ymin>380</ymin>
			<xmax>799</xmax>
			<ymax>628</ymax>
		</bndbox>
	</object>
</annotation>
