<annotation>
	<folder>JPEGImages</folder>
	<filename>image41.png</filename>
	<path>/home/rahuls/Projects/Data Extraction from charts/Images/For training/JPEGImages/image41.png</path>
	<source>
		<database>Unknown</database>
	</source>
	<size>
		<width>800</width>
		<height>800</height>
		<depth>3</depth>
	</size>
	<segmented>0</segmented>
	<object>
		<name>pie</name>
		<pose>Unspecified</pose>
		<truncated>1</truncated>
		<difficult>0</difficult>
		<bndbox>
			<xmin>1</xmin>
			<ymin>1</ymin>
			<xmax>389</xmax>
			<ymax>225</ymax>
		</bndbox>
	</object>
	<object>
		<name>pie</name>
		<pose>Unspecified</pose>
		<truncated>0</truncated>
		<difficult>0</difficult>
		<bndbox>
			<xmin>421</xmin>
			<ymin>402</ymin>
			<xmax>781</xmax>
			<ymax>796</ymax>
		</bndbox>
	</object>
	<object>
		<name>bar</name>
		<pose>Unspecified</pose>
		<truncated>1</truncated>
		<difficult>0</difficult>
		<bndbox>
			<xmin>397</xmin>
			<ymin>1</ymin>
			<xmax>800</xmax>
			<ymax>209</ymax>
		</bndbox>
	</object>
	<object>
		<name>bar</name>
		<pose>Unspecified</pose>
		<truncated>0</truncated>
		<difficult>0</difficult>
		<bndbox>
			<xmin>2</xmin>
			<ymin>400</ymin>
			<xmax>403</xmax>
			<ymax>682</ymax>
		</bndbox>
	</object>
</annotation>
