<annotation>
	<folder>JPEGImages</folder>
	<filename>mult4.png</filename>
	<path>/home/user/miscs/tt/JPEGImages/mult4.png</path>
	<source>
		<database>Unknown</database>
	</source>
	<size>
		<width>251</width>
		<height>201</height>
		<depth>3</depth>
	</size>
	<segmented>0</segmented>
	<object>
		<name>line</name>
		<pose>Unspecified</pose>
		<truncated>1</truncated>
		<difficult>0</difficult>
		<bndbox>
			<xmin>1</xmin>
			<ymin>9</ymin>
			<xmax>80</xmax>
			<ymax>101</ymax>
		</bndbox>
	</object>
	<object>
		<name>bar</name>
		<pose>Unspecified</pose>
		<truncated>0</truncated>
		<difficult>0</difficult>
		<bndbox>
			<xmin>172</xmin>
			<ymin>6</ymin>
			<xmax>244</xmax>
			<ymax>103</ymax>
		</bndbox>
	</object>
	<object>
		<name>pie</name>
		<pose>Unspecified</pose>
		<truncated>0</truncated>
		<difficult>0</difficult>
		<bndbox>
			<xmin>98</xmin>
			<ymin>123</ymin>
			<xmax>157</xmax>
			<ymax>178</ymax>
		</bndbox>
	</object>
</annotation>
