<annotation>
	<folder>JPEGImages</folder>
	<filename>257.jpg</filename>
	<path>/home/user/deeprule/format image/JPEGImages/257.jpg</path>
	<source>
		<database>Unknown</database>
	</source>
	<size>
		<width>302</width>
		<height>302</height>
		<depth>3</depth>
	</size>
	<segmented>0</segmented>
	<object>
		<name>pie</name>
		<pose>Unspecified</pose>
		<truncated>0</truncated>
		<difficult>0</difficult>
		<bndbox>
			<xmin>35</xmin>
			<ymin>37</ymin>
			<xmax>270</xmax>
			<ymax>267</ymax>
		</bndbox>
	</object>
</annotation>
