<annotation>
	<folder>JPEGImages</folder>
	<filename>292.jpg</filename>
	<path>/home/user/deeprule/format image/JPEGImages/292.jpg</path>
	<source>
		<database>Unknown</database>
	</source>
	<size>
		<width>345</width>
		<height>302</height>
		<depth>3</depth>
	</size>
	<segmented>0</segmented>
	<object>
		<name>pie</name>
		<pose>Unspecified</pose>
		<truncated>1</truncated>
		<difficult>0</difficult>
		<bndbox>
			<xmin>27</xmin>
			<ymin>11</ymin>
			<xmax>312</xmax>
			<ymax>302</ymax>
		</bndbox>
	</object>
</annotation>
