<annotation>
	<folder>JPEGImages</folder>
	<filename>362.jpg</filename>
	<path>/home/user/deeprule/format image/JPEGImages/362.jpg</path>
	<source>
		<database>Unknown</database>
	</source>
	<size>
		<width>478</width>
		<height>319</height>
		<depth>3</depth>
	</size>
	<segmented>0</segmented>
	<object>
		<name>line</name>
		<pose>Unspecified</pose>
		<truncated>1</truncated>
		<difficult>0</difficult>
		<bndbox>
			<xmin>22</xmin>
			<ymin>4</ymin>
			<xmax>478</xmax>
			<ymax>319</ymax>
		</bndbox>
	</object>
</annotation>
