<annotation>
	<folder>JPEGImages</folder>
	<filename>370.jpg</filename>
	<path>/home/user/deeprule/format image/JPEGImages/370.jpg</path>
	<source>
		<database>Unknown</database>
	</source>
	<size>
		<width>506</width>
		<height>333</height>
		<depth>3</depth>
	</size>
	<segmented>0</segmented>
	<object>
		<name>line</name>
		<pose>Unspecified</pose>
		<truncated>0</truncated>
		<difficult>0</difficult>
		<bndbox>
			<xmin>34</xmin>
			<ymin>3</ymin>
			<xmax>504</xmax>
			<ymax>328</ymax>
		</bndbox>
	</object>
</annotation>
