<annotation>
	<folder>JPEGImages</folder>
	<filename>803.jpeg</filename>
	<path>/home/user/deeprule/format image/JPEGImages/803.jpeg</path>
	<source>
		<database>Unknown</database>
	</source>
	<size>
		<width>248</width>
		<height>203</height>
		<depth>3</depth>
	</size>
	<segmented>0</segmented>
	<object>
		<name>bar</name>
		<pose>Unspecified</pose>
		<truncated>0</truncated>
		<difficult>0</difficult>
		<bndbox>
			<xmin>7</xmin>
			<ymin>5</ymin>
			<xmax>244</xmax>
			<ymax>177</ymax>
		</bndbox>
	</object>
</annotation>
