<annotation>
	<folder>JPEGImages</folder>
	<filename>814.jpeg</filename>
	<path>/home/user/deeprule/format image/JPEGImages/814.jpeg</path>
	<source>
		<database>Unknown</database>
	</source>
	<size>
		<width>315</width>
		<height>160</height>
		<depth>3</depth>
	</size>
	<segmented>0</segmented>
	<object>
		<name>bar</name>
		<pose>Unspecified</pose>
		<truncated>0</truncated>
		<difficult>0</difficult>
		<bndbox>
			<xmin>5</xmin>
			<ymin>30</ymin>
			<xmax>248</xmax>
			<ymax>148</ymax>
		</bndbox>
	</object>
</annotation>
