<annotation>
	<folder>JPEGImages</folder>
	<filename>826.jpeg</filename>
	<path>/home/user/deeprule/format image/JPEGImages/826.jpeg</path>
	<source>
		<database>Unknown</database>
	</source>
	<size>
		<width>273</width>
		<height>184</height>
		<depth>3</depth>
	</size>
	<segmented>0</segmented>
	<object>
		<name>bar</name>
		<pose>Unspecified</pose>
		<truncated>0</truncated>
		<difficult>0</difficult>
		<bndbox>
			<xmin>8</xmin>
			<ymin>26</ymin>
			<xmax>114</xmax>
			<ymax>158</ymax>
		</bndbox>
	</object>
	<object>
		<name>bar</name>
		<pose>Unspecified</pose>
		<truncated>0</truncated>
		<difficult>0</difficult>
		<bndbox>
			<xmin>132</xmin>
			<ymin>31</ymin>
			<xmax>270</xmax>
			<ymax>135</ymax>
		</bndbox>
	</object>
</annotation>
