<annotation>
	<folder>JPEGImages</folder>
	<filename>833.jpg</filename>
	<path>/home/user/deeprule/format image/JPEGImages/833.jpg</path>
	<source>
		<database>Unknown</database>
	</source>
	<size>
		<width>1915</width>
		<height>675</height>
		<depth>3</depth>
	</size>
	<segmented>0</segmented>
	<object>
		<name>bar</name>
		<pose>Unspecified</pose>
		<truncated>0</truncated>
		<difficult>0</difficult>
		<bndbox>
			<xmin>48</xmin>
			<ymin>79</ymin>
			<xmax>721</xmax>
			<ymax>656</ymax>
		</bndbox>
	</object>
	<object>
		<name>line</name>
		<pose>Unspecified</pose>
		<truncated>0</truncated>
		<difficult>0</difficult>
		<bndbox>
			<xmin>796</xmin>
			<ymin>88</ymin>
			<xmax>1346</xmax>
			<ymax>652</ymax>
		</bndbox>
	</object>
	<object>
		<name>line</name>
		<pose>Unspecified</pose>
		<truncated>0</truncated>
		<difficult>0</difficult>
		<bndbox>
			<xmin>1393</xmin>
			<ymin>86</ymin>
			<xmax>1884</xmax>
			<ymax>652</ymax>
		</bndbox>
	</object>
</annotation>
