<annotation>
	<folder>JPEGImages</folder>
	<filename>849.jpeg</filename>
	<path>/home/user/deeprule/format image/JPEGImages/849.jpeg</path>
	<source>
		<database>Unknown</database>
	</source>
	<size>
		<width>300</width>
		<height>168</height>
		<depth>3</depth>
	</size>
	<segmented>0</segmented>
	<object>
		<name>line</name>
		<pose>Unspecified</pose>
		<truncated>0</truncated>
		<difficult>0</difficult>
		<bndbox>
			<xmin>168</xmin>
			<ymin>27</ymin>
			<xmax>282</xmax>
			<ymax>102</ymax>
		</bndbox>
	</object>
</annotation>
