<annotation>
	<folder>JPEGImages</folder>
	<filename>856.jpg</filename>
	<path>/home/user/deeprule/format image/JPEGImages/856.jpg</path>
	<source>
		<database>Unknown</database>
	</source>
	<size>
		<width>944</width>
		<height>506</height>
		<depth>3</depth>
	</size>
	<segmented>0</segmented>
	<object>
		<name>bar</name>
		<pose>Unspecified</pose>
		<truncated>0</truncated>
		<difficult>0</difficult>
		<bndbox>
			<xmin>52</xmin>
			<ymin>3</ymin>
			<xmax>897</xmax>
			<ymax>498</ymax>
		</bndbox>
	</object>
</annotation>
