<annotation>
	<folder>JPEGImages</folder>
	<filename>883.jpeg</filename>
	<path>/home/user/deeprule/format image/JPEGImages/883.jpeg</path>
	<source>
		<database>Unknown</database>
	</source>
	<size>
		<width>244</width>
		<height>207</height>
		<depth>3</depth>
	</size>
	<segmented>0</segmented>
	<object>
		<name>bar</name>
		<pose>Unspecified</pose>
		<truncated>1</truncated>
		<difficult>0</difficult>
		<bndbox>
			<xmin>1</xmin>
			<ymin>26</ymin>
			<xmax>214</xmax>
			<ymax>201</ymax>
		</bndbox>
	</object>
</annotation>
