<annotation>
	<folder>JPEGImages</folder>
	<filename>image (4).jpeg</filename>
	<path>/home/user/deeprule/format image/JPEGImages/image4.jpeg</path>
	<source>
		<database>Unknown</database>
	</source>
	<size>
		<width>277</width>
		<height>182</height>
		<depth>3</depth>
	</size>
	<segmented>0</segmented>
	<object>
		<name>bar</name>
		<pose>Unspecified</pose>
		<truncated>1</truncated>
		<difficult>0</difficult>
		<bndbox>
			<xmin>13</xmin>
			<ymin>1</ymin>
			<xmax>277</xmax>
			<ymax>182</ymax>
		</bndbox>
	</object>
</annotation>
