<annotation>
	<folder>JPEGImages</folder>
	<filename>image (5).jpeg</filename>
	<path>/home/user/deeprule/format image/JPEGImages/image5.jpeg</path>
	<source>
		<database>Unknown</database>
	</source>
	<size>
		<width>303</width>
		<height>166</height>
		<depth>3</depth>
	</size>
	<segmented>0</segmented>
	<object>
		<name>bar</name>
		<pose>Unspecified</pose>
		<truncated>1</truncated>
		<difficult>0</difficult>
		<bndbox>
			<xmin>1</xmin>
			<ymin>14</ymin>
			<xmax>297</xmax>
			<ymax>164</ymax>
		</bndbox>
	</object>
</annotation>
