<annotation>
	<folder>bar</folder>
	<filename>8a248de3195781041bf1021c5faf5d2f_bWIuY2lzaW9uLmNvbQkxMy4zMi4xNzkuMjE=.xls-2-0.png</filename>
	<path>/home/rahuls/Projects/Data Extraction from charts/Images/bardata(1031)/bar/images/bar/8a248de3195781041bf1021c5faf5d2f_bWIuY2lzaW9uLmNvbQkxMy4zMi4xNzkuMjE=.xls-2-0.png</path>
	<source>
		<database>Unknown</database>
	</source>
	<size>
		<width>885</width>
		<height>502</height>
		<depth>3</depth>
	</size>
	<segmented>0</segmented>
	<object>
		<name>bar</name>
		<pose>Unspecified</pose>
		<truncated>0</truncated>
		<difficult>0</difficult>
		<bndbox>
			<xmin>58</xmin>
			<ymin>17</ymin>
			<xmax>853</xmax>
			<ymax>463</ymax>
		</bndbox>
	</object>
</annotation>
