<annotation>
	<folder>bar</folder>
	<filename>8a36dda21628459fa2fb9f10fb90105a_d3d3LmVudi5nby5qcAkxNTEuMTAxLjU0LjI=.xls-0-0.png</filename>
	<path>/home/rahuls/Projects/Data Extraction from charts/Images/bardata(1031)/bar/images/bar/8a36dda21628459fa2fb9f10fb90105a_d3d3LmVudi5nby5qcAkxNTEuMTAxLjU0LjI=.xls-0-0.png</path>
	<source>
		<database>Unknown</database>
	</source>
	<size>
		<width>973</width>
		<height>537</height>
		<depth>3</depth>
	</size>
	<segmented>0</segmented>
	<object>
		<name>bar</name>
		<pose>Unspecified</pose>
		<truncated>0</truncated>
		<difficult>0</difficult>
		<bndbox>
			<xmin>7</xmin>
			<ymin>10</ymin>
			<xmax>948</xmax>
			<ymax>522</ymax>
		</bndbox>
	</object>
</annotation>
