<annotation>
	<folder>bar</folder>
	<filename>8a73f3cead6de181d23095435da6cec7_d2lza3VuZGUuc3RtaWNoYWVsY29sbGVnZS5ubAk5NC4yMjguMTM3Ljcx.xls-3-0.png</filename>
	<path>/home/rahuls/Projects/Data Extraction from charts/Images/bardata(1031)/bar/images/bar/8a73f3cead6de181d23095435da6cec7_d2lza3VuZGUuc3RtaWNoYWVsY29sbGVnZS5ubAk5NC4yMjguMTM3Ljcx.xls-3-0.png</path>
	<source>
		<database>Unknown</database>
	</source>
	<size>
		<width>389</width>
		<height>382</height>
		<depth>3</depth>
	</size>
	<segmented>0</segmented>
	<object>
		<name>bar</name>
		<pose>Unspecified</pose>
		<truncated>0</truncated>
		<difficult>0</difficult>
		<bndbox>
			<xmin>17</xmin>
			<ymin>9</ymin>
			<xmax>386</xmax>
			<ymax>355</ymax>
		</bndbox>
	</object>
</annotation>
