<annotation>
	<folder>bar</folder>
	<filename>8ab57c3195032a371f01bdb88d02cb6a_d3d3Lm1iYXJpLm9yZwkxMDQuMTk2LjEuMjQy.xls-1-3.png</filename>
	<path>/home/rahuls/Projects/Data Extraction from charts/Images/bardata(1031)/bar/images/bar/8ab57c3195032a371f01bdb88d02cb6a_d3d3Lm1iYXJpLm9yZwkxMDQuMTk2LjEuMjQy.xls-1-3.png</path>
	<source>
		<database>Unknown</database>
	</source>
	<size>
		<width>794</width>
		<height>564</height>
		<depth>3</depth>
	</size>
	<segmented>0</segmented>
	<object>
		<name>bar</name>
		<pose>Unspecified</pose>
		<truncated>0</truncated>
		<difficult>0</difficult>
		<bndbox>
			<xmin>19</xmin>
			<ymin>9</ymin>
			<xmax>792</xmax>
			<ymax>537</ymax>
		</bndbox>
	</object>
</annotation>
