<annotation>
	<folder>bar</folder>
	<filename>8ac02d3657183316a6cfed1d2aa54024_d2lraS5saWIudXRjLmVkdQkxNTAuMTgyLjE0MC40Nw==.xls-0-0.png</filename>
	<path>/home/rahuls/Projects/Data Extraction from charts/Images/bardata(1031)/bar/images/bar/8ac02d3657183316a6cfed1d2aa54024_d2lraS5saWIudXRjLmVkdQkxNTAuMTgyLjE0MC40Nw==.xls-0-0.png</path>
	<source>
		<database>Unknown</database>
	</source>
	<size>
		<width>620</width>
		<height>541</height>
		<depth>3</depth>
	</size>
	<segmented>0</segmented>
	<object>
		<name>bar</name>
		<pose>Unspecified</pose>
		<truncated>0</truncated>
		<difficult>0</difficult>
		<bndbox>
			<xmin>2</xmin>
			<ymin>9</ymin>
			<xmax>613</xmax>
			<ymax>523</ymax>
		</bndbox>
	</object>
</annotation>
