<annotation>
	<folder>bar</folder>
	<filename>8acb4e02a812e8e12599f865bbd2bc8e_d3d3LmVlaS5vcmcJNjkuMTcyLjIwMC4xNzE=.xls-6-0.png</filename>
	<path>/home/rahuls/Projects/Data Extraction from charts/Images/bardata(1031)/bar/images/bar/8acb4e02a812e8e12599f865bbd2bc8e_d3d3LmVlaS5vcmcJNjkuMTcyLjIwMC4xNzE=.xls-6-0.png</path>
	<source>
		<database>Unknown</database>
	</source>
	<size>
		<width>781</width>
		<height>231</height>
		<depth>3</depth>
	</size>
	<segmented>0</segmented>
	<object>
		<name>bar</name>
		<pose>Unspecified</pose>
		<truncated>1</truncated>
		<difficult>0</difficult>
		<bndbox>
			<xmin>9</xmin>
			<ymin>38</ymin>
			<xmax>781</xmax>
			<ymax>225</ymax>
		</bndbox>
	</object>
</annotation>
