<annotation>
	<folder>JPEGImages</folder>
	<filename>9.jpeg</filename>
	<path>/home/user/deeprule/chartdata/JPEGImages/9.jpeg</path>
	<source>
		<database>Unknown</database>
	</source>
	<size>
		<width>960</width>
		<height>720</height>
		<depth>3</depth>
	</size>
	<segmented>0</segmented>
	<object>
		<name>bar</name>
		<pose>Unspecified</pose>
		<truncated>0</truncated>
		<difficult>0</difficult>
		<bndbox>
			<xmin>43</xmin>
			<ymin>63</ymin>
			<xmax>925</xmax>
			<ymax>650</ymax>
		</bndbox>
	</object>
</annotation>
