<annotation>
	<folder>val2019</folder>
	<filename>fa18016947987922af167eeeda617909_d3d3LnVzd2hlYXQub3JnCTcxLjE5MS4xMjguMjQ1.xls-0-1.png</filename>
	<path>/home/user/sample/val2019/fa18016947987922af167eeeda617909_d3d3LnVzd2hlYXQub3JnCTcxLjE5MS4xMjguMjQ1.xls-0-1.png</path>
	<source>
		<database>Unknown</database>
	</source>
	<size>
		<width>437</width>
		<height>313</height>
		<depth>3</depth>
	</size>
	<segmented>0</segmented>
	<object>
		<name>line</name>
		<pose>Unspecified</pose>
		<truncated>1</truncated>
		<difficult>0</difficult>
		<bndbox>
			<xmin>1</xmin>
			<ymin>11</ymin>
			<xmax>392</xmax>
			<ymax>308</ymax>
		</bndbox>
	</object>
</annotation>
