<annotation>
	<folder>val2019</folder>
	<filename>fa1ce690145e4ccad17b306bfeaf9cc1_d3d3LnN0dWR5cG9vbC5jb20JMTA0LjIwLjYzLjIy.xls-1-0.png</filename>
	<path>/home/user/sample/val2019/fa1ce690145e4ccad17b306bfeaf9cc1_d3d3LnN0dWR5cG9vbC5jb20JMTA0LjIwLjYzLjIy.xls-1-0.png</path>
	<source>
		<database>Unknown</database>
	</source>
	<size>
		<width>481</width>
		<height>289</height>
		<depth>3</depth>
	</size>
	<segmented>0</segmented>
	<object>
		<name>line</name>
		<pose>Unspecified</pose>
		<truncated>0</truncated>
		<difficult>0</difficult>
		<bndbox>
			<xmin>8</xmin>
			<ymin>14</ymin>
			<xmax>474</xmax>
			<ymax>281</ymax>
		</bndbox>
	</object>
</annotation>
