<annotation>
	<folder>val2019</folder>
	<filename>fa1da05d1d955c6decfa4c9c0181647f_d3d3LmRldmluZm8ub3JnCTEwNy4yMS4yMS4xMzU=.xls-1-4.png</filename>
	<path>/home/user/sample/val2019/fa1da05d1d955c6decfa4c9c0181647f_d3d3LmRldmluZm8ub3JnCTEwNy4yMS4yMS4xMzU=.xls-1-4.png</path>
	<source>
		<database>Unknown</database>
	</source>
	<size>
		<width>466</width>
		<height>382</height>
		<depth>3</depth>
	</size>
	<segmented>0</segmented>
	<object>
		<name>line</name>
		<pose>Unspecified</pose>
		<truncated>1</truncated>
		<difficult>0</difficult>
		<bndbox>
			<xmin>6</xmin>
			<ymin>43</ymin>
			<xmax>465</xmax>
			<ymax>382</ymax>
		</bndbox>
	</object>
</annotation>
