<annotation>
	<folder>val2019</folder>
	<filename>fa3466fcbedaed2ca2a1e343ba1dcec7_d3d3LnN2cy5jbAkyMDEuMTMxLjM4LjQw.xls-2-1.png</filename>
	<path>/home/user/sample/val2019/fa3466fcbedaed2ca2a1e343ba1dcec7_d3d3LnN2cy5jbAkyMDEuMTMxLjM4LjQw.xls-2-1.png</path>
	<source>
		<database>Unknown</database>
	</source>
	<size>
		<width>493</width>
		<height>266</height>
		<depth>3</depth>
	</size>
	<segmented>0</segmented>
	<object>
		<name>line</name>
		<pose>Unspecified</pose>
		<truncated>1</truncated>
		<difficult>0</difficult>
		<bndbox>
			<xmin>9</xmin>
			<ymin>10</ymin>
			<xmax>493</xmax>
			<ymax>266</ymax>
		</bndbox>
	</object>
</annotation>
