<annotation>
	<folder>val2019</folder>
	<filename>fa44b6214d9a12bde95dd9c272032067_d3d3LmluZm8td3IuZGUJMTk1LjMwLjYwLjE4Ng==.xls-0-0.png</filename>
	<path>/home/user/sample/val2019/fa44b6214d9a12bde95dd9c272032067_d3d3LmluZm8td3IuZGUJMTk1LjMwLjYwLjE4Ng==.xls-0-0.png</path>
	<source>
		<database>Unknown</database>
	</source>
	<size>
		<width>692</width>
		<height>499</height>
		<depth>3</depth>
	</size>
	<segmented>0</segmented>
	<object>
		<name>line</name>
		<pose>Unspecified</pose>
		<truncated>0</truncated>
		<difficult>0</difficult>
		<bndbox>
			<xmin>19</xmin>
			<ymin>3</ymin>
			<xmax>685</xmax>
			<ymax>480</ymax>
		</bndbox>
	</object>
</annotation>
