<annotation>
	<folder>val2019</folder>
	<filename>fa548ad6a6a8ddb90159850088c95e2a_d3d3LmRzcGFjZS5lc3BvbC5lZHUuZWMJMTkyLjE4OC41OS41Ng==-7-0.png</filename>
	<path>/home/user/sample/val2019/fa548ad6a6a8ddb90159850088c95e2a_d3d3LmRzcGFjZS5lc3BvbC5lZHUuZWMJMTkyLjE4OC41OS41Ng==-7-0.png</path>
	<source>
		<database>Unknown</database>
	</source>
	<size>
		<width>1052</width>
		<height>514</height>
		<depth>3</depth>
	</size>
	<segmented>0</segmented>
	<object>
		<name>line</name>
		<pose>Unspecified</pose>
		<truncated>0</truncated>
		<difficult>0</difficult>
		<bndbox>
			<xmin>37</xmin>
			<ymin>11</ymin>
			<xmax>1044</xmax>
			<ymax>503</ymax>
		</bndbox>
	</object>
</annotation>
