<annotation>
	<folder>val2019</folder>
	<filename>fa6342b93ae1a50bff1881a23e6927a6_d3d3LmRlaXMuY2wJMTYzLjI0Ny41MS40Ng==-3-0.png</filename>
	<path>/home/user/sample/val2019/fa6342b93ae1a50bff1881a23e6927a6_d3d3LmRlaXMuY2wJMTYzLjI0Ny41MS40Ng==-3-0.png</path>
	<source>
		<database>Unknown</database>
	</source>
	<size>
		<width>942</width>
		<height>549</height>
		<depth>3</depth>
	</size>
	<segmented>0</segmented>
	<object>
		<name>line</name>
		<pose>Unspecified</pose>
		<truncated>1</truncated>
		<difficult>0</difficult>
		<bndbox>
			<xmin>3</xmin>
			<ymin>11</ymin>
			<xmax>942</xmax>
			<ymax>541</ymax>
		</bndbox>
	</object>
</annotation>
