<annotation>
	<folder>val2019</folder>
	<filename>fa646233fe6ed558f0b0dd5411a8ee3c_d3d3LmV4dGVuZGEuZXMJMjE3LjEyLjI4LjExNw==.xls-1-0.png</filename>
	<path>/home/user/sample/val2019/fa646233fe6ed558f0b0dd5411a8ee3c_d3d3LmV4dGVuZGEuZXMJMjE3LjEyLjI4LjExNw==.xls-1-0.png</path>
	<source>
		<database>Unknown</database>
	</source>
	<size>
		<width>543</width>
		<height>316</height>
		<depth>3</depth>
	</size>
	<segmented>0</segmented>
	<object>
		<name>line</name>
		<pose>Unspecified</pose>
		<truncated>1</truncated>
		<difficult>0</difficult>
		<bndbox>
			<xmin>4</xmin>
			<ymin>8</ymin>
			<xmax>543</xmax>
			<ymax>314</ymax>
		</bndbox>
	</object>
</annotation>
