<annotation>
	<folder>val2019</folder>
	<filename>fa66697a43745c690c89afbc4a557b42_ZXBmLmVjbGlwc2Uub3JnCTE5OC40MS4zMC4yNDM=.xls-0-0.png</filename>
	<path>/home/user/sample/val2019/fa66697a43745c690c89afbc4a557b42_ZXBmLmVjbGlwc2Uub3JnCTE5OC40MS4zMC4yNDM=.xls-0-0.png</path>
	<source>
		<database>Unknown</database>
	</source>
	<size>
		<width>547</width>
		<height>419</height>
		<depth>3</depth>
	</size>
	<segmented>0</segmented>
	<object>
		<name>line</name>
		<pose>Unspecified</pose>
		<truncated>1</truncated>
		<difficult>0</difficult>
		<bndbox>
			<xmin>17</xmin>
			<ymin>13</ymin>
			<xmax>547</xmax>
			<ymax>402</ymax>
		</bndbox>
	</object>
</annotation>
