<annotation>
	<folder>val2019</folder>
	<filename>fa6ebcaed375bd99b97897d28087b13c_b3R0b21pbGFjZW5zdXMuaXN0YXQuaXQJMTkzLjIwNC45MC4yMg==-0-1.png</filename>
	<path>/home/user/sample/val2019/fa6ebcaed375bd99b97897d28087b13c_b3R0b21pbGFjZW5zdXMuaXN0YXQuaXQJMTkzLjIwNC45MC4yMg==-0-1.png</path>
	<source>
		<database>Unknown</database>
	</source>
	<size>
		<width>416</width>
		<height>264</height>
		<depth>3</depth>
	</size>
	<segmented>0</segmented>
	<object>
		<name>line</name>
		<pose>Unspecified</pose>
		<truncated>0</truncated>
		<difficult>0</difficult>
		<bndbox>
			<xmin>8</xmin>
			<ymin>11</ymin>
			<xmax>415</xmax>
			<ymax>261</ymax>
		</bndbox>
	</object>
</annotation>
