<annotation>
	<folder>val2019</folder>
	<filename>fa7d7e39d8b7132e4ced23ab0a8f41bd_d3d3LnJhci1ibS5kawkyMTIuOTcuMTMwLjEyMQ==-11-0.png</filename>
	<path>/home/user/sample/val2019/fa7d7e39d8b7132e4ced23ab0a8f41bd_d3d3LnJhci1ibS5kawkyMTIuOTcuMTMwLjEyMQ==-11-0.png</path>
	<source>
		<database>Unknown</database>
	</source>
	<size>
		<width>655</width>
		<height>542</height>
		<depth>3</depth>
	</size>
	<segmented>0</segmented>
	<object>
		<name>line</name>
		<pose>Unspecified</pose>
		<truncated>1</truncated>
		<difficult>0</difficult>
		<bndbox>
			<xmin>13</xmin>
			<ymin>1</ymin>
			<xmax>644</xmax>
			<ymax>531</ymax>
		</bndbox>
	</object>
</annotation>
