<annotation>
	<folder>val2019</folder>
	<filename>fa8d62f192933e02d6b66077c8d33849_d3d3LnByZWYuY2hpYmEubGcuanAJMTE0LjE3OS4yMDEuMQ==-2-1.png</filename>
	<path>/home/user/sample/val2019/fa8d62f192933e02d6b66077c8d33849_d3d3LnByZWYuY2hpYmEubGcuanAJMTE0LjE3OS4yMDEuMQ==-2-1.png</path>
	<source>
		<database>Unknown</database>
	</source>
	<size>
		<width>310</width>
		<height>209</height>
		<depth>3</depth>
	</size>
	<segmented>0</segmented>
	<object>
		<name>line</name>
		<pose>Unspecified</pose>
		<truncated>0</truncated>
		<difficult>0</difficult>
		<bndbox>
			<xmin>5</xmin>
			<ymin>12</ymin>
			<xmax>289</xmax>
			<ymax>197</ymax>
		</bndbox>
	</object>
</annotation>
