<annotation>
	<folder>val2019</folder>
	<filename>fa988ce567a5d585044cbc01a5f94cba_d3d3LmV4Y2VsLWRvd25sb2Fkcy5jb20JOTEuMTIxLjMzLjM2-0-0.png</filename>
	<path>/home/user/sample/val2019/fa988ce567a5d585044cbc01a5f94cba_d3d3LmV4Y2VsLWRvd25sb2Fkcy5jb20JOTEuMTIxLjMzLjM2-0-0.png</path>
	<source>
		<database>Unknown</database>
	</source>
	<size>
		<width>481</width>
		<height>289</height>
		<depth>3</depth>
	</size>
	<segmented>0</segmented>
	<object>
		<name>line</name>
		<pose>Unspecified</pose>
		<truncated>1</truncated>
		<difficult>0</difficult>
		<bndbox>
			<xmin>18</xmin>
			<ymin>11</ymin>
			<xmax>481</xmax>
			<ymax>276</ymax>
		</bndbox>
	</object>
</annotation>
