<annotation>
	<folder>val2019</folder>
	<filename>faaf419be4930c2950adcfccf570c709_d3d3LXdzLnB0aGcuZ292LnR3CTIxMC42OS4xNTEuMTk2.xls-0-0.png</filename>
	<path>/home/user/sample/val2019/faaf419be4930c2950adcfccf570c709_d3d3LXdzLnB0aGcuZ292LnR3CTIxMC42OS4xNTEuMTk2.xls-0-0.png</path>
	<source>
		<database>Unknown</database>
	</source>
	<size>
		<width>965</width>
		<height>504</height>
		<depth>3</depth>
	</size>
	<segmented>0</segmented>
	<object>
		<name>line</name>
		<pose>Unspecified</pose>
		<truncated>0</truncated>
		<difficult>0</difficult>
		<bndbox>
			<xmin>30</xmin>
			<ymin>55</ymin>
			<xmax>943</xmax>
			<ymax>466</ymax>
		</bndbox>
	</object>
</annotation>
