<annotation>
	<folder>val2019</folder>
	<filename>fab36b6ddd7561bdb6c7c11d7ba1c0ce_d3d3LnByZWYuZnVrdWkuanAJMjIwLjIxMy4xODguMw==.xls-0-1.png</filename>
	<path>/home/user/sample/val2019/fab36b6ddd7561bdb6c7c11d7ba1c0ce_d3d3LnByZWYuZnVrdWkuanAJMjIwLjIxMy4xODguMw==.xls-0-1.png</path>
	<source>
		<database>Unknown</database>
	</source>
	<size>
		<width>312</width>
		<height>411</height>
		<depth>3</depth>
	</size>
	<segmented>0</segmented>
	<object>
		<name>line</name>
		<pose>Unspecified</pose>
		<truncated>0</truncated>
		<difficult>0</difficult>
		<bndbox>
			<xmin>8</xmin>
			<ymin>13</ymin>
			<xmax>305</xmax>
			<ymax>385</ymax>
		</bndbox>
	</object>
</annotation>
