<annotation>
	<folder>val2019</folder>
	<filename>faba343a97d9902a24408ace06cadde6_d3d3LmFjYy5jb20JNjkuNjMuMTQ3LjEzMw==-2-1.png</filename>
	<path>/home/user/sample/val2019/faba343a97d9902a24408ace06cadde6_d3d3LmFjYy5jb20JNjkuNjMuMTQ3LjEzMw==-2-1.png</path>
	<source>
		<database>Unknown</database>
	</source>
	<size>
		<width>673</width>
		<height>1008</height>
		<depth>3</depth>
	</size>
	<segmented>0</segmented>
	<object>
		<name>line</name>
		<pose>Unspecified</pose>
		<truncated>1</truncated>
		<difficult>0</difficult>
		<bndbox>
			<xmin>14</xmin>
			<ymin>6</ymin>
			<xmax>664</xmax>
			<ymax>1008</ymax>
		</bndbox>
	</object>
</annotation>
