<annotation>
	<folder>val2019</folder>
	<filename>facdeeb5057b73af6f57f367fdaa9a4f_d2tvLmF0CTE5NC4xMDcuMjM2LjIwOQ==-0-0.png</filename>
	<path>/home/user/sample/val2019/facdeeb5057b73af6f57f367fdaa9a4f_d2tvLmF0CTE5NC4xMDcuMjM2LjIwOQ==-0-0.png</path>
	<source>
		<database>Unknown</database>
	</source>
	<size>
		<width>577</width>
		<height>291</height>
		<depth>3</depth>
	</size>
	<segmented>0</segmented>
	<object>
		<name>line</name>
		<pose>Unspecified</pose>
		<truncated>1</truncated>
		<difficult>0</difficult>
		<bndbox>
			<xmin>4</xmin>
			<ymin>5</ymin>
			<xmax>577</xmax>
			<ymax>291</ymax>
		</bndbox>
	</object>
</annotation>
