<annotation>
	<folder>val2019</folder>
	<filename>fad77e67e3275e6ab2591b7a51dee8eb_b3NzLmNjCTk2LjMxLjMzLjI4.xls-0-0.png</filename>
	<path>/home/user/sample/val2019/fad77e67e3275e6ab2591b7a51dee8eb_b3NzLmNjCTk2LjMxLjMzLjI4.xls-0-0.png</path>
	<source>
		<database>Unknown</database>
	</source>
	<size>
		<width>461</width>
		<height>375</height>
		<depth>3</depth>
	</size>
	<segmented>0</segmented>
	<object>
		<name>line</name>
		<pose>Unspecified</pose>
		<truncated>1</truncated>
		<difficult>0</difficult>
		<bndbox>
			<xmin>3</xmin>
			<ymin>9</ymin>
			<xmax>458</xmax>
			<ymax>375</ymax>
		</bndbox>
	</object>
</annotation>
