<annotation>
	<folder>JPEGImages</folder>
	<filename>gp3.png</filename>
	<path>/home/user/miscs/tt/JPEGImages/gp3.png</path>
	<source>
		<database>Unknown</database>
	</source>
	<size>
		<width>225</width>
		<height>225</height>
		<depth>3</depth>
	</size>
	<segmented>0</segmented>
	<object>
		<name>bar</name>
		<pose>Unspecified</pose>
		<truncated>0</truncated>
		<difficult>0</difficult>
		<bndbox>
			<xmin>20</xmin>
			<ymin>57</ymin>
			<xmax>207</xmax>
			<ymax>197</ymax>
		</bndbox>
	</object>
</annotation>
