<annotation>
	<folder>JPEGImages</folder>
	<filename>215.jpeg</filename>
	<path>/home/user/deeprule/chartdata/JPEGImages/215.jpeg</path>
	<source>
		<database>Unknown</database>
	</source>
	<size>
		<width>372</width>
		<height>302</height>
		<depth>3</depth>
	</size>
	<segmented>0</segmented>
	<object>
		<name>pie</name>
		<pose>Unspecified</pose>
		<truncated>0</truncated>
		<difficult>0</difficult>
		<bndbox>
			<xmin>54</xmin>
			<ymin>28</ymin>
			<xmax>313</xmax>
			<ymax>275</ymax>
		</bndbox>
	</object>
</annotation>
