<annotation>
	<folder>bar</folder>
	<filename>8a52df51a6516f8ff7258842f72fad98_Z2FtbGUubGV2YW5nZXIua29tbXVuZS5ubwk4NC4xNi4xOTQuMTM4.xls-13-0.png</filename>
	<path>/home/rahuls/Projects/Data Extraction from charts/Images/bardata(1031)/bar/images/bar/8a52df51a6516f8ff7258842f72fad98_Z2FtbGUubGV2YW5nZXIua29tbXVuZS5ubwk4NC4xNi4xOTQuMTM4.xls-13-0.png</path>
	<source>
		<database>Unknown</database>
	</source>
	<size>
		<width>722</width>
		<height>344</height>
		<depth>3</depth>
	</size>
	<segmented>0</segmented>
	<object>
		<name>bar</name>
		<pose>Unspecified</pose>
		<truncated>0</truncated>
		<difficult>0</difficult>
		<bndbox>
			<xmin>10</xmin>
			<ymin>6</ymin>
			<xmax>720</xmax>
			<ymax>323</ymax>
		</bndbox>
	</object>
</annotation>
