<annotation>
	<folder>bar</folder>
	<filename>8a79c2b1e10e5634aa96b82b4854ffe4_d3d3LnN0YXJuZXQudW5pb25jYW1lcmUuaXQJODAuODIuNi41Ng==.xls-63-0.png</filename>
	<path>/home/rahuls/Projects/Data Extraction from charts/Images/bardata(1031)/bar/images/bar/8a79c2b1e10e5634aa96b82b4854ffe4_d3d3LnN0YXJuZXQudW5pb25jYW1lcmUuaXQJODAuODIuNi41Ng==.xls-63-0.png</path>
	<source>
		<database>Unknown</database>
	</source>
	<size>
		<width>560</width>
		<height>219</height>
		<depth>3</depth>
	</size>
	<segmented>0</segmented>
	<object>
		<name>bar</name>
		<pose>Unspecified</pose>
		<truncated>0</truncated>
		<difficult>0</difficult>
		<bndbox>
			<xmin>2</xmin>
			<ymin>2</ymin>
			<xmax>557</xmax>
			<ymax>212</ymax>
		</bndbox>
	</object>
</annotation>
