<annotation>
	<folder>bar</folder>
	<filename>8a7dbdfb515525fe26a5f22423f84264_d3d3LmFncmFyb2Vrb25vbWlrLmF0CTk0LjI0Ny4xNDQuMjAw-0-0.png</filename>
	<path>/home/rahuls/Projects/Data Extraction from charts/Images/bardata(1031)/bar/images/bar/8a7dbdfb515525fe26a5f22423f84264_d3d3LmFncmFyb2Vrb25vbWlrLmF0CTk0LjI0Ny4xNDQuMjAw-0-0.png</path>
	<source>
		<database>Unknown</database>
	</source>
	<size>
		<width>621</width>
		<height>439</height>
		<depth>3</depth>
	</size>
	<segmented>0</segmented>
	<object>
		<name>bar</name>
		<pose>Unspecified</pose>
		<truncated>0</truncated>
		<difficult>0</difficult>
		<bndbox>
			<xmin>17</xmin>
			<ymin>11</ymin>
			<xmax>616</xmax>
			<ymax>422</ymax>
		</bndbox>
	</object>
</annotation>
