<annotation>
	<folder>bar</folder>
	<filename>8af5558695707ae2f278bfc86054b3ae_ZW52ZWplY2ltaWVudG8uY3NpYy5lcwkxNjEuMTExLjQ3LjE0Mg==.xls-0-1.png</filename>
	<path>/home/rahuls/Projects/Data Extraction from charts/Images/bardata(1031)/bar/images/bar/8af5558695707ae2f278bfc86054b3ae_ZW52ZWplY2ltaWVudG8uY3NpYy5lcwkxNjEuMTExLjQ3LjE0Mg==.xls-0-1.png</path>
	<source>
		<database>Unknown</database>
	</source>
	<size>
		<width>826</width>
		<height>416</height>
		<depth>3</depth>
	</size>
	<segmented>0</segmented>
	<object>
		<name>bar</name>
		<pose>Unspecified</pose>
		<truncated>0</truncated>
		<difficult>0</difficult>
		<bndbox>
			<xmin>38</xmin>
			<ymin>13</ymin>
			<xmax>803</xmax>
			<ymax>359</ymax>
		</bndbox>
	</object>
</annotation>
