<annotation>
	<folder>bar</folder>
	<filename>8b0c54df4a82514caab8b24f70879b92_ZXBpYy5hd2kuZGUJMTM0LjEuMi4xMTE=-2-0.png</filename>
	<path>/home/rahuls/Projects/Data Extraction from charts/Images/bardata(1031)/bar/images/bar/8b0c54df4a82514caab8b24f70879b92_ZXBpYy5hd2kuZGUJMTM0LjEuMi4xMTE=-2-0.png</path>
	<source>
		<database>Unknown</database>
	</source>
	<size>
		<width>671</width>
		<height>377</height>
		<depth>3</depth>
	</size>
	<segmented>0</segmented>
	<object>
		<name>bar</name>
		<pose>Unspecified</pose>
		<truncated>1</truncated>
		<difficult>0</difficult>
		<bndbox>
			<xmin>9</xmin>
			<ymin>6</ymin>
			<xmax>664</xmax>
			<ymax>377</ymax>
		</bndbox>
	</object>
</annotation>
