<annotation>
	<folder>bar</folder>
	<filename>8b6e45bc8707e10d6c8f2882e1dd6a3c_d3d3Lml0aXNwbGFuY2suaXQJMTg4LjEyNS4xMjAuNzA=.xls-2-0.png</filename>
	<path>/home/rahuls/Projects/Data Extraction from charts/Images/bardata(1031)/bar/images/bar/8b6e45bc8707e10d6c8f2882e1dd6a3c_d3d3Lml0aXNwbGFuY2suaXQJMTg4LjEyNS4xMjAuNzA=.xls-2-0.png</path>
	<source>
		<database>Unknown</database>
	</source>
	<size>
		<width>470</width>
		<height>360</height>
		<depth>3</depth>
	</size>
	<segmented>0</segmented>
	<object>
		<name>bar</name>
		<pose>Unspecified</pose>
		<truncated>0</truncated>
		<difficult>0</difficult>
		<bndbox>
			<xmin>15</xmin>
			<ymin>9</ymin>
			<xmax>464</xmax>
			<ymax>334</ymax>
		</bndbox>
	</object>
</annotation>
