<annotation>
	<folder>bar</folder>
	<filename>8b7cbd0a8a434f85e14bad88d3588512_ZWMuZXVyb3BhLmV1CTE0Ny42Ny4xMzYuMTcx-3-0.png</filename>
	<path>/home/rahuls/Projects/Data Extraction from charts/Images/bardata(1031)/bar/images/bar/8b7cbd0a8a434f85e14bad88d3588512_ZWMuZXVyb3BhLmV1CTE0Ny42Ny4xMzYuMTcx-3-0.png</path>
	<source>
		<database>Unknown</database>
	</source>
	<size>
		<width>800</width>
		<height>455</height>
		<depth>3</depth>
	</size>
	<segmented>0</segmented>
	<object>
		<name>bar</name>
		<pose>Unspecified</pose>
		<truncated>0</truncated>
		<difficult>0</difficult>
		<bndbox>
			<xmin>15</xmin>
			<ymin>7</ymin>
			<xmax>795</xmax>
			<ymax>446</ymax>
		</bndbox>
	</object>
</annotation>
