<annotation>
	<folder>val2019</folder>
	<filename>fa164d26f664703f96ed07dda2a05b48_d3d3LnByZWYuZnVrdWkuanAJMjIwLjIxMy4xODguMw==.xls-1-0.png</filename>
	<path>/home/user/sample/val2019/fa164d26f664703f96ed07dda2a05b48_d3d3LnByZWYuZnVrdWkuanAJMjIwLjIxMy4xODguMw==.xls-1-0.png</path>
	<source>
		<database>Unknown</database>
	</source>
	<size>
		<width>788</width>
		<height>455</height>
		<depth>3</depth>
	</size>
	<segmented>0</segmented>
	<object>
		<name>line</name>
		<pose>Unspecified</pose>
		<truncated>0</truncated>
		<difficult>0</difficult>
		<bndbox>
			<xmin>18</xmin>
			<ymin>8</ymin>
			<xmax>778</xmax>
			<ymax>435</ymax>
		</bndbox>
	</object>
</annotation>
