<annotation>
	<folder>val2019</folder>
	<filename>fa1c525213c3950fc3acc7666b470bd5_ZWMuZXVyb3BhLmV1CTE0Ny42Ny4xMTkuNjE=.xls-5-0.png</filename>
	<path>/home/user/sample/val2019/fa1c525213c3950fc3acc7666b470bd5_ZWMuZXVyb3BhLmV1CTE0Ny42Ny4xMTkuNjE=.xls-5-0.png</path>
	<source>
		<database>Unknown</database>
	</source>
	<size>
		<width>630</width>
		<height>370</height>
		<depth>3</depth>
	</size>
	<segmented>0</segmented>
	<object>
		<name>line</name>
		<pose>Unspecified</pose>
		<truncated>0</truncated>
		<difficult>0</difficult>
		<bndbox>
			<xmin>5</xmin>
			<ymin>69</ymin>
			<xmax>626</xmax>
			<ymax>361</ymax>
		</bndbox>
	</object>
</annotation>
