<annotation>
	<folder>val2019</folder>
	<filename>fa24052d116d4f14eac85c6f2f1aecee_b3R0b21pbGFjZW5zdXMuaXN0YXQuaXQJMTkzLjIwNC45MC4yMg==-0-0.png</filename>
	<path>/home/user/sample/val2019/fa24052d116d4f14eac85c6f2f1aecee_b3R0b21pbGFjZW5zdXMuaXN0YXQuaXQJMTkzLjIwNC45MC4yMg==-0-0.png</path>
	<source>
		<database>Unknown</database>
	</source>
	<size>
		<width>416</width>
		<height>302</height>
		<depth>3</depth>
	</size>
	<segmented>0</segmented>
	<object>
		<name>line</name>
		<pose>Unspecified</pose>
		<truncated>1</truncated>
		<difficult>0</difficult>
		<bndbox>
			<xmin>6</xmin>
			<ymin>8</ymin>
			<xmax>416</xmax>
			<ymax>302</ymax>
		</bndbox>
	</object>
</annotation>
