<annotation>
	<folder>val2019</folder>
	<filename>fa30c6b107be845f916ab99bf6610878_d3d3Lmp1bnRhZGVhbmRhbHVjaWEuZXMJMjE3LjEyLjE2Ljgx.xls-0-0.png</filename>
	<path>/home/user/sample/val2019/fa30c6b107be845f916ab99bf6610878_d3d3Lmp1bnRhZGVhbmRhbHVjaWEuZXMJMjE3LjEyLjE2Ljgx.xls-0-0.png</path>
	<source>
		<database>Unknown</database>
	</source>
	<size>
		<width>776</width>
		<height>309</height>
		<depth>3</depth>
	</size>
	<segmented>0</segmented>
	<object>
		<name>line</name>
		<pose>Unspecified</pose>
		<truncated>0</truncated>
		<difficult>0</difficult>
		<bndbox>
			<xmin>2</xmin>
			<ymin>10</ymin>
			<xmax>771</xmax>
			<ymax>298</ymax>
		</bndbox>
	</object>
</annotation>
