<annotation>
	<folder>val2019</folder>
	<filename>fa327268bb99d304c32404c48b4973f4_d3d3LnN2ZXJpZ2Vpc2lmZnJvci5zY2Iuc2UJMTkzLjE4MC4xMjQuMTA4.xls-3-0.png</filename>
	<path>/home/user/sample/val2019/fa327268bb99d304c32404c48b4973f4_d3d3LnN2ZXJpZ2Vpc2lmZnJvci5zY2Iuc2UJMTkzLjE4MC4xMjQuMTA4.xls-3-0.png</path>
	<source>
		<database>Unknown</database>
	</source>
	<size>
		<width>521</width>
		<height>289</height>
		<depth>3</depth>
	</size>
	<segmented>0</segmented>
	<object>
		<name>line</name>
		<pose>Unspecified</pose>
		<truncated>0</truncated>
		<difficult>0</difficult>
		<bndbox>
			<xmin>12</xmin>
			<ymin>10</ymin>
			<xmax>500</xmax>
			<ymax>254</ymax>
		</bndbox>
	</object>
</annotation>
