<annotation>
	<folder>val2019</folder>
	<filename>fa45c8a697cb2aee8842295783424e3f_d3d3LnZhbG9yZXNhY3RpdmEuY29tCTEzNi4yNDMuNjkuMjA2.xls-0-3.png</filename>
	<path>/home/user/sample/val2019/fa45c8a697cb2aee8842295783424e3f_d3d3LnZhbG9yZXNhY3RpdmEuY29tCTEzNi4yNDMuNjkuMjA2.xls-0-3.png</path>
	<source>
		<database>Unknown</database>
	</source>
	<size>
		<width>761</width>
		<height>199</height>
		<depth>1</depth>
	</size>
	<segmented>0</segmented>
	<object>
		<name>line</name>
		<pose>Unspecified</pose>
		<truncated>1</truncated>
		<difficult>0</difficult>
		<bndbox>
			<xmin>2</xmin>
			<ymin>5</ymin>
			<xmax>761</xmax>
			<ymax>199</ymax>
		</bndbox>
	</object>
</annotation>
