<annotation>
	<folder>val2019</folder>
	<filename>fa485fd5f0f2d78100af17e513423fb5_d3d3Lm1hcGFtYS5nb2IuZXMJMTA0LjgwLjg4Ljk4-12-0.png</filename>
	<path>/home/user/sample/val2019/fa485fd5f0f2d78100af17e513423fb5_d3d3Lm1hcGFtYS5nb2IuZXMJMTA0LjgwLjg4Ljk4-12-0.png</path>
	<source>
		<database>Unknown</database>
	</source>
	<size>
		<width>1073</width>
		<height>421</height>
		<depth>3</depth>
	</size>
	<segmented>0</segmented>
	<object>
		<name>line</name>
		<pose>Unspecified</pose>
		<truncated>1</truncated>
		<difficult>0</difficult>
		<bndbox>
			<xmin>8</xmin>
			<ymin>10</ymin>
			<xmax>1073</xmax>
			<ymax>421</ymax>
		</bndbox>
	</object>
</annotation>
