<annotation>
	<folder>val2019</folder>
	<filename>fa485b715926ebc05c291f31c4af9757_d3d3LmFpZHNzdGkuY29tCTIxOS45NC4xOTIuNTI=.xls-0-0.png</filename>
	<path>/home/user/sample/val2019/fa485b715926ebc05c291f31c4af9757_d3d3LmFpZHNzdGkuY29tCTIxOS45NC4xOTIuNTI=.xls-0-0.png</path>
	<source>
		<database>Unknown</database>
	</source>
	<size>
		<width>777</width>
		<height>542</height>
		<depth>3</depth>
	</size>
	<segmented>0</segmented>
	<object>
		<name>line</name>
		<pose>Unspecified</pose>
		<truncated>1</truncated>
		<difficult>0</difficult>
		<bndbox>
			<xmin>4</xmin>
			<ymin>7</ymin>
			<xmax>777</xmax>
			<ymax>531</ymax>
		</bndbox>
	</object>
</annotation>
