<annotation>
	<folder>val2019</folder>
	<filename>fa4a7684f8c509616644508c3da1c85d_d3d3LmllYS5vcmcJMTk1LjIwMC4xMTUuMTQ4.XLS-2-1.png</filename>
	<path>/home/user/sample/val2019/fa4a7684f8c509616644508c3da1c85d_d3d3LmllYS5vcmcJMTk1LjIwMC4xMTUuMTQ4.XLS-2-1.png</path>
	<source>
		<database>Unknown</database>
	</source>
	<size>
		<width>376</width>
		<height>254</height>
		<depth>3</depth>
	</size>
	<segmented>0</segmented>
	<object>
		<name>line</name>
		<pose>Unspecified</pose>
		<truncated>0</truncated>
		<difficult>0</difficult>
		<bndbox>
			<xmin>13</xmin>
			<ymin>14</ymin>
			<xmax>355</xmax>
			<ymax>237</ymax>
		</bndbox>
	</object>
</annotation>
