<annotation>
	<folder>val2019</folder>
	<filename>fa52b2111936ca32f5de767caa3b120d_c3RyZXNzLXRlc3QuZWJhLmV1cm9wYS5ldQk2Mi4xOTIuNjcuNzM=-1-2.png</filename>
	<path>/home/user/sample/val2019/fa52b2111936ca32f5de767caa3b120d_c3RyZXNzLXRlc3QuZWJhLmV1cm9wYS5ldQk2Mi4xOTIuNjcuNzM=-1-2.png</path>
	<source>
		<database>Unknown</database>
	</source>
	<size>
		<width>608</width>
		<height>489</height>
		<depth>3</depth>
	</size>
	<segmented>0</segmented>
	<object>
		<name>line</name>
		<pose>Unspecified</pose>
		<truncated>0</truncated>
		<difficult>0</difficult>
		<bndbox>
			<xmin>14</xmin>
			<ymin>13</ymin>
			<xmax>603</xmax>
			<ymax>477</ymax>
		</bndbox>
	</object>
</annotation>
