<annotation>
	<folder>val2019</folder>
	<filename>fa59e027250e03e1f4bb4d11b6ae0ebf_d3d3Lm5ub3R0cy5uaHMudWsJMTkxLjIzMy44Mi40NA==.xls-2-0.png</filename>
	<path>/home/user/sample/val2019/fa59e027250e03e1f4bb4d11b6ae0ebf_d3d3Lm5ub3R0cy5uaHMudWsJMTkxLjIzMy44Mi40NA==.xls-2-0.png</path>
	<source>
		<database>Unknown</database>
	</source>
	<size>
		<width>967</width>
		<height>590</height>
		<depth>3</depth>
	</size>
	<segmented>0</segmented>
	<object>
		<name>line</name>
		<pose>Unspecified</pose>
		<truncated>1</truncated>
		<difficult>0</difficult>
		<bndbox>
			<xmin>4</xmin>
			<ymin>131</ymin>
			<xmax>967</xmax>
			<ymax>525</ymax>
		</bndbox>
	</object>
</annotation>
