<annotation>
	<folder>val2019</folder>
	<filename>fa691c5e25d2dd12c24d11da78c5a68e_d3d3LmVjb25vbWljcy5zb3Rvbi5hYy51awkxNTIuNzguMTM5LjE4Mg==.xls-1-0.png</filename>
	<path>/home/user/sample/val2019/fa691c5e25d2dd12c24d11da78c5a68e_d3d3LmVjb25vbWljcy5zb3Rvbi5hYy51awkxNTIuNzguMTM5LjE4Mg==.xls-1-0.png</path>
	<source>
		<database>Unknown</database>
	</source>
	<size>
		<width>901</width>
		<height>613</height>
		<depth>3</depth>
	</size>
	<segmented>0</segmented>
	<object>
		<name>line</name>
		<pose>Unspecified</pose>
		<truncated>1</truncated>
		<difficult>0</difficult>
		<bndbox>
			<xmin>2</xmin>
			<ymin>42</ymin>
			<xmax>901</xmax>
			<ymax>581</ymax>
		</bndbox>
	</object>
</annotation>
