<annotation>
	<folder>val2019</folder>
	<filename>fa7f888762088a7440c1e355a961dd6e_dWNmLXJhaW5mYWxsLnBid29ya3MuY29tCTIwOC45Ni4xOC4yMzc=.xls-3-1.png</filename>
	<path>/home/user/sample/val2019/fa7f888762088a7440c1e355a961dd6e_dWNmLXJhaW5mYWxsLnBid29ya3MuY29tCTIwOC45Ni4xOC4yMzc=.xls-3-1.png</path>
	<source>
		<database>Unknown</database>
	</source>
	<size>
		<width>400</width>
		<height>270</height>
		<depth>3</depth>
	</size>
	<segmented>0</segmented>
	<object>
		<name>line</name>
		<pose>Unspecified</pose>
		<truncated>1</truncated>
		<difficult>0</difficult>
		<bndbox>
			<xmin>15</xmin>
			<ymin>76</ymin>
			<xmax>400</xmax>
			<ymax>270</ymax>
		</bndbox>
	</object>
</annotation>
