<annotation>
	<folder>val2019</folder>
	<filename>fa9155f2dfb152205503d333917c6f77_d3d3LmZzZGhzZWN1cml0aWVzLmNvbQkyMTYuMTg1LjE1MS4xMjg=-1-0.png</filename>
	<path>/home/user/sample/val2019/fa9155f2dfb152205503d333917c6f77_d3d3LmZzZGhzZWN1cml0aWVzLmNvbQkyMTYuMTg1LjE1MS4xMjg=-1-0.png</path>
	<source>
		<database>Unknown</database>
	</source>
	<size>
		<width>675</width>
		<height>298</height>
		<depth>3</depth>
	</size>
	<segmented>0</segmented>
	<object>
		<name>line</name>
		<pose>Unspecified</pose>
		<truncated>0</truncated>
		<difficult>0</difficult>
		<bndbox>
			<xmin>13</xmin>
			<ymin>11</ymin>
			<xmax>669</xmax>
			<ymax>272</ymax>
		</bndbox>
	</object>
</annotation>
