<annotation>
	<folder>val2019</folder>
	<filename>fa9ae67f621f051c00488f9ec934c040_d3d3LnV1c2ltYWEyMDE5LmZpCTE5My45My4xMzQuODM=-13-0.png</filename>
	<path>/home/user/sample/val2019/fa9ae67f621f051c00488f9ec934c040_d3d3LnV1c2ltYWEyMDE5LmZpCTE5My45My4xMzQuODM=-13-0.png</path>
	<source>
		<database>Unknown</database>
	</source>
	<size>
		<width>730</width>
		<height>264</height>
		<depth>3</depth>
	</size>
	<segmented>0</segmented>
	<object>
		<name>line</name>
		<pose>Unspecified</pose>
		<truncated>1</truncated>
		<difficult>0</difficult>
		<bndbox>
			<xmin>14</xmin>
			<ymin>11</ymin>
			<xmax>724</xmax>
			<ymax>264</ymax>
		</bndbox>
	</object>
</annotation>
