<annotation>
	<folder>val2019</folder>
	<filename>faaad64f0ac3fa01f4c86a6e7b48d864_d3d3LmNpdHkua2Fnb3NoaW1hLmxnLmpwCTYxLjIwOC4yMDQuMTYz.xls-0-0.png</filename>
	<path>/home/user/sample/val2019/faaad64f0ac3fa01f4c86a6e7b48d864_d3d3LmNpdHkua2Fnb3NoaW1hLmxnLmpwCTYxLjIwOC4yMDQuMTYz.xls-0-0.png</path>
	<source>
		<database>Unknown</database>
	</source>
	<size>
		<width>699</width>
		<height>967</height>
		<depth>1</depth>
	</size>
	<segmented>0</segmented>
	<object>
		<name>line</name>
		<pose>Unspecified</pose>
		<truncated>1</truncated>
		<difficult>0</difficult>
		<bndbox>
			<xmin>3</xmin>
			<ymin>17</ymin>
			<xmax>699</xmax>
			<ymax>889</ymax>
		</bndbox>
	</object>
</annotation>
