<annotation>
	<folder>val2019</folder>
	<filename>faba6098dbb2f1f2bbb0270ae048e45d_d3d3LmZpcnN0ZGlnaXRhbGdoYW5hLmNvbQk1MC4xMTYuODQuMTQy-1-1.png</filename>
	<path>/home/user/sample/val2019/faba6098dbb2f1f2bbb0270ae048e45d_d3d3LmZpcnN0ZGlnaXRhbGdoYW5hLmNvbQk1MC4xMTYuODQuMTQy-1-1.png</path>
	<source>
		<database>Unknown</database>
	</source>
	<size>
		<width>498</width>
		<height>182</height>
		<depth>3</depth>
	</size>
	<segmented>0</segmented>
	<object>
		<name>line</name>
		<pose>Unspecified</pose>
		<truncated>1</truncated>
		<difficult>0</difficult>
		<bndbox>
			<xmin>1</xmin>
			<ymin>1</ymin>
			<xmax>498</xmax>
			<ymax>181</ymax>
		</bndbox>
	</object>
</annotation>
