<annotation>
	<folder>val2019</folder>
	<filename>fabfc0c3369d327f7e60b29cc98af788_d3d3LmRzaHMud2EuZ292CTE2Mi4yMDkuNjcuOTY=-1-0.png</filename>
	<path>/home/user/sample/val2019/fabfc0c3369d327f7e60b29cc98af788_d3d3LmRzaHMud2EuZ292CTE2Mi4yMDkuNjcuOTY=-1-0.png</path>
	<source>
		<database>Unknown</database>
	</source>
	<size>
		<width>697</width>
		<height>163</height>
		<depth>3</depth>
	</size>
	<segmented>0</segmented>
	<object>
		<name>line</name>
		<pose>Unspecified</pose>
		<truncated>1</truncated>
		<difficult>0</difficult>
		<bndbox>
			<xmin>1</xmin>
			<ymin>36</ymin>
			<xmax>697</xmax>
			<ymax>163</ymax>
		</bndbox>
	</object>
</annotation>
