<annotation>
	<folder>val2019</folder>
	<filename>fad2bd6aecde02a9fdbd9307343d69c4_d3d3LnVzd2hlYXQub3JnCTcxLjE5MS4xMjguMjQ1.xls-2-1.png</filename>
	<path>/home/user/sample/val2019/fad2bd6aecde02a9fdbd9307343d69c4_d3d3LnVzd2hlYXQub3JnCTcxLjE5MS4xMjguMjQ1.xls-2-1.png</path>
	<source>
		<database>Unknown</database>
	</source>
	<size>
		<width>500</width>
		<height>325</height>
		<depth>3</depth>
	</size>
	<segmented>0</segmented>
	<object>
		<name>line</name>
		<pose>Unspecified</pose>
		<truncated>0</truncated>
		<difficult>0</difficult>
		<bndbox>
			<xmin>6</xmin>
			<ymin>14</ymin>
			<xmax>471</xmax>
			<ymax>314</ymax>
		</bndbox>
	</object>
</annotation>
