<annotation>
	<folder>val2019</folder>
	<filename>fad430eace2db50483791b3b023322b9_ZGlnaXRhbC5uaHMudWsJMTg1LjE1Ni4xNi4xMDA=.xls-32-0.png</filename>
	<path>/home/user/sample/val2019/fad430eace2db50483791b3b023322b9_ZGlnaXRhbC5uaHMudWsJMTg1LjE1Ni4xNi4xMDA=.xls-32-0.png</path>
	<source>
		<database>Unknown</database>
	</source>
	<size>
		<width>930</width>
		<height>631</height>
		<depth>3</depth>
	</size>
	<segmented>0</segmented>
	<object>
		<name>line</name>
		<pose>Unspecified</pose>
		<truncated>1</truncated>
		<difficult>0</difficult>
		<bndbox>
			<xmin>1</xmin>
			<ymin>95</ymin>
			<xmax>906</xmax>
			<ymax>631</ymax>
		</bndbox>
	</object>
</annotation>
