<annotation>
	<folder>val2019</folder>
	<filename>fad5a3c300faf8e85e4eb93d00c6c7c0_YnVzaW5lc3MuaWxsaW5vaXMuZWR1CTE5Mi4xNy4yMS44MQ==-10-0.png</filename>
	<path>/home/user/sample/val2019/fad5a3c300faf8e85e4eb93d00c6c7c0_YnVzaW5lc3MuaWxsaW5vaXMuZWR1CTE5Mi4xNy4yMS44MQ==-10-0.png</path>
	<source>
		<database>Unknown</database>
	</source>
	<size>
		<width>450</width>
		<height>356</height>
		<depth>3</depth>
	</size>
	<segmented>0</segmented>
	<object>
		<name>line</name>
		<pose>Unspecified</pose>
		<truncated>0</truncated>
		<difficult>0</difficult>
		<bndbox>
			<xmin>6</xmin>
			<ymin>17</ymin>
			<xmax>437</xmax>
			<ymax>351</ymax>
		</bndbox>
	</object>
</annotation>
