<annotation>
	<folder>JPEGImages</folder>
	<filename>808.jpeg</filename>
	<path>/home/user/deeprule/chartdata/JPEGImages/808.jpeg</path>
	<source>
		<database>Unknown</database>
	</source>
	<size>
		<width>595</width>
		<height>374</height>
		<depth>3</depth>
	</size>
	<segmented>0</segmented>
	<object>
		<name>line</name>
		<pose>Unspecified</pose>
		<truncated>0</truncated>
		<difficult>0</difficult>
		<bndbox>
			<xmin>31</xmin>
			<ymin>11</ymin>
			<xmax>572</xmax>
			<ymax>368</ymax>
		</bndbox>
	</object>
</annotation>
