<annotation>
	<folder>pie</folder>
	<filename>04T6O9.png</filename>
	<path>/home/user/Downloads/www.google.com/pie/04T6O9.png</path>
	<source>
		<database>Unknown</database>
	</source>
	<size>
		<width>605</width>
		<height>363</height>
		<depth>3</depth>
	</size>
	<segmented>0</segmented>
	<object>
		<name>pie</name>
		<pose>Unspecified</pose>
		<truncated>0</truncated>
		<difficult>0</difficult>
		<bndbox>
			<xmin>45</xmin>
			<ymin>26</ymin>
			<xmax>584</xmax>
			<ymax>327</ymax>
		</bndbox>
	</object>
</annotation>
