<annotation>
	<folder>pie</folder>
	<filename>0CXZEC.png</filename>
	<path>/home/user/Downloads/www.google.com/pie/0CXZEC.png</path>
	<source>
		<database>Unknown</database>
	</source>
	<size>
		<width>1196</width>
		<height>1092</height>
		<depth>3</depth>
	</size>
	<segmented>0</segmented>
	<object>
		<name>bar</name>
		<pose>Unspecified</pose>
		<truncated>0</truncated>
		<difficult>0</difficult>
		<bndbox>
			<xmin>19</xmin>
			<ymin>10</ymin>
			<xmax>1107</xmax>
			<ymax>504</ymax>
		</bndbox>
	</object>
	<object>
		<name>pie</name>
		<pose>Unspecified</pose>
		<truncated>0</truncated>
		<difficult>0</difficult>
		<bndbox>
			<xmin>11</xmin>
			<ymin>567</ymin>
			<xmax>1051</xmax>
			<ymax>1077</ymax>
		</bndbox>
	</object>
</annotation>
