<annotation>
	<folder>JPEGImages</folder>
	<filename>1.jpeg</filename>
	<path>/home/user/deeprule/chartdata/JPEGImages/1.jpeg</path>
	<source>
		<database>Unknown</database>
	</source>
	<size>
		<width>780</width>
		<height>420</height>
		<depth>3</depth>
	</size>
	<segmented>0</segmented>
	<object>
		<name>bar</name>
		<pose>Unspecified</pose>
		<truncated>0</truncated>
		<difficult>0</difficult>
		<bndbox>
			<xmin>29</xmin>
			<ymin>6</ymin>
			<xmax>771</xmax>
			<ymax>413</ymax>
		</bndbox>
	</object>
</annotation>
