<annotation>
	<folder>pie</folder>
	<filename>2EHUUC.png</filename>
	<path>/home/user/Downloads/www.google.com/pie/2EHUUC.png</path>
	<source>
		<database>Unknown</database>
	</source>
	<size>
		<width>1253</width>
		<height>517</height>
		<depth>3</depth>
	</size>
	<segmented>0</segmented>
	<object>
		<name>pie</name>
		<pose>Unspecified</pose>
		<truncated>0</truncated>
		<difficult>0</difficult>
		<bndbox>
			<xmin>38</xmin>
			<ymin>64</ymin>
			<xmax>557</xmax>
			<ymax>443</ymax>
		</bndbox>
	</object>
	<object>
		<name>bar</name>
		<pose>Unspecified</pose>
		<truncated>0</truncated>
		<difficult>0</difficult>
		<bndbox>
			<xmin>597</xmin>
			<ymin>66</ymin>
			<xmax>1220</xmax>
			<ymax>436</ymax>
		</bndbox>
	</object>
</annotation>
