<annotation>
	<folder>pie</folder>
	<filename>2YQS9R.png</filename>
	<path>/home/user/Downloads/www.google.com/pie/2YQS9R.png</path>
	<source>
		<database>Unknown</database>
	</source>
	<size>
		<width>261</width>
		<height>193</height>
		<depth>3</depth>
	</size>
	<segmented>0</segmented>
	<object>
		<name>bar</name>
		<pose>Unspecified</pose>
		<truncated>0</truncated>
		<difficult>0</difficult>
		<bndbox>
			<xmin>9</xmin>
			<ymin>11</ymin>
			<xmax>257</xmax>
			<ymax>188</ymax>
		</bndbox>
	</object>
</annotation>
