<annotation>
	<folder>pie</folder>
	<filename>4I4GEN.png</filename>
	<path>/home/user/Downloads/www.google.com/pie/4I4GEN.png</path>
	<source>
		<database>Unknown</database>
	</source>
	<size>
		<width>290</width>
		<height>174</height>
		<depth>3</depth>
	</size>
	<segmented>0</segmented>
	<object>
		<name>bar</name>
		<pose>Unspecified</pose>
		<truncated>1</truncated>
		<difficult>0</difficult>
		<bndbox>
			<xmin>1</xmin>
			<ymin>2</ymin>
			<xmax>288</xmax>
			<ymax>173</ymax>
		</bndbox>
	</object>
</annotation>
