<annotation>
	<folder>bar</folder>
	<filename>8a18e765fe5006caa1bc2be8c5d93950_ZWxlcmluZy5lZQkyMTcuMTQ2LjY5LjU=-0-0.png</filename>
	<path>/home/rahuls/Projects/Data Extraction from charts/Images/bardata(1031)/bar/images/bar/8a18e765fe5006caa1bc2be8c5d93950_ZWxlcmluZy5lZQkyMTcuMTQ2LjY5LjU=-0-0.png</path>
	<source>
		<database>Unknown</database>
	</source>
	<size>
		<width>978</width>
		<height>640</height>
		<depth>3</depth>
	</size>
	<segmented>0</segmented>
	<object>
		<name>bar</name>
		<pose>Unspecified</pose>
		<truncated>0</truncated>
		<difficult>0</difficult>
		<bndbox>
			<xmin>14</xmin>
			<ymin>5</ymin>
			<xmax>975</xmax>
			<ymax>633</ymax>
		</bndbox>
	</object>
</annotation>
