<annotation>
	<folder>bar</folder>
	<filename>8a43e783131aefd94adc1148067b961b_d3d3LnNtZ292Lm5ldAkzOC45NS4yMjQuMw==.xls-2-0.png</filename>
	<path>/home/rahuls/Projects/Data Extraction from charts/Images/bardata(1031)/bar/images/bar/8a43e783131aefd94adc1148067b961b_d3d3LnNtZ292Lm5ldAkzOC45NS4yMjQuMw==.xls-2-0.png</path>
	<source>
		<database>Unknown</database>
	</source>
	<size>
		<width>904</width>
		<height>616</height>
		<depth>3</depth>
	</size>
	<segmented>0</segmented>
	<object>
		<name>bar</name>
		<pose>Unspecified</pose>
		<truncated>0</truncated>
		<difficult>0</difficult>
		<bndbox>
			<xmin>9</xmin>
			<ymin>8</ymin>
			<xmax>897</xmax>
			<ymax>589</ymax>
		</bndbox>
	</object>
</annotation>
