<annotation>
	<folder>bar</folder>
	<filename>8a4deec1f3c3458a01037ebfba83ae91_d3d3LnJpZHNzby5jb20JMTkyLjIzMi4yMzEuMTA=.xls-0-3.png</filename>
	<path>/home/rahuls/Projects/Data Extraction from charts/Images/bardata(1031)/bar/images/bar/8a4deec1f3c3458a01037ebfba83ae91_d3d3LnJpZHNzby5jb20JMTkyLjIzMi4yMzEuMTA=.xls-0-3.png</path>
	<source>
		<database>Unknown</database>
	</source>
	<size>
		<width>840</width>
		<height>400</height>
		<depth>3</depth>
	</size>
	<segmented>0</segmented>
	<object>
		<name>bar</name>
		<pose>Unspecified</pose>
		<truncated>1</truncated>
		<difficult>0</difficult>
		<bndbox>
			<xmin>9</xmin>
			<ymin>6</ymin>
			<xmax>840</xmax>
			<ymax>381</ymax>
		</bndbox>
	</object>
</annotation>
