<annotation>
	<folder>bar</folder>
	<filename>8a5462e45428beb1f1d1c18792b76a38_d3d3Mi5lbmVyZ2lhLmZpCTE5NC4xMDAuMTg5LjY3.xls-1-1.png</filename>
	<path>/home/rahuls/Projects/Data Extraction from charts/Images/bardata(1031)/bar/images/bar/8a5462e45428beb1f1d1c18792b76a38_d3d3Mi5lbmVyZ2lhLmZpCTE5NC4xMDAuMTg5LjY3.xls-1-1.png</path>
	<source>
		<database>Unknown</database>
	</source>
	<size>
		<width>533</width>
		<height>386</height>
		<depth>3</depth>
	</size>
	<segmented>0</segmented>
	<object>
		<name>bar</name>
		<pose>Unspecified</pose>
		<truncated>0</truncated>
		<difficult>0</difficult>
		<bndbox>
			<xmin>22</xmin>
			<ymin>13</ymin>
			<xmax>529</xmax>
			<ymax>379</ymax>
		</bndbox>
	</object>
</annotation>
