<annotation>
	<folder>bar</folder>
	<filename>8a5763cab0b42f3b23b1f40843ab9ad6_d3d3Lm11bHRpcHJvdGVjdC5jb20JNzcuMjQwLjE5LjE0.xls-13-3.png</filename>
	<path>/home/rahuls/Projects/Data Extraction from charts/Images/bardata(1031)/bar/images/bar/8a5763cab0b42f3b23b1f40843ab9ad6_d3d3Lm11bHRpcHJvdGVjdC5jb20JNzcuMjQwLjE5LjE0.xls-13-3.png</path>
	<source>
		<database>Unknown</database>
	</source>
	<size>
		<width>666</width>
		<height>305</height>
		<depth>3</depth>
	</size>
	<segmented>0</segmented>
	<object>
		<name>bar</name>
		<pose>Unspecified</pose>
		<truncated>0</truncated>
		<difficult>0</difficult>
		<bndbox>
			<xmin>19</xmin>
			<ymin>4</ymin>
			<xmax>656</xmax>
			<ymax>284</ymax>
		</bndbox>
	</object>
</annotation>
