<annotation>
	<folder>bar</folder>
	<filename>8a5a1d1d832eb47f9fc7a6a1bb590f7d_d3d3LmZpLWFlcm93ZWIuY29tCTEyLjIzMi45Ny4yMzY=.xls-0-0.png</filename>
	<path>/home/rahuls/Projects/Data Extraction from charts/Images/bardata(1031)/bar/images/bar/8a5a1d1d832eb47f9fc7a6a1bb590f7d_d3d3LmZpLWFlcm93ZWIuY29tCTEyLjIzMi45Ny4yMzY=.xls-0-0.png</path>
	<source>
		<database>Unknown</database>
	</source>
	<size>
		<width>697</width>
		<height>468</height>
		<depth>3</depth>
	</size>
	<segmented>0</segmented>
	<object>
		<name>bar</name>
		<pose>Unspecified</pose>
		<truncated>0</truncated>
		<difficult>0</difficult>
		<bndbox>
			<xmin>5</xmin>
			<ymin>6</ymin>
			<xmax>693</xmax>
			<ymax>440</ymax>
		</bndbox>
	</object>
</annotation>
