<annotation>
	<folder>bar</folder>
	<filename>8a8227eb233c84d5be3b20f56fa12eeb_bXVyYWwudXYuZXMJMTQ3LjE1Ni4wLjU5.xls-0-0.png</filename>
	<path>/home/rahuls/Projects/Data Extraction from charts/Images/bardata(1031)/bar/images/bar/8a8227eb233c84d5be3b20f56fa12eeb_bXVyYWwudXYuZXMJMTQ3LjE1Ni4wLjU5.xls-0-0.png</path>
	<source>
		<database>Unknown</database>
	</source>
	<size>
		<width>667</width>
		<height>356</height>
		<depth>3</depth>
	</size>
	<segmented>0</segmented>
	<object>
		<name>bar</name>
		<pose>Unspecified</pose>
		<truncated>0</truncated>
		<difficult>0</difficult>
		<bndbox>
			<xmin>4</xmin>
			<ymin>9</ymin>
			<xmax>661</xmax>
			<ymax>350</ymax>
		</bndbox>
	</object>
</annotation>
