<annotation>
	<folder>bar</folder>
	<filename>8a9b86b536341fc187a5cddabf7f0e67_YW5hbGlzaXMudW1hZy5jbAkyMDAuNjguMTguNzQ=-1-3.png</filename>
	<path>/home/rahuls/Projects/Data Extraction from charts/Images/bardata(1031)/bar/images/bar/8a9b86b536341fc187a5cddabf7f0e67_YW5hbGlzaXMudW1hZy5jbAkyMDAuNjguMTguNzQ=-1-3.png</path>
	<source>
		<database>Unknown</database>
	</source>
	<size>
		<width>399</width>
		<height>296</height>
		<depth>3</depth>
	</size>
	<segmented>0</segmented>
	<object>
		<name>bar</name>
		<pose>Unspecified</pose>
		<truncated>0</truncated>
		<difficult>0</difficult>
		<bndbox>
			<xmin>5</xmin>
			<ymin>5</ymin>
			<xmax>395</xmax>
			<ymax>287</ymax>
		</bndbox>
	</object>
</annotation>
