<annotation>
	<folder>bar</folder>
	<filename>8aa88c12c009cbf27f491f7b4ab3ff80_d3d3LndoYXRkb3RoZXlrbm93LmNvbQk0Ni40My4zOS4xMDg=.xls-2-3.png</filename>
	<path>/home/rahuls/Projects/Data Extraction from charts/Images/bardata(1031)/bar/images/bar/8aa88c12c009cbf27f491f7b4ab3ff80_d3d3LndoYXRkb3RoZXlrbm93LmNvbQk0Ni40My4zOS4xMDg=.xls-2-3.png</path>
	<source>
		<database>Unknown</database>
	</source>
	<size>
		<width>385</width>
		<height>307</height>
		<depth>3</depth>
	</size>
	<segmented>0</segmented>
	<object>
		<name>bar</name>
		<pose>Unspecified</pose>
		<truncated>0</truncated>
		<difficult>0</difficult>
		<bndbox>
			<xmin>32</xmin>
			<ymin>8</ymin>
			<xmax>378</xmax>
			<ymax>305</ymax>
		</bndbox>
	</object>
</annotation>
