<annotation>
	<folder>bar</folder>
	<filename>8ac53a78cff3ae1eeedb895b1aea8c09_dGVwbG92b3ktbmFzb3MuYmFsdGNvbWZvcnQucnUJODUuMjUuMTQwLjQ1.xls-1-0.png</filename>
	<path>/home/rahuls/Projects/Data Extraction from charts/Images/bardata(1031)/bar/images/bar/8ac53a78cff3ae1eeedb895b1aea8c09_dGVwbG92b3ktbmFzb3MuYmFsdGNvbWZvcnQucnUJODUuMjUuMTQwLjQ1.xls-1-0.png</path>
	<source>
		<database>Unknown</database>
	</source>
	<size>
		<width>964</width>
		<height>474</height>
		<depth>3</depth>
	</size>
	<segmented>0</segmented>
	<object>
		<name>bar</name>
		<pose>Unspecified</pose>
		<truncated>0</truncated>
		<difficult>0</difficult>
		<bndbox>
			<xmin>26</xmin>
			<ymin>10</ymin>
			<xmax>944</xmax>
			<ymax>456</ymax>
		</bndbox>
	</object>
</annotation>
