<annotation>
	<folder>bar</folder>
	<filename>8ad0c3719598537bae99dd4a63fd4b2f_d3d3LnRvd24udGFjaGlhcmFpLmZ1a3Vva2EuanAJMjEwLjI1Mi4xMjguMTc5-1-0.png</filename>
	<path>/home/rahuls/Projects/Data Extraction from charts/Images/bardata(1031)/bar/images/bar/8ad0c3719598537bae99dd4a63fd4b2f_d3d3LnRvd24udGFjaGlhcmFpLmZ1a3Vva2EuanAJMjEwLjI1Mi4xMjguMTc5-1-0.png</path>
	<source>
		<database>Unknown</database>
	</source>
	<size>
		<width>909</width>
		<height>480</height>
		<depth>3</depth>
	</size>
	<segmented>0</segmented>
	<object>
		<name>bar</name>
		<pose>Unspecified</pose>
		<truncated>1</truncated>
		<difficult>0</difficult>
		<bndbox>
			<xmin>8</xmin>
			<ymin>7</ymin>
			<xmax>909</xmax>
			<ymax>474</ymax>
		</bndbox>
	</object>
</annotation>
