<annotation>
	<folder>bar</folder>
	<filename>8adf3ed5de099e99763af4b54f44efba_d3d3LmVwc2lsb24uaW5zZWUuZnIJMTk1LjEwMS4yNTEuMTM2.xls-1-0.png</filename>
	<path>/home/rahuls/Projects/Data Extraction from charts/Images/bardata(1031)/bar/images/bar/8adf3ed5de099e99763af4b54f44efba_d3d3LmVwc2lsb24uaW5zZWUuZnIJMTk1LjEwMS4yNTEuMTM2.xls-1-0.png</path>
	<source>
		<database>Unknown</database>
	</source>
	<size>
		<width>624</width>
		<height>399</height>
		<depth>3</depth>
	</size>
	<segmented>0</segmented>
	<object>
		<name>bar</name>
		<pose>Unspecified</pose>
		<truncated>0</truncated>
		<difficult>0</difficult>
		<bndbox>
			<xmin>18</xmin>
			<ymin>9</ymin>
			<xmax>618</xmax>
			<ymax>391</ymax>
		</bndbox>
	</object>
</annotation>
