<annotation>
	<folder>bar</folder>
	<filename>8ae50dd40797df42e9e94aacd74fb10a_ZGF0YS5zYS5nb3YuYXUJNTIuNjMuMTI0LjQ2.xls-0-1.png</filename>
	<path>/home/rahuls/Projects/Data Extraction from charts/Images/bardata(1031)/bar/images/bar/8ae50dd40797df42e9e94aacd74fb10a_ZGF0YS5zYS5nb3YuYXUJNTIuNjMuMTI0LjQ2.xls-0-1.png</path>
	<source>
		<database>Unknown</database>
	</source>
	<size>
		<width>862</width>
		<height>348</height>
		<depth>3</depth>
	</size>
	<segmented>0</segmented>
	<object>
		<name>bar</name>
		<pose>Unspecified</pose>
		<truncated>1</truncated>
		<difficult>0</difficult>
		<bndbox>
			<xmin>18</xmin>
			<ymin>4</ymin>
			<xmax>862</xmax>
			<ymax>327</ymax>
		</bndbox>
	</object>
</annotation>
