<annotation>
	<folder>bar</folder>
	<filename>8aeb9ad063b0d47a29fa6010c50504b3_Ymxvc3NvbXMubWl0LmVkdQkxOC45LjYyLjIzNg==-2-0.png</filename>
	<path>/home/rahuls/Projects/Data Extraction from charts/Images/bardata(1031)/bar/images/bar/8aeb9ad063b0d47a29fa6010c50504b3_Ymxvc3NvbXMubWl0LmVkdQkxOC45LjYyLjIzNg==-2-0.png</path>
	<source>
		<database>Unknown</database>
	</source>
	<size>
		<width>507</width>
		<height>290</height>
		<depth>3</depth>
	</size>
	<segmented>0</segmented>
	<object>
		<name>bar</name>
		<pose>Unspecified</pose>
		<truncated>0</truncated>
		<difficult>0</difficult>
		<bndbox>
			<xmin>16</xmin>
			<ymin>7</ymin>
			<xmax>500</xmax>
			<ymax>276</ymax>
		</bndbox>
	</object>
</annotation>
