<annotation>
	<folder>bar</folder>
	<filename>8b0c4334ef52af4034ab990815a3643e_Y3MudHhzdGF0ZS5lZHUJMTQ3LjI2LjIzMS4xNjI=-1-0.png</filename>
	<path>/home/rahuls/Projects/Data Extraction from charts/Images/bardata(1031)/bar/images/bar/8b0c4334ef52af4034ab990815a3643e_Y3MudHhzdGF0ZS5lZHUJMTQ3LjI2LjIzMS4xNjI=-1-0.png</path>
	<source>
		<database>Unknown</database>
	</source>
	<size>
		<width>381</width>
		<height>254</height>
		<depth>3</depth>
	</size>
	<segmented>0</segmented>
	<object>
		<name>bar</name>
		<pose>Unspecified</pose>
		<truncated>0</truncated>
		<difficult>0</difficult>
		<bndbox>
			<xmin>20</xmin>
			<ymin>5</ymin>
			<xmax>376</xmax>
			<ymax>241</ymax>
		</bndbox>
	</object>
</annotation>
