<annotation>
	<folder>bar</folder>
	<filename>8b110be622dd75ef2c3a964e5ffc6f18_d3d3Lm1vYmlsbWFuaWEuY3oJODUuMjA3LjU4LjQ2.xls-1-0.png</filename>
	<path>/home/rahuls/Projects/Data Extraction from charts/Images/bardata(1031)/bar/images/bar/8b110be622dd75ef2c3a964e5ffc6f18_d3d3Lm1vYmlsbWFuaWEuY3oJODUuMjA3LjU4LjQ2.xls-1-0.png</path>
	<source>
		<database>Unknown</database>
	</source>
	<size>
		<width>577</width>
		<height>331</height>
		<depth>3</depth>
	</size>
	<segmented>0</segmented>
	<object>
		<name>bar</name>
		<pose>Unspecified</pose>
		<truncated>0</truncated>
		<difficult>0</difficult>
		<bndbox>
			<xmin>12</xmin>
			<ymin>7</ymin>
			<xmax>571</xmax>
			<ymax>314</ymax>
		</bndbox>
	</object>
</annotation>
