<annotation>
	<folder>bar</folder>
	<filename>8b21247f3f64c343c8355db21a1a2911_d3d3LmVudmlyb25tZW50YWxsZWFkZXIuY29tCTUyLjYuMTE4LjExNA==.xls-1-0.png</filename>
	<path>/home/rahuls/Projects/Data Extraction from charts/Images/bardata(1031)/bar/images/bar/8b21247f3f64c343c8355db21a1a2911_d3d3LmVudmlyb25tZW50YWxsZWFkZXIuY29tCTUyLjYuMTE4LjExNA==.xls-1-0.png</path>
	<source>
		<database>Unknown</database>
	</source>
	<size>
		<width>605</width>
		<height>375</height>
		<depth>3</depth>
	</size>
	<segmented>0</segmented>
	<object>
		<name>bar</name>
		<pose>Unspecified</pose>
		<truncated>1</truncated>
		<difficult>0</difficult>
		<bndbox>
			<xmin>15</xmin>
			<ymin>40</ymin>
			<xmax>605</xmax>
			<ymax>368</ymax>
		</bndbox>
	</object>
</annotation>
