<annotation>
	<folder>bar</folder>
	<filename>8b2430e8a0d3be8ae81487a1e91521cd_aGF2YXlhci5jb20JNzkuMTc1LjE3MS4xNzE=-5-0.png</filename>
	<path>/home/rahuls/Projects/Data Extraction from charts/Images/bardata(1031)/bar/images/bar/8b2430e8a0d3be8ae81487a1e91521cd_aGF2YXlhci5jb20JNzkuMTc1LjE3MS4xNzE=-5-0.png</path>
	<source>
		<database>Unknown</database>
	</source>
	<size>
		<width>481</width>
		<height>291</height>
		<depth>3</depth>
	</size>
	<segmented>0</segmented>
	<object>
		<name>bar</name>
		<pose>Unspecified</pose>
		<truncated>0</truncated>
		<difficult>0</difficult>
		<bndbox>
			<xmin>24</xmin>
			<ymin>6</ymin>
			<xmax>474</xmax>
			<ymax>270</ymax>
		</bndbox>
	</object>
</annotation>
