<annotation>
	<folder>bar</folder>
	<filename>8b29eacb0ca0161f266984a35348467f_d3d3LmJ1c2luZXNzLWxpYnJhcnkuanAJMTU3LjExMi4xNTAuNQ==.xls-0-4.png</filename>
	<path>/home/rahuls/Projects/Data Extraction from charts/Images/bardata(1031)/bar/images/bar/8b29eacb0ca0161f266984a35348467f_d3d3LmJ1c2luZXNzLWxpYnJhcnkuanAJMTU3LjExMi4xNTAuNQ==.xls-0-4.png</path>
	<source>
		<database>Unknown</database>
	</source>
	<size>
		<width>651</width>
		<height>425</height>
		<depth>3</depth>
	</size>
	<segmented>0</segmented>
	<object>
		<name>bar</name>
		<pose>Unspecified</pose>
		<truncated>1</truncated>
		<difficult>0</difficult>
		<bndbox>
			<xmin>31</xmin>
			<ymin>3</ymin>
			<xmax>650</xmax>
			<ymax>425</ymax>
		</bndbox>
	</object>
</annotation>
