<annotation>
	<folder>bar</folder>
	<filename>8b296631a9e085f4bd4d537eb3c79b91_d3d3LnByYXRpY2Fici5jb20JMTg2LjI0OC4wLjE4Mw==.xls-0-0.png</filename>
	<path>/home/rahuls/Projects/Data Extraction from charts/Images/bardata(1031)/bar/images/bar/8b296631a9e085f4bd4d537eb3c79b91_d3d3LnByYXRpY2Fici5jb20JMTg2LjI0OC4wLjE4Mw==.xls-0-0.png</path>
	<source>
		<database>Unknown</database>
	</source>
	<size>
		<width>256</width>
		<height>242</height>
		<depth>3</depth>
	</size>
	<segmented>0</segmented>
	<object>
		<name>bar</name>
		<pose>Unspecified</pose>
		<truncated>0</truncated>
		<difficult>0</difficult>
		<bndbox>
			<xmin>8</xmin>
			<ymin>22</ymin>
			<xmax>253</xmax>
			<ymax>233</ymax>
		</bndbox>
	</object>
</annotation>
