<annotation>
	<folder>bar</folder>
	<filename>8b3433be63d87531b8da6f923585a957_aW5mby5yZWx5Y28uY29tCTEwNC44MC44OS4yNg==.xls-1-0.png</filename>
	<path>/home/rahuls/Projects/Data Extraction from charts/Images/bardata(1031)/bar/images/bar/8b3433be63d87531b8da6f923585a957_aW5mby5yZWx5Y28uY29tCTEwNC44MC44OS4yNg==.xls-1-0.png</path>
	<source>
		<database>Unknown</database>
	</source>
	<size>
		<width>460</width>
		<height>409</height>
		<depth>3</depth>
	</size>
	<segmented>0</segmented>
	<object>
		<name>bar</name>
		<pose>Unspecified</pose>
		<truncated>0</truncated>
		<difficult>0</difficult>
		<bndbox>
			<xmin>14</xmin>
			<ymin>8</ymin>
			<xmax>441</xmax>
			<ymax>405</ymax>
		</bndbox>
	</object>
</annotation>
