<annotation>
	<folder>bar</folder>
	<filename>8b39bfc6a4e2fc3d3cd3e2f28e1fcb9c_ZmlsZXMuc3RyaWNrZXItcnViZW4tZGFyaW8ud2Vibm9kZS5lcwkxOTMuODUuMTg0LjU5-0-1.png</filename>
	<path>/home/rahuls/Projects/Data Extraction from charts/Images/bardata(1031)/bar/images/bar/8b39bfc6a4e2fc3d3cd3e2f28e1fcb9c_ZmlsZXMuc3RyaWNrZXItcnViZW4tZGFyaW8ud2Vibm9kZS5lcwkxOTMuODUuMTg0LjU5-0-1.png</path>
	<source>
		<database>Unknown</database>
	</source>
	<size>
		<width>376</width>
		<height>288</height>
		<depth>3</depth>
	</size>
	<segmented>0</segmented>
	<object>
		<name>bar</name>
		<pose>Unspecified</pose>
		<truncated>1</truncated>
		<difficult>0</difficult>
		<bndbox>
			<xmin>9</xmin>
			<ymin>6</ymin>
			<xmax>375</xmax>
			<ymax>288</ymax>
		</bndbox>
	</object>
</annotation>
