<annotation>
	<folder>bar</folder>
	<filename>8b3dc6a61edd3559561309334baea84e_aGFydXRoZXJhcHkubWFpbi5qcAkxNTcuNy4xMDcuMTI1.xls-0-2.png</filename>
	<path>/home/rahuls/Projects/Data Extraction from charts/Images/bardata(1031)/bar/images/bar/8b3dc6a61edd3559561309334baea84e_aGFydXRoZXJhcHkubWFpbi5qcAkxNTcuNy4xMDcuMTI1.xls-0-2.png</path>
	<source>
		<database>Unknown</database>
	</source>
	<size>
		<width>630</width>
		<height>479</height>
		<depth>3</depth>
	</size>
	<segmented>0</segmented>
	<object>
		<name>bar</name>
		<pose>Unspecified</pose>
		<truncated>0</truncated>
		<difficult>0</difficult>
		<bndbox>
			<xmin>14</xmin>
			<ymin>8</ymin>
			<xmax>616</xmax>
			<ymax>455</ymax>
		</bndbox>
	</object>
</annotation>
