<annotation>
	<folder>bar</folder>
	<filename>8b40765087f213c90833077c57b5c636_bGF3cHJvZmVzc29ycy50eXBlcGFkLmNvbQkxMDQuMTYuMTA0LjEyMw==-0-1.png</filename>
	<path>/home/rahuls/Projects/Data Extraction from charts/Images/bardata(1031)/bar/images/bar/8b40765087f213c90833077c57b5c636_bGF3cHJvZmVzc29ycy50eXBlcGFkLmNvbQkxMDQuMTYuMTA0LjEyMw==-0-1.png</path>
	<source>
		<database>Unknown</database>
	</source>
	<size>
		<width>896</width>
		<height>560</height>
		<depth>3</depth>
	</size>
	<segmented>0</segmented>
	<object>
		<name>bar</name>
		<pose>Unspecified</pose>
		<truncated>1</truncated>
		<difficult>0</difficult>
		<bndbox>
			<xmin>9</xmin>
			<ymin>7</ymin>
			<xmax>892</xmax>
			<ymax>560</ymax>
		</bndbox>
	</object>
</annotation>
