<annotation>
	<folder>bar</folder>
	<filename>8b40765087f213c90833077c57b5c636_bGF3cHJvZmVzc29ycy50eXBlcGFkLmNvbQkxMDQuMTYuMTA0LjEyMw==-0-2.png</filename>
	<path>/home/rahuls/Projects/Data Extraction from charts/Images/bardata(1031)/bar/images/bar/8b40765087f213c90833077c57b5c636_bGF3cHJvZmVzc29ycy50eXBlcGFkLmNvbQkxMDQuMTYuMTA0LjEyMw==-0-2.png</path>
	<source>
		<database>Unknown</database>
	</source>
	<size>
		<width>896</width>
		<height>560</height>
		<depth>3</depth>
	</size>
	<segmented>0</segmented>
	<object>
		<name>bar</name>
		<pose>Unspecified</pose>
		<truncated>0</truncated>
		<difficult>0</difficult>
		<bndbox>
			<xmin>18</xmin>
			<ymin>5</ymin>
			<xmax>892</xmax>
			<ymax>551</ymax>
		</bndbox>
	</object>
</annotation>
