<annotation>
	<folder>bar</folder>
	<filename>8b48286e46f7eece281e58377ba947d8_b3Blbi5zaG9uYW4uYnVua3lvLmFjLmpwCTIxMC4xODguMTg0LjI1MQ==.xls-0-3.png</filename>
	<path>/home/rahuls/Projects/Data Extraction from charts/Images/bardata(1031)/bar/images/bar/8b48286e46f7eece281e58377ba947d8_b3Blbi5zaG9uYW4uYnVua3lvLmFjLmpwCTIxMC4xODguMTg0LjI1MQ==.xls-0-3.png</path>
	<source>
		<database>Unknown</database>
	</source>
	<size>
		<width>307</width>
		<height>254</height>
		<depth>3</depth>
	</size>
	<segmented>0</segmented>
	<object>
		<name>bar</name>
		<pose>Unspecified</pose>
		<truncated>0</truncated>
		<difficult>0</difficult>
		<bndbox>
			<xmin>12</xmin>
			<ymin>3</ymin>
			<xmax>303</xmax>
			<ymax>245</ymax>
		</bndbox>
	</object>
</annotation>
