<annotation>
	<folder>bar</folder>
	<filename>8b493a68bc0f1edfbc2f95041ab84010_d3d3LmxkZW8uY29sdW1iaWEuZWR1CTEyOS4yMzYuMTQuMTU=.xls-0-0.png</filename>
	<path>/home/rahuls/Projects/Data Extraction from charts/Images/bardata(1031)/bar/images/bar/8b493a68bc0f1edfbc2f95041ab84010_d3d3LmxkZW8uY29sdW1iaWEuZWR1CTEyOS4yMzYuMTQuMTU=.xls-0-0.png</path>
	<source>
		<database>Unknown</database>
	</source>
	<size>
		<width>437</width>
		<height>257</height>
		<depth>3</depth>
	</size>
	<segmented>0</segmented>
	<object>
		<name>bar</name>
		<pose>Unspecified</pose>
		<truncated>0</truncated>
		<difficult>0</difficult>
		<bndbox>
			<xmin>10</xmin>
			<ymin>9</ymin>
			<xmax>433</xmax>
			<ymax>238</ymax>
		</bndbox>
	</object>
</annotation>
