<annotation>
	<folder>bar</folder>
	<filename>8b49096277e670c4d397226c1883306a_ZW1icnlvbG9neS5tZWQudW5zdy5lZHUuYXUJMTQ5LjE3MS4yOS4yNTE=.xls-0-0.png</filename>
	<path>/home/rahuls/Projects/Data Extraction from charts/Images/bardata(1031)/bar/images/bar/8b49096277e670c4d397226c1883306a_ZW1icnlvbG9neS5tZWQudW5zdy5lZHUuYXUJMTQ5LjE3MS4yOS4yNTE=.xls-0-0.png</path>
	<source>
		<database>Unknown</database>
	</source>
	<size>
		<width>1097</width>
		<height>997</height>
		<depth>3</depth>
	</size>
	<segmented>0</segmented>
	<object>
		<name>bar</name>
		<pose>Unspecified</pose>
		<truncated>0</truncated>
		<difficult>0</difficult>
		<bndbox>
			<xmin>17</xmin>
			<ymin>8</ymin>
			<xmax>1083</xmax>
			<ymax>957</ymax>
		</bndbox>
	</object>
</annotation>
