<annotation>
	<folder>bar</folder>
	<filename>8b4c5fdd2488518149de1ddceb864e35_d3d3LnRheHBvbGljeWNlbnRlci5vcmcJNTAuMTYuMjQ0LjExMw==.xls-0-0.png</filename>
	<path>/home/rahuls/Projects/Data Extraction from charts/Images/bardata(1031)/bar/images/bar/8b4c5fdd2488518149de1ddceb864e35_d3d3LnRheHBvbGljeWNlbnRlci5vcmcJNTAuMTYuMjQ0LjExMw==.xls-0-0.png</path>
	<source>
		<database>Unknown</database>
	</source>
	<size>
		<width>649</width>
		<height>469</height>
		<depth>3</depth>
	</size>
	<segmented>0</segmented>
	<object>
		<name>bar</name>
		<pose>Unspecified</pose>
		<truncated>0</truncated>
		<difficult>0</difficult>
		<bndbox>
			<xmin>20</xmin>
			<ymin>15</ymin>
			<xmax>645</xmax>
			<ymax>427</ymax>
		</bndbox>
	</object>
</annotation>
