<annotation>
	<folder>bar</folder>
	<filename>8b56996a83170505747a72cfc84c1e15_d3d3LnNhbHV0ZS5nb3YuaXQJMTk1LjQ1LjExMy43OA==.xls-0-0.png</filename>
	<path>/home/rahuls/Projects/Data Extraction from charts/Images/bardata(1031)/bar/images/bar/8b56996a83170505747a72cfc84c1e15_d3d3LnNhbHV0ZS5nb3YuaXQJMTk1LjQ1LjExMy43OA==.xls-0-0.png</path>
	<source>
		<database>Unknown</database>
	</source>
	<size>
		<width>770</width>
		<height>474</height>
		<depth>3</depth>
	</size>
	<segmented>0</segmented>
	<object>
		<name>bar</name>
		<pose>Unspecified</pose>
		<truncated>1</truncated>
		<difficult>0</difficult>
		<bndbox>
			<xmin>37</xmin>
			<ymin>5</ymin>
			<xmax>770</xmax>
			<ymax>474</ymax>
		</bndbox>
	</object>
</annotation>
