<annotation>
	<folder>bar</folder>
	<filename>8b57a21769af19c10a4c4acd763c44fe_d3d3LmNodXNoby5tZXRpLmdvLmpwCTEwNC44MC44OS40MQ==-0-0.png</filename>
	<path>/home/rahuls/Projects/Data Extraction from charts/Images/bardata(1031)/bar/images/bar/8b57a21769af19c10a4c4acd763c44fe_d3d3LmNodXNoby5tZXRpLmdvLmpwCTEwNC44MC44OS40MQ==-0-0.png</path>
	<source>
		<database>Unknown</database>
	</source>
	<size>
		<width>926</width>
		<height>627</height>
		<depth>3</depth>
	</size>
	<segmented>0</segmented>
	<object>
		<name>bar</name>
		<pose>Unspecified</pose>
		<truncated>1</truncated>
		<difficult>0</difficult>
		<bndbox>
			<xmin>3</xmin>
			<ymin>2</ymin>
			<xmax>926</xmax>
			<ymax>433</ymax>
		</bndbox>
	</object>
</annotation>
