<annotation>
	<folder>bar</folder>
	<filename>8b67520eb4b9c014465322705afdfa9d_d3d3LmhvbWUuc2hpcmF6dS5hYy5pcgkxODUuNjQuMTc2LjQ2.xls-1-0.png</filename>
	<path>/home/rahuls/Projects/Data Extraction from charts/Images/bardata(1031)/bar/images/bar/8b67520eb4b9c014465322705afdfa9d_d3d3LmhvbWUuc2hpcmF6dS5hYy5pcgkxODUuNjQuMTc2LjQ2.xls-1-0.png</path>
	<source>
		<database>Unknown</database>
	</source>
	<size>
		<width>350</width>
		<height>183</height>
		<depth>3</depth>
	</size>
	<segmented>0</segmented>
	<object>
		<name>bar</name>
		<pose>Unspecified</pose>
		<truncated>0</truncated>
		<difficult>0</difficult>
		<bndbox>
			<xmin>86</xmin>
			<ymin>6</ymin>
			<xmax>265</xmax>
			<ymax>180</ymax>
		</bndbox>
	</object>
</annotation>
