<annotation>
	<folder>bar</folder>
	<filename>8b6cdeadfc24e1ababbeb75c38be6d0c_d3d3Lmdvdi51awkxNTEuMTAxLjUyLjE0NA==.xls-3-0.png</filename>
	<path>/home/rahuls/Projects/Data Extraction from charts/Images/bardata(1031)/bar/images/bar/8b6cdeadfc24e1ababbeb75c38be6d0c_d3d3Lmdvdi51awkxNTEuMTAxLjUyLjE0NA==.xls-3-0.png</path>
	<source>
		<database>Unknown</database>
	</source>
	<size>
		<width>646</width>
		<height>414</height>
		<depth>3</depth>
	</size>
	<segmented>0</segmented>
	<object>
		<name>bar</name>
		<pose>Unspecified</pose>
		<truncated>0</truncated>
		<difficult>0</difficult>
		<bndbox>
			<xmin>7</xmin>
			<ymin>17</ymin>
			<xmax>633</xmax>
			<ymax>400</ymax>
		</bndbox>
	</object>
</annotation>
