<annotation>
	<folder>bar</folder>
	<filename>8b71edf5cca2b3b036b1b715f09b6da0_d3d3LmNjdC5sc3UuZWR1CTEzMC4zOS4yMS42MA==.xls-0-0.png</filename>
	<path>/home/rahuls/Projects/Data Extraction from charts/Images/bardata(1031)/bar/images/bar/8b71edf5cca2b3b036b1b715f09b6da0_d3d3LmNjdC5sc3UuZWR1CTEzMC4zOS4yMS42MA==.xls-0-0.png</path>
	<source>
		<database>Unknown</database>
	</source>
	<size>
		<width>901</width>
		<height>613</height>
		<depth>3</depth>
	</size>
	<segmented>0</segmented>
	<object>
		<name>bar</name>
		<pose>Unspecified</pose>
		<truncated>0</truncated>
		<difficult>0</difficult>
		<bndbox>
			<xmin>30</xmin>
			<ymin>2</ymin>
			<xmax>866</xmax>
			<ymax>594</ymax>
		</bndbox>
	</object>
</annotation>
