<annotation>
	<folder>bar</folder>
	<filename>8b7b7596cd4795985ff56b5594306147_dGhpbmt0YW5rLmttdS5hYy5pcgkxODUuMTQ0LjY1LjIx-0-1.png</filename>
	<path>/home/rahuls/Projects/Data Extraction from charts/Images/bardata(1031)/bar/images/bar/8b7b7596cd4795985ff56b5594306147_dGhpbmt0YW5rLmttdS5hYy5pcgkxODUuMTQ0LjY1LjIx-0-1.png</path>
	<source>
		<database>Unknown</database>
	</source>
	<size>
		<width>560</width>
		<height>341</height>
		<depth>3</depth>
	</size>
	<segmented>0</segmented>
	<object>
		<name>bar</name>
		<pose>Unspecified</pose>
		<truncated>0</truncated>
		<difficult>0</difficult>
		<bndbox>
			<xmin>14</xmin>
			<ymin>11</ymin>
			<xmax>556</xmax>
			<ymax>336</ymax>
		</bndbox>
	</object>
</annotation>
