<annotation>
	<folder>bar</folder>
	<filename>8b81fcd499ea1139698c2b91db23c018_ZmlsZXMuZGF0YXByZXNzLmNvbQk1Mi44NC4xNi4xODQ=.xls-1-0.png</filename>
	<path>/home/rahuls/Projects/Data Extraction from charts/Images/bardata(1031)/bar/images/bar/8b81fcd499ea1139698c2b91db23c018_ZmlsZXMuZGF0YXByZXNzLmNvbQk1Mi44NC4xNi4xODQ=.xls-1-0.png</path>
	<source>
		<database>Unknown</database>
	</source>
	<size>
		<width>876</width>
		<height>668</height>
		<depth>3</depth>
	</size>
	<segmented>0</segmented>
	<object>
		<name>bar</name>
		<pose>Unspecified</pose>
		<truncated>1</truncated>
		<difficult>0</difficult>
		<bndbox>
			<xmin>14</xmin>
			<ymin>38</ymin>
			<xmax>876</xmax>
			<ymax>668</ymax>
		</bndbox>
	</object>
</annotation>
