<annotation>
	<folder>bar</folder>
	<filename>8b887f0345445ea41067b86a1190ec51_ZGlnaXRhbGNvbW1vbnMubWFjYWxlc3Rlci5lZHUJNzIuNS45LjE5Nw==.xls-13-0.png</filename>
	<path>/home/rahuls/Projects/Data Extraction from charts/Images/bardata(1031)/bar/images/bar/8b887f0345445ea41067b86a1190ec51_ZGlnaXRhbGNvbW1vbnMubWFjYWxlc3Rlci5lZHUJNzIuNS45LjE5Nw==.xls-13-0.png</path>
	<source>
		<database>Unknown</database>
	</source>
	<size>
		<width>897</width>
		<height>611</height>
		<depth>3</depth>
	</size>
	<segmented>0</segmented>
	<object>
		<name>bar</name>
		<pose>Unspecified</pose>
		<truncated>0</truncated>
		<difficult>0</difficult>
		<bndbox>
			<xmin>13</xmin>
			<ymin>14</ymin>
			<xmax>862</xmax>
			<ymax>601</ymax>
		</bndbox>
	</object>
</annotation>
