<annotation>
	<folder>bar</folder>
	<filename>8b99aac504167e5be52bf1534b2fcb73_d3d3LmlzZHNjb3RsYW5kLm9yZwkxOTMuMTk1Ljc4LjY3-2-0.png</filename>
	<path>/home/rahuls/Projects/Data Extraction from charts/Images/bardata(1031)/bar/images/bar/8b99aac504167e5be52bf1534b2fcb73_d3d3LmlzZHNjb3RsYW5kLm9yZwkxOTMuMTk1Ljc4LjY3-2-0.png</path>
	<source>
		<database>Unknown</database>
	</source>
	<size>
		<width>873</width>
		<height>514</height>
		<depth>3</depth>
	</size>
	<segmented>0</segmented>
	<object>
		<name>bar</name>
		<pose>Unspecified</pose>
		<truncated>0</truncated>
		<difficult>0</difficult>
		<bndbox>
			<xmin>6</xmin>
			<ymin>4</ymin>
			<xmax>870</xmax>
			<ymax>498</ymax>
		</bndbox>
	</object>
</annotation>
