<annotation>
	<folder>bar</folder>
	<filename>8b99aac504167e5be52bf1534b2fcb73_d3d3LmlzZHNjb3RsYW5kLm9yZwkxOTMuMTk1Ljc4LjY3-1-1.png</filename>
	<path>/home/rahuls/Projects/Data Extraction from charts/Images/bardata(1031)/bar/images/bar/8b99aac504167e5be52bf1534b2fcb73_d3d3LmlzZHNjb3RsYW5kLm9yZwkxOTMuMTk1Ljc4LjY3-1-1.png</path>
	<source>
		<database>Unknown</database>
	</source>
	<size>
		<width>870</width>
		<height>357</height>
		<depth>3</depth>
	</size>
	<segmented>0</segmented>
	<object>
		<name>bar</name>
		<pose>Unspecified</pose>
		<truncated>1</truncated>
		<difficult>0</difficult>
		<bndbox>
			<xmin>3</xmin>
			<ymin>1</ymin>
			<xmax>862</xmax>
			<ymax>347</ymax>
		</bndbox>
	</object>
</annotation>
