<annotation>
	<folder>bar</folder>
	<filename>8ba0ef8f376ced5651b03c3a6afae036_d3d3Lmdvdi5zY290CTEzNC4xOS4xNjEuMjQ5.xls-4-0.png</filename>
	<path>/home/rahuls/Projects/Data Extraction from charts/Images/bardata(1031)/bar/images/bar/8ba0ef8f376ced5651b03c3a6afae036_d3d3Lmdvdi5zY290CTEzNC4xOS4xNjEuMjQ5.xls-4-0.png</path>
	<source>
		<database>Unknown</database>
	</source>
	<size>
		<width>453</width>
		<height>270</height>
		<depth>3</depth>
	</size>
	<segmented>0</segmented>
	<object>
		<name>bar</name>
		<pose>Unspecified</pose>
		<truncated>1</truncated>
		<difficult>0</difficult>
		<bndbox>
			<xmin>9</xmin>
			<ymin>1</ymin>
			<xmax>443</xmax>
			<ymax>255</ymax>
		</bndbox>
	</object>
</annotation>
