<annotation>
	<folder>bar</folder>
	<filename>8ba5c954667c5039f59f7320336cce6b_d3d3LmFwbWVwLmZyCTM3LjE4Ny4xNDUuMTg5.xls-1-0.png</filename>
	<path>/home/rahuls/Projects/Data Extraction from charts/Images/bardata(1031)/bar/images/bar/8ba5c954667c5039f59f7320336cce6b_d3d3LmFwbWVwLmZyCTM3LjE4Ny4xNDUuMTg5.xls-1-0.png</path>
	<source>
		<database>Unknown</database>
	</source>
	<size>
		<width>1224</width>
		<height>682</height>
		<depth>3</depth>
	</size>
	<segmented>0</segmented>
	<object>
		<name>bar</name>
		<pose>Unspecified</pose>
		<truncated>0</truncated>
		<difficult>0</difficult>
		<bndbox>
			<xmin>17</xmin>
			<ymin>12</ymin>
			<xmax>1213</xmax>
			<ymax>668</ymax>
		</bndbox>
	</object>
</annotation>
