<annotation>
	<folder>bar</folder>
	<filename>8ba55ade55ee79c57d2df2551eaf90d6_cGxhbmV0YS50c3B1LnJ1CTE5My4xMDYuMTMyLjEw-1-0.png</filename>
	<path>/home/rahuls/Projects/Data Extraction from charts/Images/bardata(1031)/bar/images/bar/8ba55ade55ee79c57d2df2551eaf90d6_cGxhbmV0YS50c3B1LnJ1CTE5My4xMDYuMTMyLjEw-1-0.png</path>
	<source>
		<database>Unknown</database>
	</source>
	<size>
		<width>727</width>
		<height>527</height>
		<depth>3</depth>
	</size>
	<segmented>0</segmented>
	<object>
		<name>bar</name>
		<pose>Unspecified</pose>
		<truncated>0</truncated>
		<difficult>0</difficult>
		<bndbox>
			<xmin>15</xmin>
			<ymin>12</ymin>
			<xmax>724</xmax>
			<ymax>505</ymax>
		</bndbox>
	</object>
</annotation>
