<annotation>
	<folder>bar</folder>
	<filename>8ba7f1d558078cd1623381798713a4de_d3d3LnN0YXQuZ28uanAJMjEwLjIzMi4xMy4xMTc=.xls-0-0.png</filename>
	<path>/home/rahuls/Projects/Data Extraction from charts/Images/bardata(1031)/bar/images/bar/8ba7f1d558078cd1623381798713a4de_d3d3LnN0YXQuZ28uanAJMjEwLjIzMi4xMy4xMTc=.xls-0-0.png</path>
	<source>
		<database>Unknown</database>
	</source>
	<size>
		<width>970</width>
		<height>920</height>
		<depth>3</depth>
	</size>
	<segmented>0</segmented>
	<object>
		<name>bar</name>
		<pose>Unspecified</pose>
		<truncated>0</truncated>
		<difficult>0</difficult>
		<bndbox>
			<xmin>5</xmin>
			<ymin>128</ymin>
			<xmax>931</xmax>
			<ymax>900</ymax>
		</bndbox>
	</object>
</annotation>
