<annotation>
	<folder>bar</folder>
	<filename>8bafe3be0ac77dcfef66b397b3b534fb_bWVkaWEud2lja2VkbG9jYWwuY29tCTY2LjIyOC4zOC4xMDk=.xls-1-0.png</filename>
	<path>/home/rahuls/Projects/Data Extraction from charts/Images/bardata(1031)/bar/images/bar/8bafe3be0ac77dcfef66b397b3b534fb_bWVkaWEud2lja2VkbG9jYWwuY29tCTY2LjIyOC4zOC4xMDk=.xls-1-0.png</path>
	<source>
		<database>Unknown</database>
	</source>
	<size>
		<width>949</width>
		<height>699</height>
		<depth>3</depth>
	</size>
	<segmented>0</segmented>
	<object>
		<name>bar</name>
		<pose>Unspecified</pose>
		<truncated>0</truncated>
		<difficult>0</difficult>
		<bndbox>
			<xmin>22</xmin>
			<ymin>4</ymin>
			<xmax>941</xmax>
			<ymax>684</ymax>
		</bndbox>
	</object>
</annotation>
