<annotation>
	<folder>bar</folder>
	<filename>8bb054ea16044c3c2cf22aca4a11fa2b_ZW52ZWplY2ltaWVudG8uY3NpYy5lcwkxNjEuMTExLjQ3LjE0Mg==.xls-0-0.png</filename>
	<path>/home/rahuls/Projects/Data Extraction from charts/Images/bardata(1031)/bar/images/bar/8bb054ea16044c3c2cf22aca4a11fa2b_ZW52ZWplY2ltaWVudG8uY3NpYy5lcwkxNjEuMTExLjQ3LjE0Mg==.xls-0-0.png</path>
	<source>
		<database>Unknown</database>
	</source>
	<size>
		<width>798</width>
		<height>506</height>
		<depth>3</depth>
	</size>
	<segmented>0</segmented>
	<object>
		<name>bar</name>
		<pose>Unspecified</pose>
		<truncated>0</truncated>
		<difficult>0</difficult>
		<bndbox>
			<xmin>27</xmin>
			<ymin>13</ymin>
			<xmax>793</xmax>
			<ymax>440</ymax>
		</bndbox>
	</object>
</annotation>
