<annotation>
	<folder>bar</folder>
	<filename>8bb66ea41d91a9bd49757f25dee418c8_d3d3LnByZWZlY3R1cmFsb2phLmdvYi5lYwkxODYuMTc4LjIwMS4yMjY=-1-0.png</filename>
	<path>/home/rahuls/Projects/Data Extraction from charts/Images/bardata(1031)/bar/images/bar/8bb66ea41d91a9bd49757f25dee418c8_d3d3LnByZWZlY3R1cmFsb2phLmdvYi5lYwkxODYuMTc4LjIwMS4yMjY=-1-0.png</path>
	<source>
		<database>Unknown</database>
	</source>
	<size>
		<width>632</width>
		<height>515</height>
		<depth>3</depth>
	</size>
	<segmented>0</segmented>
	<object>
		<name>bar</name>
		<pose>Unspecified</pose>
		<truncated>0</truncated>
		<difficult>0</difficult>
		<bndbox>
			<xmin>30</xmin>
			<ymin>10</ymin>
			<xmax>624</xmax>
			<ymax>510</ymax>
		</bndbox>
	</object>
</annotation>
