<annotation>
	<folder>bar</folder>
	<filename>8bbc43a2b2a0fd50e9802b29457125b1_b2VpLmluZHkuZ292CTE5Mi4yNTQuMjM3LjEyNg==-12-1.png</filename>
	<path>/home/rahuls/Projects/Data Extraction from charts/Images/bardata(1031)/bar/images/bar/8bbc43a2b2a0fd50e9802b29457125b1_b2VpLmluZHkuZ292CTE5Mi4yNTQuMjM3LjEyNg==-12-1.png</path>
	<source>
		<database>Unknown</database>
	</source>
	<size>
		<width>327</width>
		<height>261</height>
		<depth>3</depth>
	</size>
	<segmented>0</segmented>
	<object>
		<name>bar</name>
		<pose>Unspecified</pose>
		<truncated>0</truncated>
		<difficult>0</difficult>
		<bndbox>
			<xmin>9</xmin>
			<ymin>12</ymin>
			<xmax>318</xmax>
			<ymax>249</ymax>
		</bndbox>
	</object>
</annotation>
