<annotation>
	<folder>bar</folder>
	<filename>8bbfb0544f063a31feab7897d9933c36_d3d3LmVhdS1wb2l0b3UtY2hhcmVudGVzLm9yZwk5NS4xNDIuMTcxLjE4Mw==-1-2.png</filename>
	<path>/home/rahuls/Projects/Data Extraction from charts/Images/bardata(1031)/bar/images/bar/8bbfb0544f063a31feab7897d9933c36_d3d3LmVhdS1wb2l0b3UtY2hhcmVudGVzLm9yZwk5NS4xNDIuMTcxLjE4Mw==-1-2.png</path>
	<source>
		<database>Unknown</database>
	</source>
	<size>
		<width>780</width>
		<height>421</height>
		<depth>3</depth>
	</size>
	<segmented>0</segmented>
	<object>
		<name>bar</name>
		<pose>Unspecified</pose>
		<truncated>1</truncated>
		<difficult>0</difficult>
		<bndbox>
			<xmin>4</xmin>
			<ymin>4</ymin>
			<xmax>780</xmax>
			<ymax>421</ymax>
		</bndbox>
	</object>
</annotation>
