<annotation>
	<folder>bar</folder>
	<filename>8bbfba3255c962d4720f24deb53c0ba8_Y2FjaGUubWVkaWEuZWR1Y2F0aW9uLmdvdXYuZnIJOC4yNTMuNDQuMTI2.xls-4-0.png</filename>
	<path>/home/rahuls/Projects/Data Extraction from charts/Images/bardata(1031)/bar/images/bar/8bbfba3255c962d4720f24deb53c0ba8_Y2FjaGUubWVkaWEuZWR1Y2F0aW9uLmdvdXYuZnIJOC4yNTMuNDQuMTI2.xls-4-0.png</path>
	<source>
		<database>Unknown</database>
	</source>
	<size>
		<width>819</width>
		<height>386</height>
		<depth>3</depth>
	</size>
	<segmented>0</segmented>
	<object>
		<name>bar</name>
		<pose>Unspecified</pose>
		<truncated>1</truncated>
		<difficult>0</difficult>
		<bndbox>
			<xmin>15</xmin>
			<ymin>10</ymin>
			<xmax>819</xmax>
			<ymax>386</ymax>
		</bndbox>
	</object>
</annotation>
