<annotation>
	<folder>bar</folder>
	<filename>8bc649c45b0c12c80505e6d062b91bbe_d3d3LmNlYy5oZWFsdGgubnN3Lmdvdi5hdQkyMDIuOS45NC4xMDA=-4-3.png</filename>
	<path>/home/rahuls/Projects/Data Extraction from charts/Images/bardata(1031)/bar/images/bar/8bc649c45b0c12c80505e6d062b91bbe_d3d3LmNlYy5oZWFsdGgubnN3Lmdvdi5hdQkyMDIuOS45NC4xMDA=-4-3.png</path>
	<source>
		<database>Unknown</database>
	</source>
	<size>
		<width>780</width>
		<height>504</height>
		<depth>3</depth>
	</size>
	<segmented>0</segmented>
	<object>
		<name>bar</name>
		<pose>Unspecified</pose>
		<truncated>0</truncated>
		<difficult>0</difficult>
		<bndbox>
			<xmin>11</xmin>
			<ymin>87</ymin>
			<xmax>768</xmax>
			<ymax>500</ymax>
		</bndbox>
	</object>
</annotation>
