<annotation>
	<folder>bar</folder>
	<filename>8bc6c1d4a3ee74a9b4336ee73cde71f0_d3d3LmF1dG9zYXAuY3oJNDYuMjguMTA1Ljk0.XLS-1-0.png</filename>
	<path>/home/rahuls/Projects/Data Extraction from charts/Images/bardata(1031)/bar/images/bar/8bc6c1d4a3ee74a9b4336ee73cde71f0_d3d3LmF1dG9zYXAuY3oJNDYuMjguMTA1Ljk0.XLS-1-0.png</path>
	<source>
		<database>Unknown</database>
	</source>
	<size>
		<width>569</width>
		<height>519</height>
		<depth>3</depth>
	</size>
	<segmented>0</segmented>
	<object>
		<name>bar</name>
		<pose>Unspecified</pose>
		<truncated>1</truncated>
		<difficult>0</difficult>
		<bndbox>
			<xmin>6</xmin>
			<ymin>12</ymin>
			<xmax>569</xmax>
			<ymax>511</ymax>
		</bndbox>
	</object>
</annotation>
