<annotation>
	<folder>bar</folder>
	<filename>8bc9395a5601763b7da14a3a1ca2fed1_d3d3Lnh0ZWMuY2F0CTgzLjI0Ny4xNTEuMjE0.xls-0-0.png</filename>
	<path>/home/rahuls/Projects/Data Extraction from charts/Images/bardata(1031)/bar/images/bar/8bc9395a5601763b7da14a3a1ca2fed1_d3d3Lnh0ZWMuY2F0CTgzLjI0Ny4xNTEuMjE0.xls-0-0.png</path>
	<source>
		<database>Unknown</database>
	</source>
	<size>
		<width>267</width>
		<height>220</height>
		<depth>3</depth>
	</size>
	<segmented>0</segmented>
	<object>
		<name>bar</name>
		<pose>Unspecified</pose>
		<truncated>0</truncated>
		<difficult>0</difficult>
		<bndbox>
			<xmin>7</xmin>
			<ymin>12</ymin>
			<xmax>265</xmax>
			<ymax>214</ymax>
		</bndbox>
	</object>
</annotation>
