<annotation>
	<folder>bar</folder>
	<filename>8bcd80bb339cdb6ffbee4d37dd1a9c8a_d3d3LnNhbGlzYnVyeS5lZHUJMTMxLjExOC4zMy4yMDE=.xls-0-1.png</filename>
	<path>/home/rahuls/Projects/Data Extraction from charts/Images/bardata(1031)/bar/images/bar/8bcd80bb339cdb6ffbee4d37dd1a9c8a_d3d3LnNhbGlzYnVyeS5lZHUJMTMxLjExOC4zMy4yMDE=.xls-0-1.png</path>
	<source>
		<database>Unknown</database>
	</source>
	<size>
		<width>554</width>
		<height>413</height>
		<depth>3</depth>
	</size>
	<segmented>0</segmented>
	<object>
		<name>bar</name>
		<pose>Unspecified</pose>
		<truncated>1</truncated>
		<difficult>0</difficult>
		<bndbox>
			<xmin>21</xmin>
			<ymin>7</ymin>
			<xmax>539</xmax>
			<ymax>413</ymax>
		</bndbox>
	</object>
</annotation>
