<annotation>
	<folder>bar</folder>
	<filename>8bcd9645798d00af921d211bb10d6ab9_d3d3LmlzbGluZ3Rvbi5nb3YudWsJNTIuMTY2LjE5OC4xNjM=.xls-0-0.png</filename>
	<path>/home/rahuls/Projects/Data Extraction from charts/Images/bardata(1031)/bar/images/bar/8bcd9645798d00af921d211bb10d6ab9_d3d3LmlzbGluZ3Rvbi5nb3YudWsJNTIuMTY2LjE5OC4xNjM=.xls-0-0.png</path>
	<source>
		<database>Unknown</database>
	</source>
	<size>
		<width>901</width>
		<height>613</height>
		<depth>3</depth>
	</size>
	<segmented>0</segmented>
	<object>
		<name>bar</name>
		<pose>Unspecified</pose>
		<truncated>1</truncated>
		<difficult>0</difficult>
		<bndbox>
			<xmin>10</xmin>
			<ymin>2</ymin>
			<xmax>901</xmax>
			<ymax>613</ymax>
		</bndbox>
	</object>
</annotation>
