<annotation>
	<folder>bar</folder>
	<filename>8bcd80bb339cdb6ffbee4d37dd1a9c8a_d3d3LnNhbGlzYnVyeS5lZHUJMTMxLjExOC4zMy4yMDE=.xls-0-0.png</filename>
	<path>/home/rahuls/Projects/Data Extraction from charts/Images/bardata(1031)/bar/images/bar/8bcd80bb339cdb6ffbee4d37dd1a9c8a_d3d3LnNhbGlzYnVyeS5lZHUJMTMxLjExOC4zMy4yMDE=.xls-0-0.png</path>
	<source>
		<database>Unknown</database>
	</source>
	<size>
		<width>552</width>
		<height>371</height>
		<depth>3</depth>
	</size>
	<segmented>0</segmented>
	<object>
		<name>bar</name>
		<pose>Unspecified</pose>
		<truncated>0</truncated>
		<difficult>0</difficult>
		<bndbox>
			<xmin>12</xmin>
			<ymin>10</ymin>
			<xmax>528</xmax>
			<ymax>369</ymax>
		</bndbox>
	</object>
</annotation>
