<annotation>
	<folder>bar</folder>
	<filename>8bcf9251cec23f486075a05f76e4b842_d3d3LmJzYXBwLmNvbQk2Ni45Ni4xNDkuMQ==.xls-0-3.png</filename>
	<path>/home/rahuls/Projects/Data Extraction from charts/Images/bardata(1031)/bar/images/bar/8bcf9251cec23f486075a05f76e4b842_d3d3LmJzYXBwLmNvbQk2Ni45Ni4xNDkuMQ==.xls-0-3.png</path>
	<source>
		<database>Unknown</database>
	</source>
	<size>
		<width>649</width>
		<height>361</height>
		<depth>3</depth>
	</size>
	<segmented>0</segmented>
	<object>
		<name>bar</name>
		<pose>Unspecified</pose>
		<truncated>0</truncated>
		<difficult>0</difficult>
		<bndbox>
			<xmin>21</xmin>
			<ymin>3</ymin>
			<xmax>643</xmax>
			<ymax>360</ymax>
		</bndbox>
	</object>
</annotation>
