<annotation>
	<folder>bar</folder>
	<filename>8bd13972a3cc76eb54728c41a7c7842f_d3d3LmF0Z2MtbW9udHBlbGxpZXIuZnIJMTkzLjQ5LjExMC42.xls-0-1.png</filename>
	<path>/home/rahuls/Projects/Data Extraction from charts/Images/bardata(1031)/bar/images/bar/8bd13972a3cc76eb54728c41a7c7842f_d3d3LmF0Z2MtbW9udHBlbGxpZXIuZnIJMTkzLjQ5LjExMC42.xls-0-1.png</path>
	<source>
		<database>Unknown</database>
	</source>
	<size>
		<width>547</width>
		<height>480</height>
		<depth>3</depth>
	</size>
	<segmented>0</segmented>
	<object>
		<name>bar</name>
		<pose>Unspecified</pose>
		<truncated>1</truncated>
		<difficult>0</difficult>
		<bndbox>
			<xmin>5</xmin>
			<ymin>10</ymin>
			<xmax>547</xmax>
			<ymax>471</ymax>
		</bndbox>
	</object>
</annotation>
