<annotation>
	<folder>bar</folder>
	<filename>8bd8b5f35a6dd234657fc4b94c30df51_d3d3LnpvcmctZW4tZ2V6b25kaGVpZC5iZQkzMS4xOTMuMTc5LjE0Mg==.xls-2-1.png</filename>
	<path>/home/rahuls/Projects/Data Extraction from charts/Images/bardata(1031)/bar/images/bar/8bd8b5f35a6dd234657fc4b94c30df51_d3d3LnpvcmctZW4tZ2V6b25kaGVpZC5iZQkzMS4xOTMuMTc5LjE0Mg==.xls-2-1.png</path>
	<source>
		<database>Unknown</database>
	</source>
	<size>
		<width>571</width>
		<height>435</height>
		<depth>3</depth>
	</size>
	<segmented>0</segmented>
	<object>
		<name>bar</name>
		<pose>Unspecified</pose>
		<truncated>1</truncated>
		<difficult>0</difficult>
		<bndbox>
			<xmin>5</xmin>
			<ymin>6</ymin>
			<xmax>566</xmax>
			<ymax>435</ymax>
		</bndbox>
	</object>
</annotation>
