<annotation>
	<folder>bar</folder>
	<filename>8bd9ce6572d2bb6da1c5674404e42022_d3d3LmNvbXVuZS5ib2xvZ25hLml0CTEwOS4yMzMuMTIxLjMy.xls-0-0.png</filename>
	<path>/home/rahuls/Projects/Data Extraction from charts/Images/bardata(1031)/bar/images/bar/8bd9ce6572d2bb6da1c5674404e42022_d3d3LmNvbXVuZS5ib2xvZ25hLml0CTEwOS4yMzMuMTIxLjMy.xls-0-0.png</path>
	<source>
		<database>Unknown</database>
	</source>
	<size>
		<width>1037</width>
		<height>390</height>
		<depth>3</depth>
	</size>
	<segmented>0</segmented>
	<object>
		<name>bar</name>
		<pose>Unspecified</pose>
		<truncated>1</truncated>
		<difficult>0</difficult>
		<bndbox>
			<xmin>7</xmin>
			<ymin>9</ymin>
			<xmax>1037</xmax>
			<ymax>390</ymax>
		</bndbox>
	</object>
</annotation>
