<annotation>
	<folder>bar</folder>
	<filename>8bde8e5ebfd56d66e8483faa5f57d816_d3d3LmlscnNvbWJvci5lZHUucnMJMTk0LjkuOTQuMTUy.xls-2-3.png</filename>
	<path>/home/rahuls/Projects/Data Extraction from charts/Images/bardata(1031)/bar/images/bar/8bde8e5ebfd56d66e8483faa5f57d816_d3d3LmlscnNvbWJvci5lZHUucnMJMTk0LjkuOTQuMTUy.xls-2-3.png</path>
	<source>
		<database>Unknown</database>
	</source>
	<size>
		<width>934</width>
		<height>661</height>
		<depth>3</depth>
	</size>
	<segmented>0</segmented>
	<object>
		<name>bar</name>
		<pose>Unspecified</pose>
		<truncated>0</truncated>
		<difficult>0</difficult>
		<bndbox>
			<xmin>10</xmin>
			<ymin>10</ymin>
			<xmax>932</xmax>
			<ymax>653</ymax>
		</bndbox>
	</object>
</annotation>
