<annotation>
	<folder>bar</folder>
	<filename>8be3742b660e75222ae60478479f6749_b2lyLm1lbXBoaXMuZWR1CTE0MS4yMjUuMTI2LjEwOA==-2-0.png</filename>
	<path>/home/rahuls/Projects/Data Extraction from charts/Images/bardata(1031)/bar/images/bar/8be3742b660e75222ae60478479f6749_b2lyLm1lbXBoaXMuZWR1CTE0MS4yMjUuMTI2LjEwOA==-2-0.png</path>
	<source>
		<database>Unknown</database>
	</source>
	<size>
		<width>469</width>
		<height>326</height>
		<depth>3</depth>
	</size>
	<segmented>0</segmented>
	<object>
		<name>bar</name>
		<pose>Unspecified</pose>
		<truncated>1</truncated>
		<difficult>0</difficult>
		<bndbox>
			<xmin>10</xmin>
			<ymin>11</ymin>
			<xmax>469</xmax>
			<ymax>326</ymax>
		</bndbox>
	</object>
</annotation>
