<annotation>
	<folder>bar</folder>
	<filename>8be3742b660e75222ae60478479f6749_b2lyLm1lbXBoaXMuZWR1CTE0MS4yMjUuMTI2LjEwOA==-2-1.png</filename>
	<path>/home/rahuls/Projects/Data Extraction from charts/Images/bardata(1031)/bar/images/bar/8be3742b660e75222ae60478479f6749_b2lyLm1lbXBoaXMuZWR1CTE0MS4yMjUuMTI2LjEwOA==-2-1.png</path>
	<source>
		<database>Unknown</database>
	</source>
	<size>
		<width>469</width>
		<height>276</height>
		<depth>3</depth>
	</size>
	<segmented>0</segmented>
	<object>
		<name>bar</name>
		<pose>Unspecified</pose>
		<truncated>0</truncated>
		<difficult>0</difficult>
		<bndbox>
			<xmin>14</xmin>
			<ymin>6</ymin>
			<xmax>466</xmax>
			<ymax>269</ymax>
		</bndbox>
	</object>
</annotation>
