<annotation>
	<folder>bar</folder>
	<filename>8be44fe03ef4d047d950cb411d3b9b67_Z2VwZXNrb255di5idGsuZWx0ZS5odQkxNTcuMTgxLjEuMjI1.xls-0-0.png</filename>
	<path>/home/rahuls/Projects/Data Extraction from charts/Images/bardata(1031)/bar/images/bar/8be44fe03ef4d047d950cb411d3b9b67_Z2VwZXNrb255di5idGsuZWx0ZS5odQkxNTcuMTgxLjEuMjI1.xls-0-0.png</path>
	<source>
		<database>Unknown</database>
	</source>
	<size>
		<width>901</width>
		<height>613</height>
		<depth>3</depth>
	</size>
	<segmented>0</segmented>
	<object>
		<name>bar</name>
		<pose>Unspecified</pose>
		<truncated>1</truncated>
		<difficult>0</difficult>
		<bndbox>
			<xmin>12</xmin>
			<ymin>9</ymin>
			<xmax>901</xmax>
			<ymax>599</ymax>
		</bndbox>
	</object>
</annotation>
