<annotation>
	<folder>bar</folder>
	<filename>8be510622d5588fc50412cc3dfbf484e_d3d3Lndoby5pbnQJMjA1LjE4NS4yMTYuNDI=.xls-5-0.png</filename>
	<path>/home/rahuls/Projects/Data Extraction from charts/Images/bardata(1031)/bar/images/bar/8be510622d5588fc50412cc3dfbf484e_d3d3Lndoby5pbnQJMjA1LjE4NS4yMTYuNDI=.xls-5-0.png</path>
	<source>
		<database>Unknown</database>
	</source>
	<size>
		<width>967</width>
		<height>590</height>
		<depth>3</depth>
	</size>
	<segmented>0</segmented>
	<object>
		<name>bar</name>
		<pose>Unspecified</pose>
		<truncated>0</truncated>
		<difficult>0</difficult>
		<bndbox>
			<xmin>3</xmin>
			<ymin>17</ymin>
			<xmax>945</xmax>
			<ymax>585</ymax>
		</bndbox>
	</object>
</annotation>
