<annotation>
	<folder>bar</folder>
	<filename>8be6b075eff9e60c701313b0f57a3e86_cDkuc3RvcmFnZS5jYW5hbGJsb2cuY29tCTE5NS4xMzcuMTg0LjE1NA==.xls-1-0.png</filename>
	<path>/home/rahuls/Projects/Data Extraction from charts/Images/bardata(1031)/bar/images/bar/8be6b075eff9e60c701313b0f57a3e86_cDkuc3RvcmFnZS5jYW5hbGJsb2cuY29tCTE5NS4xMzcuMTg0LjE1NA==.xls-1-0.png</path>
	<source>
		<database>Unknown</database>
	</source>
	<size>
		<width>967</width>
		<height>590</height>
		<depth>3</depth>
	</size>
	<segmented>0</segmented>
	<object>
		<name>bar</name>
		<pose>Unspecified</pose>
		<truncated>1</truncated>
		<difficult>0</difficult>
		<bndbox>
			<xmin>53</xmin>
			<ymin>1</ymin>
			<xmax>903</xmax>
			<ymax>566</ymax>
		</bndbox>
	</object>
</annotation>
