<annotation>
	<folder>bar</folder>
	<filename>8be87e6b8b0917e29251eeb771528246_ZXh0cmFuZXQuaW5lZ2kuZ29iLm14CTIwMC4yMy44LjE0Ng==.xls-8-0.png</filename>
	<path>/home/rahuls/Projects/Data Extraction from charts/Images/bardata(1031)/bar/images/bar/8be87e6b8b0917e29251eeb771528246_ZXh0cmFuZXQuaW5lZ2kuZ29iLm14CTIwMC4yMy44LjE0Ng==.xls-8-0.png</path>
	<source>
		<database>Unknown</database>
	</source>
	<size>
		<width>1042</width>
		<height>200</height>
		<depth>3</depth>
	</size>
	<segmented>0</segmented>
	<object>
		<name>bar</name>
		<pose>Unspecified</pose>
		<truncated>1</truncated>
		<difficult>0</difficult>
		<bndbox>
			<xmin>11</xmin>
			<ymin>8</ymin>
			<xmax>1033</xmax>
			<ymax>200</ymax>
		</bndbox>
	</object>
</annotation>
