<annotation>
	<folder>bar</folder>
	<filename>8bec4f941e8e9bef53cefc0173ae8297_d3d3LnBlb3BsZS52Y3UuZWR1CTEyOC4xNzIuMjIuODY=.xls-2-0.png</filename>
	<path>/home/rahuls/Projects/Data Extraction from charts/Images/bardata(1031)/bar/images/bar/8bec4f941e8e9bef53cefc0173ae8297_d3d3LnBlb3BsZS52Y3UuZWR1CTEyOC4xNzIuMjIuODY=.xls-2-0.png</path>
	<source>
		<database>Unknown</database>
	</source>
	<size>
		<width>911</width>
		<height>661</height>
		<depth>3</depth>
	</size>
	<segmented>0</segmented>
	<object>
		<name>bar</name>
		<pose>Unspecified</pose>
		<truncated>0</truncated>
		<difficult>0</difficult>
		<bndbox>
			<xmin>43</xmin>
			<ymin>14</ymin>
			<xmax>891</xmax>
			<ymax>630</ymax>
		</bndbox>
	</object>
</annotation>
