<annotation>
	<folder>bar</folder>
	<filename>8bf03066bf05a06e1ab23ff5027f477e_YXJjaGl2ZXMuZW50cmVwcmlzZXMuZ291di5mcgk4MC44Ny4yMzYuMTc=.xls-0-0.png</filename>
	<path>/home/rahuls/Projects/Data Extraction from charts/Images/bardata(1031)/bar/images/bar/8bf03066bf05a06e1ab23ff5027f477e_YXJjaGl2ZXMuZW50cmVwcmlzZXMuZ291di5mcgk4MC44Ny4yMzYuMTc=.xls-0-0.png</path>
	<source>
		<database>Unknown</database>
	</source>
	<size>
		<width>524</width>
		<height>532</height>
		<depth>3</depth>
	</size>
	<segmented>0</segmented>
	<object>
		<name>bar</name>
		<pose>Unspecified</pose>
		<truncated>0</truncated>
		<difficult>0</difficult>
		<bndbox>
			<xmin>4</xmin>
			<ymin>22</ymin>
			<xmax>516</xmax>
			<ymax>524</ymax>
		</bndbox>
	</object>
</annotation>
