<annotation>
	<folder>bar</folder>
	<filename>8bf2be36dcb2939f396b5b445ee97873_d3d3LmhlYWx0aGNhcmVmb3Jsb25kb24ubmhzLnVrCTg5LjIwMC4xNDIuNTI=-1-2.png</filename>
	<path>/home/rahuls/Projects/Data Extraction from charts/Images/bardata(1031)/bar/images/bar/8bf2be36dcb2939f396b5b445ee97873_d3d3LmhlYWx0aGNhcmVmb3Jsb25kb24ubmhzLnVrCTg5LjIwMC4xNDIuNTI=-1-2.png</path>
	<source>
		<database>Unknown</database>
	</source>
	<size>
		<width>354</width>
		<height>194</height>
		<depth>3</depth>
	</size>
	<segmented>0</segmented>
	<object>
		<name>bar</name>
		<pose>Unspecified</pose>
		<truncated>0</truncated>
		<difficult>0</difficult>
		<bndbox>
			<xmin>8</xmin>
			<ymin>5</ymin>
			<xmax>346</xmax>
			<ymax>188</ymax>
		</bndbox>
	</object>
</annotation>
