<annotation>
	<folder>bar</folder>
	<filename>8bf47098e71229402c22b5d1d76846d0_eGEueWltZy5jb20JOTguMTM2LjE0NS41MQ==.xls-0-0.png</filename>
	<path>/home/rahuls/Projects/Data Extraction from charts/Images/bardata(1031)/bar/images/bar/8bf47098e71229402c22b5d1d76846d0_eGEueWltZy5jb20JOTguMTM2LjE0NS41MQ==.xls-0-0.png</path>
	<source>
		<database>Unknown</database>
	</source>
	<size>
		<width>967</width>
		<height>590</height>
		<depth>3</depth>
	</size>
	<segmented>0</segmented>
	<object>
		<name>bar</name>
		<pose>Unspecified</pose>
		<truncated>1</truncated>
		<difficult>0</difficult>
		<bndbox>
			<xmin>1</xmin>
			<ymin>21</ymin>
			<xmax>960</xmax>
			<ymax>590</ymax>
		</bndbox>
	</object>
</annotation>
