<annotation>
	<folder>bar</folder>
	<filename>8bf59dc2ad8f61dcc7225c26c0431d09_d3d3Lm5obXJjLmdvdi5hdQkxNjEuMTQ2LjIyNy40OA==-1-0.png</filename>
	<path>/home/rahuls/Projects/Data Extraction from charts/Images/bardata(1031)/bar/images/bar/8bf59dc2ad8f61dcc7225c26c0431d09_d3d3Lm5obXJjLmdvdi5hdQkxNjEuMTQ2LjIyNy40OA==-1-0.png</path>
	<source>
		<database>Unknown</database>
	</source>
	<size>
		<width>513</width>
		<height>375</height>
		<depth>3</depth>
	</size>
	<segmented>0</segmented>
	<object>
		<name>bar</name>
		<pose>Unspecified</pose>
		<truncated>0</truncated>
		<difficult>0</difficult>
		<bndbox>
			<xmin>3</xmin>
			<ymin>4</ymin>
			<xmax>496</xmax>
			<ymax>336</ymax>
		</bndbox>
	</object>
</annotation>
