<annotation>
	<folder>bar</folder>
	<filename>8bf712912eca9b947d01b19b5d595adc_d3d3LmVkdWNhdGlvbmNvdW50cy5nb3Z0Lm56CTIxMC40OC43My4yMzA=.xls-2-2.png</filename>
	<path>/home/rahuls/Projects/Data Extraction from charts/Images/bardata(1031)/bar/images/bar/8bf712912eca9b947d01b19b5d595adc_d3d3LmVkdWNhdGlvbmNvdW50cy5nb3Z0Lm56CTIxMC40OC43My4yMzA=.xls-2-2.png</path>
	<source>
		<database>Unknown</database>
	</source>
	<size>
		<width>434</width>
		<height>289</height>
		<depth>3</depth>
	</size>
	<segmented>0</segmented>
	<object>
		<name>bar</name>
		<pose>Unspecified</pose>
		<truncated>1</truncated>
		<difficult>0</difficult>
		<bndbox>
			<xmin>5</xmin>
			<ymin>17</ymin>
			<xmax>433</xmax>
			<ymax>289</ymax>
		</bndbox>
	</object>
</annotation>
