<annotation>
	<folder>bar</folder>
	<filename>8bf82c9e048fd4396148781bd26d74a6_d3d3Lm9lY2Qub3JnCTc4LjQxLjEyOC4xNDA=-3-0.png</filename>
	<path>/home/rahuls/Projects/Data Extraction from charts/Images/bardata(1031)/bar/images/bar/8bf82c9e048fd4396148781bd26d74a6_d3d3Lm9lY2Qub3JnCTc4LjQxLjEyOC4xNDA=-3-0.png</path>
	<source>
		<database>Unknown</database>
	</source>
	<size>
		<width>356</width>
		<height>330</height>
		<depth>3</depth>
	</size>
	<segmented>0</segmented>
	<object>
		<name>bar</name>
		<pose>Unspecified</pose>
		<truncated>1</truncated>
		<difficult>0</difficult>
		<bndbox>
			<xmin>1</xmin>
			<ymin>4</ymin>
			<xmax>350</xmax>
			<ymax>325</ymax>
		</bndbox>
	</object>
</annotation>
