<annotation>
	<folder>bar</folder>
	<filename>8bfdfafbaabb7d8daa213af12f8d219c_d3d3LmFlci5nb3YuYXUJMTUyLjkxLjUzLjE5Mw==-1-0.png</filename>
	<path>/home/rahuls/Projects/Data Extraction from charts/Images/bardata(1031)/bar/images/bar/8bfdfafbaabb7d8daa213af12f8d219c_d3d3LmFlci5nb3YuYXUJMTUyLjkxLjUzLjE5Mw==-1-0.png</path>
	<source>
		<database>Unknown</database>
	</source>
	<size>
		<width>572</width>
		<height>392</height>
		<depth>3</depth>
	</size>
	<segmented>0</segmented>
	<object>
		<name>bar</name>
		<pose>Unspecified</pose>
		<truncated>0</truncated>
		<difficult>0</difficult>
		<bndbox>
			<xmin>3</xmin>
			<ymin>6</ymin>
			<xmax>557</xmax>
			<ymax>384</ymax>
		</bndbox>
	</object>
</annotation>
