<annotation>
	<folder>val2019</folder>
	<filename>fa182cc94dd629f000bde4bf1bbccdb3_b25saW5lLnNmc3UuZWR1CTEzMC4yMTIuMTAuMTA5.xls-0-0.png</filename>
	<path>/home/user/sample/val2019/fa182cc94dd629f000bde4bf1bbccdb3_b25saW5lLnNmc3UuZWR1CTEzMC4yMTIuMTAuMTA5.xls-0-0.png</path>
	<source>
		<database>Unknown</database>
	</source>
	<size>
		<width>750</width>
		<height>340</height>
		<depth>3</depth>
	</size>
	<segmented>0</segmented>
	<object>
		<name>line</name>
		<pose>Unspecified</pose>
		<truncated>1</truncated>
		<difficult>0</difficult>
		<bndbox>
			<xmin>19</xmin>
			<ymin>19</ymin>
			<xmax>742</xmax>
			<ymax>340</ymax>
		</bndbox>
	</object>
</annotation>
