<annotation>
	<folder>val2019</folder>
	<filename>fa1980e3b2a3e3d31d2a3da4e160ac9a_d3d3Lmp1bnRhZGVhbmRhbHVjaWEuZXMJMjE3LjEyLjE2Ljgx.xls-0-0.png</filename>
	<path>/home/user/sample/val2019/fa1980e3b2a3e3d31d2a3da4e160ac9a_d3d3Lmp1bnRhZGVhbmRhbHVjaWEuZXMJMjE3LjEyLjE2Ljgx.xls-0-0.png</path>
	<source>
		<database>Unknown</database>
	</source>
	<size>
		<width>560</width>
		<height>348</height>
		<depth>3</depth>
	</size>
	<segmented>0</segmented>
	<object>
		<name>line</name>
		<pose>Unspecified</pose>
		<truncated>0</truncated>
		<difficult>0</difficult>
		<bndbox>
			<xmin>9</xmin>
			<ymin>2</ymin>
			<xmax>553</xmax>
			<ymax>340</ymax>
		</bndbox>
	</object>
</annotation>
