<annotation>
	<folder>val2019</folder>
	<filename>fa1d5a8e03264b0cb57aaa84de8c9b9f_d3d3LnRhb3l1YW5haXJwb3J0LmNvbS50dwk2MC4yNTEuMTg0LjE3Mw==.xls-0-1.png</filename>
	<path>/home/user/sample/val2019/fa1d5a8e03264b0cb57aaa84de8c9b9f_d3d3LnRhb3l1YW5haXJwb3J0LmNvbS50dwk2MC4yNTEuMTg0LjE3Mw==.xls-0-1.png</path>
	<source>
		<database>Unknown</database>
	</source>
	<size>
		<width>711</width>
		<height>375</height>
		<depth>3</depth>
	</size>
	<segmented>0</segmented>
	<object>
		<name>line</name>
		<pose>Unspecified</pose>
		<truncated>1</truncated>
		<difficult>0</difficult>
		<bndbox>
			<xmin>21</xmin>
			<ymin>8</ymin>
			<xmax>711</xmax>
			<ymax>363</ymax>
		</bndbox>
	</object>
</annotation>
