<annotation>
	<folder>val2019</folder>
	<filename>fa21cfe9f3e6b0ef0c71c20b28d55950_d3d3Lmp1bnRhZGVhbmRhbHVjaWEuZXMJMjE3LjEyLjE2Ljgw.xls-1-0.png</filename>
	<path>/home/user/sample/val2019/fa21cfe9f3e6b0ef0c71c20b28d55950_d3d3Lmp1bnRhZGVhbmRhbHVjaWEuZXMJMjE3LjEyLjE2Ljgw.xls-1-0.png</path>
	<source>
		<database>Unknown</database>
	</source>
	<size>
		<width>575</width>
		<height>288</height>
		<depth>3</depth>
	</size>
	<segmented>0</segmented>
	<object>
		<name>line</name>
		<pose>Unspecified</pose>
		<truncated>1</truncated>
		<difficult>0</difficult>
		<bndbox>
			<xmin>8</xmin>
			<ymin>14</ymin>
			<xmax>575</xmax>
			<ymax>280</ymax>
		</bndbox>
	</object>
</annotation>
