<annotation>
	<folder>val2019</folder>
	<filename>fa24e075ed5bf9a608ea00d47ccfbe24_d3d3Lmp1bnRhZGVhbmRhbHVjaWEuZXMJMjE3LjEyLjE2Ljgx.xls-0-0.png</filename>
	<path>/home/user/sample/val2019/fa24e075ed5bf9a608ea00d47ccfbe24_d3d3Lmp1bnRhZGVhbmRhbHVjaWEuZXMJMjE3LjEyLjE2Ljgx.xls-0-0.png</path>
	<source>
		<database>Unknown</database>
	</source>
	<size>
		<width>687</width>
		<height>319</height>
		<depth>3</depth>
	</size>
	<segmented>0</segmented>
	<object>
		<name>line</name>
		<pose>Unspecified</pose>
		<truncated>0</truncated>
		<difficult>0</difficult>
		<bndbox>
			<xmin>8</xmin>
			<ymin>18</ymin>
			<xmax>686</xmax>
			<ymax>306</ymax>
		</bndbox>
	</object>
</annotation>
