<annotation>
	<folder>val2019</folder>
	<filename>fa2472abb73235d7671cd754329e3b06_d3d3Lm1pbnJvbC5nb3YucGwJODUuMTk0LjI0Mi4yMTk=-22-0.png</filename>
	<path>/home/user/sample/val2019/fa2472abb73235d7671cd754329e3b06_d3d3Lm1pbnJvbC5nb3YucGwJODUuMTk0LjI0Mi4yMTk=-22-0.png</path>
	<source>
		<database>Unknown</database>
	</source>
	<size>
		<width>764</width>
		<height>350</height>
		<depth>3</depth>
	</size>
	<segmented>0</segmented>
	<object>
		<name>line</name>
		<pose>Unspecified</pose>
		<truncated>1</truncated>
		<difficult>0</difficult>
		<bndbox>
			<xmin>4</xmin>
			<ymin>30</ymin>
			<xmax>764</xmax>
			<ymax>328</ymax>
		</bndbox>
	</object>
</annotation>
