<annotation>
	<folder>val2019</folder>
	<filename>fa251adfef25e89635f42c6b6e39c6a3_d3d3LmRvdC5zdGF0ZS5vaC51cwkxNTYuNjMuMTMzLjcx-7-0.png</filename>
	<path>/home/user/sample/val2019/fa251adfef25e89635f42c6b6e39c6a3_d3d3LmRvdC5zdGF0ZS5vaC51cwkxNTYuNjMuMTMzLjcx-7-0.png</path>
	<source>
		<database>Unknown</database>
	</source>
	<size>
		<width>720</width>
		<height>478</height>
		<depth>3</depth>
	</size>
	<segmented>0</segmented>
	<object>
		<name>line</name>
		<pose>Unspecified</pose>
		<truncated>1</truncated>
		<difficult>0</difficult>
		<bndbox>
			<xmin>7</xmin>
			<ymin>17</ymin>
			<xmax>720</xmax>
			<ymax>478</ymax>
		</bndbox>
	</object>
</annotation>
