<annotation>
	<folder>val2019</folder>
	<filename>fa2ac5561a8ae62ef71de740f8265817_cG9ydGZvbGlvLm5vCTEzNC4yMTMuMTUxLjEzMQ==.xls-3-0.png</filename>
	<path>/home/user/sample/val2019/fa2ac5561a8ae62ef71de740f8265817_cG9ydGZvbGlvLm5vCTEzNC4yMTMuMTUxLjEzMQ==.xls-3-0.png</path>
	<source>
		<database>Unknown</database>
	</source>
	<size>
		<width>513</width>
		<height>273</height>
		<depth>3</depth>
	</size>
	<segmented>0</segmented>
	<object>
		<name>line</name>
		<pose>Unspecified</pose>
		<truncated>1</truncated>
		<difficult>0</difficult>
		<bndbox>
			<xmin>13</xmin>
			<ymin>15</ymin>
			<xmax>513</xmax>
			<ymax>268</ymax>
		</bndbox>
	</object>
</annotation>
