<annotation>
	<folder>val2019</folder>
	<filename>fa330b6fb1d15ac5e52c74dc08bb6ce0_b3gucGwJOTQuMTUyLjEzNy4xMTc=.xls-0-0.png</filename>
	<path>/home/user/sample/val2019/fa330b6fb1d15ac5e52c74dc08bb6ce0_b3gucGwJOTQuMTUyLjEzNy4xMTc=.xls-0-0.png</path>
	<source>
		<database>Unknown</database>
	</source>
	<size>
		<width>715</width>
		<height>478</height>
		<depth>3</depth>
	</size>
	<segmented>0</segmented>
	<object>
		<name>line</name>
		<pose>Unspecified</pose>
		<truncated>1</truncated>
		<difficult>0</difficult>
		<bndbox>
			<xmin>19</xmin>
			<ymin>8</ymin>
			<xmax>715</xmax>
			<ymax>470</ymax>
		</bndbox>
	</object>
</annotation>
