<annotation>
	<folder>val2019</folder>
	<filename>fa35bd3d708fd0b3de57aa688ac89bf1_d3d3Lmpvc2Vkb3JuZWxhcy5jb20uYnIJMTczLjIzNi4yNDcuMTEy-7-0.png</filename>
	<path>/home/user/sample/val2019/fa35bd3d708fd0b3de57aa688ac89bf1_d3d3Lmpvc2Vkb3JuZWxhcy5jb20uYnIJMTczLjIzNi4yNDcuMTEy-7-0.png</path>
	<source>
		<database>Unknown</database>
	</source>
	<size>
		<width>1111</width>
		<height>777</height>
		<depth>3</depth>
	</size>
	<segmented>0</segmented>
	<object>
		<name>line</name>
		<pose>Unspecified</pose>
		<truncated>1</truncated>
		<difficult>0</difficult>
		<bndbox>
			<xmin>12</xmin>
			<ymin>19</ymin>
			<xmax>1111</xmax>
			<ymax>767</ymax>
		</bndbox>
	</object>
</annotation>
