<annotation>
	<folder>val2019</folder>
	<filename>fa3618e4eced6c560e9162d53e74c5af_d3d3LmNhcm1zLmNhCTE0NC4yMTcuMjQ4LjE4Nw==-0-0.png</filename>
	<path>/home/user/sample/val2019/fa3618e4eced6c560e9162d53e74c5af_d3d3LmNhcm1zLmNhCTE0NC4yMTcuMjQ4LjE4Nw==-0-0.png</path>
	<source>
		<database>Unknown</database>
	</source>
	<size>
		<width>621</width>
		<height>432</height>
		<depth>3</depth>
	</size>
	<segmented>0</segmented>
	<object>
		<name>line</name>
		<pose>Unspecified</pose>
		<truncated>1</truncated>
		<difficult>0</difficult>
		<bndbox>
			<xmin>13</xmin>
			<ymin>10</ymin>
			<xmax>621</xmax>
			<ymax>430</ymax>
		</bndbox>
	</object>
</annotation>
