<annotation>
	<folder>val2019</folder>
	<filename>fa45c4f665db123c947ab1674537f683_ZHNzYnIub3JnCTE4Ny40NS4yNDAuMzY=-2-2.png</filename>
	<path>/home/user/sample/val2019/fa45c4f665db123c947ab1674537f683_ZHNzYnIub3JnCTE4Ny40NS4yNDAuMzY=-2-2.png</path>
	<source>
		<database>Unknown</database>
	</source>
	<size>
		<width>481</width>
		<height>349</height>
		<depth>3</depth>
	</size>
	<segmented>0</segmented>
	<object>
		<name>line</name>
		<pose>Unspecified</pose>
		<truncated>1</truncated>
		<difficult>0</difficult>
		<bndbox>
			<xmin>12</xmin>
			<ymin>12</ymin>
			<xmax>481</xmax>
			<ymax>342</ymax>
		</bndbox>
	</object>
</annotation>
