<annotation>
	<folder>val2019</folder>
	<filename>fa45c8a697cb2aee8842295783424e3f_d3d3LnZhbG9yZXNhY3RpdmEuY29tCTEzNi4yNDMuNjkuMjA2.xls-0-0.png</filename>
	<path>/home/user/sample/val2019/fa45c8a697cb2aee8842295783424e3f_d3d3LnZhbG9yZXNhY3RpdmEuY29tCTEzNi4yNDMuNjkuMjA2.xls-0-0.png</path>
	<source>
		<database>Unknown</database>
	</source>
	<size>
		<width>567</width>
		<height>385</height>
		<depth>3</depth>
	</size>
	<segmented>0</segmented>
	<object>
		<name>line</name>
		<pose>Unspecified</pose>
		<truncated>0</truncated>
		<difficult>0</difficult>
		<bndbox>
			<xmin>5</xmin>
			<ymin>6</ymin>
			<xmax>566</xmax>
			<ymax>383</ymax>
		</bndbox>
	</object>
</annotation>
