<annotation>
	<folder>val2019</folder>
	<filename>fa476132369545fae274101576f07055_d3d3LmluZm9jYW0uZ29iLm14CTE4Ny4xNDEuMTAwLjE0-0-0.png</filename>
	<path>/home/user/sample/val2019/fa476132369545fae274101576f07055_d3d3LmluZm9jYW0uZ29iLm14CTE4Ny4xNDEuMTAwLjE0-0-0.png</path>
	<source>
		<database>Unknown</database>
	</source>
	<size>
		<width>856</width>
		<height>531</height>
		<depth>3</depth>
	</size>
	<segmented>0</segmented>
	<object>
		<name>line</name>
		<pose>Unspecified</pose>
		<truncated>1</truncated>
		<difficult>0</difficult>
		<bndbox>
			<xmin>19</xmin>
			<ymin>105</ymin>
			<xmax>856</xmax>
			<ymax>475</ymax>
		</bndbox>
	</object>
</annotation>
