<annotation>
	<folder>val2019</folder>
	<filename>fa4903a79ddbb74a4249de38de73d152_c3RhdGlzdGlrLnRodWVyaW5nZW4uZGUJMTk1LjE5MS4xNS4xNTU=.xls-6-0.png</filename>
	<path>/home/user/sample/val2019/fa4903a79ddbb74a4249de38de73d152_c3RhdGlzdGlrLnRodWVyaW5nZW4uZGUJMTk1LjE5MS4xNS4xNTU=.xls-6-0.png</path>
	<source>
		<database>Unknown</database>
	</source>
	<size>
		<width>535</width>
		<height>255</height>
		<depth>3</depth>
	</size>
	<segmented>0</segmented>
	<object>
		<name>line</name>
		<pose>Unspecified</pose>
		<truncated>0</truncated>
		<difficult>0</difficult>
		<bndbox>
			<xmin>4</xmin>
			<ymin>10</ymin>
			<xmax>528</xmax>
			<ymax>249</ymax>
		</bndbox>
	</object>
</annotation>
