<annotation>
	<folder>val2019</folder>
	<filename>fa4c2b5627b2856fb1cdaa9d46a4562c_d3d3LmV4Y2VsLWRhdGEtanVua2llcy5jb20JMTkyLjE4NS4xNy4x-0-0.png</filename>
	<path>/home/user/sample/val2019/fa4c2b5627b2856fb1cdaa9d46a4562c_d3d3LmV4Y2VsLWRhdGEtanVua2llcy5jb20JMTkyLjE4NS4xNy4x-0-0.png</path>
	<source>
		<database>Unknown</database>
	</source>
	<size>
		<width>1617</width>
		<height>691</height>
		<depth>3</depth>
	</size>
	<segmented>0</segmented>
	<object>
		<name>line</name>
		<pose>Unspecified</pose>
		<truncated>1</truncated>
		<difficult>0</difficult>
		<bndbox>
			<xmin>9</xmin>
			<ymin>12</ymin>
			<xmax>1617</xmax>
			<ymax>685</ymax>
		</bndbox>
	</object>
</annotation>
