<annotation>
	<folder>val2019</folder>
	<filename>fa51b1d98e8967d709ef23eb71e8b13b_d3d3LndhdGVyLmNhLmdvdgkxMzYuMjAwLjI0My4yNTQ=.xls-0-1.png</filename>
	<path>/home/user/sample/val2019/fa51b1d98e8967d709ef23eb71e8b13b_d3d3LndhdGVyLmNhLmdvdgkxMzYuMjAwLjI0My4yNTQ=.xls-0-1.png</path>
	<source>
		<database>Unknown</database>
	</source>
	<size>
		<width>667</width>
		<height>401</height>
		<depth>3</depth>
	</size>
	<segmented>0</segmented>
	<object>
		<name>line</name>
		<pose>Unspecified</pose>
		<truncated>1</truncated>
		<difficult>0</difficult>
		<bndbox>
			<xmin>4</xmin>
			<ymin>14</ymin>
			<xmax>667</xmax>
			<ymax>387</ymax>
		</bndbox>
	</object>
</annotation>
