<annotation>
	<folder>val2019</folder>
	<filename>fa515f816bccf70899a7cddadf09fa63_d3d3LmFncmljdWx0dXJhZ2FuYWRlcmlhLmpjeWwuZXMJMjE3LjcxLjE2LjI5.xls-4-0.png</filename>
	<path>/home/user/sample/val2019/fa515f816bccf70899a7cddadf09fa63_d3d3LmFncmljdWx0dXJhZ2FuYWRlcmlhLmpjeWwuZXMJMjE3LjcxLjE2LjI5.xls-4-0.png</path>
	<source>
		<database>Unknown</database>
	</source>
	<size>
		<width>608</width>
		<height>260</height>
		<depth>3</depth>
	</size>
	<segmented>0</segmented>
	<object>
		<name>line</name>
		<pose>Unspecified</pose>
		<truncated>0</truncated>
		<difficult>0</difficult>
		<bndbox>
			<xmin>10</xmin>
			<ymin>11</ymin>
			<xmax>602</xmax>
			<ymax>250</ymax>
		</bndbox>
	</object>
</annotation>
