<annotation>
	<folder>val2019</folder>
	<filename>fa511169a42f5fa1ac061aa8dc0e7300_YW1lcmljYW5jYXJib25yZWdpc3RyeS5vcmcJNTQuMjQ0LjIyNC4yMzY=-3-0.png</filename>
	<path>/home/user/sample/val2019/fa511169a42f5fa1ac061aa8dc0e7300_YW1lcmljYW5jYXJib25yZWdpc3RyeS5vcmcJNTQuMjQ0LjIyNC4yMzY=-3-0.png</path>
	<source>
		<database>Unknown</database>
	</source>
	<size>
		<width>618</width>
		<height>395</height>
		<depth>3</depth>
	</size>
	<segmented>0</segmented>
	<object>
		<name>line</name>
		<pose>Unspecified</pose>
		<truncated>0</truncated>
		<difficult>0</difficult>
		<bndbox>
			<xmin>15</xmin>
			<ymin>16</ymin>
			<xmax>615</xmax>
			<ymax>392</ymax>
		</bndbox>
	</object>
</annotation>
