<annotation>
	<folder>val2019</folder>
	<filename>fa546df5983b706131815fcb87b936a2_d3d3LnByZWYuZnVrdWkuanAJMjIwLjIxMy4xODguMw==.xls-1-0.png</filename>
	<path>/home/user/sample/val2019/fa546df5983b706131815fcb87b936a2_d3d3LnByZWYuZnVrdWkuanAJMjIwLjIxMy4xODguMw==.xls-1-0.png</path>
	<source>
		<database>Unknown</database>
	</source>
	<size>
		<width>793</width>
		<height>443</height>
		<depth>3</depth>
	</size>
	<segmented>0</segmented>
	<object>
		<name>line</name>
		<pose>Unspecified</pose>
		<truncated>1</truncated>
		<difficult>0</difficult>
		<bndbox>
			<xmin>32</xmin>
			<ymin>9</ymin>
			<xmax>793</xmax>
			<ymax>433</ymax>
		</bndbox>
	</object>
</annotation>
