<annotation>
	<folder>val2019</folder>
	<filename>fa56f61a36f1b24c42104ff99346ea4b_cDkuc3RvcmFnZS5jYW5hbGJsb2cuY29tCTE5NS4xMzcuMTg0LjE1NA==-0-0.png</filename>
	<path>/home/user/sample/val2019/fa56f61a36f1b24c42104ff99346ea4b_cDkuc3RvcmFnZS5jYW5hbGJsb2cuY29tCTE5NS4xMzcuMTg0LjE1NA==-0-0.png</path>
	<source>
		<database>Unknown</database>
	</source>
	<size>
		<width>926</width>
		<height>522</height>
		<depth>3</depth>
	</size>
	<segmented>0</segmented>
	<object>
		<name>line</name>
		<pose>Unspecified</pose>
		<truncated>1</truncated>
		<difficult>0</difficult>
		<bndbox>
			<xmin>8</xmin>
			<ymin>8</ymin>
			<xmax>926</xmax>
			<ymax>509</ymax>
		</bndbox>
	</object>
</annotation>
