<annotation>
	<folder>val2019</folder>
	<filename>fa59ff167aab032139c23b65008f0eea_ZGV2aW5mby5zdGF0Lmdvdi5ycwkxOTUuMjIyLjk2Ljkx-1-3.png</filename>
	<path>/home/user/sample/val2019/fa59ff167aab032139c23b65008f0eea_ZGV2aW5mby5zdGF0Lmdvdi5ycwkxOTUuMjIyLjk2Ljkx-1-3.png</path>
	<source>
		<database>Unknown</database>
	</source>
	<size>
		<width>605</width>
		<height>428</height>
		<depth>3</depth>
	</size>
	<segmented>0</segmented>
	<object>
		<name>line</name>
		<pose>Unspecified</pose>
		<truncated>1</truncated>
		<difficult>0</difficult>
		<bndbox>
			<xmin>12</xmin>
			<ymin>10</ymin>
			<xmax>605</xmax>
			<ymax>425</ymax>
		</bndbox>
	</object>
</annotation>
