<annotation>
	<folder>val2019</folder>
	<filename>fa5a7e03e87b0db099765934d8c00501_d3d3LnNvbWVyc29mdC5jb20JMTM5LjE2Mi4xMS4yMQ==.xls-0-0.png</filename>
	<path>/home/user/sample/val2019/fa5a7e03e87b0db099765934d8c00501_d3d3LnNvbWVyc29mdC5jb20JMTM5LjE2Mi4xMS4yMQ==.xls-0-0.png</path>
	<source>
		<database>Unknown</database>
	</source>
	<size>
		<width>901</width>
		<height>613</height>
		<depth>3</depth>
	</size>
	<segmented>0</segmented>
	<object>
		<name>line</name>
		<pose>Unspecified</pose>
		<truncated>1</truncated>
		<difficult>0</difficult>
		<bndbox>
			<xmin>8</xmin>
			<ymin>10</ymin>
			<xmax>901</xmax>
			<ymax>605</ymax>
		</bndbox>
	</object>
</annotation>
