<annotation>
	<folder>val2019</folder>
	<filename>fa5b6d90f426c94eb620cfab017c8206_ZXhjZWx3MzBkbmkucGwJMTk1LjY0LjE1OS40NA==-1-0.png</filename>
	<path>/home/user/sample/val2019/fa5b6d90f426c94eb620cfab017c8206_ZXhjZWx3MzBkbmkucGwJMTk1LjY0LjE1OS40NA==-1-0.png</path>
	<source>
		<database>Unknown</database>
	</source>
	<size>
		<width>481</width>
		<height>289</height>
		<depth>3</depth>
	</size>
	<segmented>0</segmented>
	<object>
		<name>line</name>
		<pose>Unspecified</pose>
		<truncated>0</truncated>
		<difficult>0</difficult>
		<bndbox>
			<xmin>11</xmin>
			<ymin>12</ymin>
			<xmax>474</xmax>
			<ymax>282</ymax>
		</bndbox>
	</object>
</annotation>
