<annotation>
	<folder>val2019</folder>
	<filename>fa5c0b20ba0cc3c5f678fb0af5e1ccac_Y3JhLmdtdS5lZHUJMTkyLjE2My4yMTEuMTU1-4-0.png</filename>
	<path>/home/user/sample/val2019/fa5c0b20ba0cc3c5f678fb0af5e1ccac_Y3JhLmdtdS5lZHUJMTkyLjE2My4yMTEuMTU1-4-0.png</path>
	<source>
		<database>Unknown</database>
	</source>
	<size>
		<width>907</width>
		<height>659</height>
		<depth>3</depth>
	</size>
	<segmented>0</segmented>
	<object>
		<name>line</name>
		<pose>Unspecified</pose>
		<truncated>0</truncated>
		<difficult>0</difficult>
		<bndbox>
			<xmin>4</xmin>
			<ymin>9</ymin>
			<xmax>897</xmax>
			<ymax>631</ymax>
		</bndbox>
	</object>
</annotation>
