<annotation>
	<folder>val2019</folder>
	<filename>fa60e9dbdf19f6a516c187d8e91146a0_c3RhdGlzdGlrLnRodWVyaW5nZW4uZGUJMTk1LjE5MS4xNS4xNTU=.xls-4-0.png</filename>
	<path>/home/user/sample/val2019/fa60e9dbdf19f6a516c187d8e91146a0_c3RhdGlzdGlrLnRodWVyaW5nZW4uZGUJMTk1LjE5MS4xNS4xNTU=.xls-4-0.png</path>
	<source>
		<database>Unknown</database>
	</source>
	<size>
		<width>481</width>
		<height>280</height>
		<depth>3</depth>
	</size>
	<segmented>0</segmented>
	<object>
		<name>line</name>
		<pose>Unspecified</pose>
		<truncated>1</truncated>
		<difficult>0</difficult>
		<bndbox>
			<xmin>9</xmin>
			<ymin>9</ymin>
			<xmax>468</xmax>
			<ymax>280</ymax>
		</bndbox>
	</object>
</annotation>
