<annotation>
	<folder>val2019</folder>
	<filename>fa60d43cbb9e7080efbd445683687294_Y3JhcGF0bnVtYmVycy5uZXQJODAuMTc1LjQ4LjEzOA==-0-0.png</filename>
	<path>/home/user/sample/val2019/fa60d43cbb9e7080efbd445683687294_Y3JhcGF0bnVtYmVycy5uZXQJODAuMTc1LjQ4LjEzOA==-0-0.png</path>
	<source>
		<database>Unknown</database>
	</source>
	<size>
		<width>537</width>
		<height>291</height>
		<depth>3</depth>
	</size>
	<segmented>0</segmented>
	<object>
		<name>line</name>
		<pose>Unspecified</pose>
		<truncated>0</truncated>
		<difficult>0</difficult>
		<bndbox>
			<xmin>14</xmin>
			<ymin>11</ymin>
			<xmax>520</xmax>
			<ymax>288</ymax>
		</bndbox>
	</object>
</annotation>
