<annotation>
	<folder>val2019</folder>
	<filename>fa605c107b4c4e4f0ace39a5a60bb435_dWd1bmVyLnRyYWt5YS5lZHUudHIJMTkzLjI1NS4xNDAuMjY=.xls-20-0.png</filename>
	<path>/home/user/sample/val2019/fa605c107b4c4e4f0ace39a5a60bb435_dWd1bmVyLnRyYWt5YS5lZHUudHIJMTkzLjI1NS4xNDAuMjY=.xls-20-0.png</path>
	<source>
		<database>Unknown</database>
	</source>
	<size>
		<width>885</width>
		<height>317</height>
		<depth>3</depth>
	</size>
	<segmented>0</segmented>
	<object>
		<name>line</name>
		<pose>Unspecified</pose>
		<truncated>1</truncated>
		<difficult>0</difficult>
		<bndbox>
			<xmin>11</xmin>
			<ymin>12</ymin>
			<xmax>885</xmax>
			<ymax>309</ymax>
		</bndbox>
	</object>
</annotation>
