<annotation>
	<folder>val2019</folder>
	<filename>fa6ae427ca2a28b42a341554ad081aec_d3d3LmxlZXJnYW5nd2lza3VuZGUubmwJODMuOTYuMTcxLjYw-1-0.png</filename>
	<path>/home/user/sample/val2019/fa6ae427ca2a28b42a341554ad081aec_d3d3LmxlZXJnYW5nd2lza3VuZGUubmwJODMuOTYuMTcxLjYw-1-0.png</path>
	<source>
		<database>Unknown</database>
	</source>
	<size>
		<width>481</width>
		<height>289</height>
		<depth>3</depth>
	</size>
	<segmented>0</segmented>
	<object>
		<name>line</name>
		<pose>Unspecified</pose>
		<truncated>0</truncated>
		<difficult>0</difficult>
		<bndbox>
			<xmin>7</xmin>
			<ymin>12</ymin>
			<xmax>470</xmax>
			<ymax>279</ymax>
		</bndbox>
	</object>
</annotation>
