<annotation>
	<folder>val2019</folder>
	<filename>fa79b76fe6834cc9fb6044bb1477b42f_d3d3LmVkYS5wdAk2Mi4yOC43My4xMjI=-3-0.png</filename>
	<path>/home/user/sample/val2019/fa79b76fe6834cc9fb6044bb1477b42f_d3d3LmVkYS5wdAk2Mi4yOC43My4xMjI=-3-0.png</path>
	<source>
		<database>Unknown</database>
	</source>
	<size>
		<width>391</width>
		<height>297</height>
		<depth>3</depth>
	</size>
	<segmented>0</segmented>
	<object>
		<name>line</name>
		<pose>Unspecified</pose>
		<truncated>0</truncated>
		<difficult>0</difficult>
		<bndbox>
			<xmin>19</xmin>
			<ymin>56</ymin>
			<xmax>383</xmax>
			<ymax>290</ymax>
		</bndbox>
	</object>
</annotation>
