<annotation>
	<folder>val2019</folder>
	<filename>fa84a67dd6bc223d08435e706de0d6aa_d3d3LmVpYS5nb3YJMjMuMjAwLjIyOC41NQ==.xls-0-0.png</filename>
	<path>/home/user/sample/val2019/fa84a67dd6bc223d08435e706de0d6aa_d3d3LmVpYS5nb3YJMjMuMjAwLjIyOC41NQ==.xls-0-0.png</path>
	<source>
		<database>Unknown</database>
	</source>
	<size>
		<width>701</width>
		<height>509</height>
		<depth>3</depth>
	</size>
	<segmented>0</segmented>
	<object>
		<name>line</name>
		<pose>Unspecified</pose>
		<truncated>1</truncated>
		<difficult>0</difficult>
		<bndbox>
			<xmin>4</xmin>
			<ymin>15</ymin>
			<xmax>701</xmax>
			<ymax>509</ymax>
		</bndbox>
	</object>
</annotation>
