<annotation>
	<folder>val2019</folder>
	<filename>fa8527e1883a153f7101c6882c7ba16e_d3d3LmhwYy5nby50aAkxMjIuMTU0LjczLjI2-2-0.png</filename>
	<path>/home/user/sample/val2019/fa8527e1883a153f7101c6882c7ba16e_d3d3LmhwYy5nby50aAkxMjIuMTU0LjczLjI2-2-0.png</path>
	<source>
		<database>Unknown</database>
	</source>
	<size>
		<width>910</width>
		<height>661</height>
		<depth>3</depth>
	</size>
	<segmented>0</segmented>
	<object>
		<name>line</name>
		<pose>Unspecified</pose>
		<truncated>1</truncated>
		<difficult>0</difficult>
		<bndbox>
			<xmin>10</xmin>
			<ymin>5</ymin>
			<xmax>910</xmax>
			<ymax>660</ymax>
		</bndbox>
	</object>
</annotation>
