<annotation>
	<folder>val2019</folder>
	<filename>fa8a507ba79c5e7492e8aaf82278fb3c_aW5mby5tYXRoNGFsbC5ubAkxMDkuMjM3LjIxMC41Ng==.xls-0-0.png</filename>
	<path>/home/user/sample/val2019/fa8a507ba79c5e7492e8aaf82278fb3c_aW5mby5tYXRoNGFsbC5ubAkxMDkuMjM3LjIxMC41Ng==.xls-0-0.png</path>
	<source>
		<database>Unknown</database>
	</source>
	<size>
		<width>600</width>
		<height>442</height>
		<depth>3</depth>
	</size>
	<segmented>0</segmented>
	<object>
		<name>line</name>
		<pose>Unspecified</pose>
		<truncated>0</truncated>
		<difficult>0</difficult>
		<bndbox>
			<xmin>19</xmin>
			<ymin>10</ymin>
			<xmax>590</xmax>
			<ymax>418</ymax>
		</bndbox>
	</object>
</annotation>
