<annotation>
	<folder>val2019</folder>
	<filename>fa920f77ad5d9550306303ddc1ea4fd9_d3d3Lm9tbmlsLmZyCTM3LjM1LjYuMTM=-6-0.png</filename>
	<path>/home/user/sample/val2019/fa920f77ad5d9550306303ddc1ea4fd9_d3d3Lm9tbmlsLmZyCTM3LjM1LjYuMTM=-6-0.png</path>
	<source>
		<database>Unknown</database>
	</source>
	<size>
		<width>576</width>
		<height>304</height>
		<depth>3</depth>
	</size>
	<segmented>0</segmented>
	<object>
		<name>line</name>
		<pose>Unspecified</pose>
		<truncated>1</truncated>
		<difficult>0</difficult>
		<bndbox>
			<xmin>9</xmin>
			<ymin>11</ymin>
			<xmax>576</xmax>
			<ymax>286</ymax>
		</bndbox>
	</object>
</annotation>
