<annotation>
	<folder>val2019</folder>
	<filename>fa93629e43468f9c8b6835cb71b0e740_d2lraWxlYWtzLm9yZwkxNDEuMTA1LjY5LjIzOQ==.xls-4-2.png</filename>
	<path>/home/user/sample/val2019/fa93629e43468f9c8b6835cb71b0e740_d2lraWxlYWtzLm9yZwkxNDEuMTA1LjY5LjIzOQ==.xls-4-2.png</path>
	<source>
		<database>Unknown</database>
	</source>
	<size>
		<width>481</width>
		<height>282</height>
		<depth>3</depth>
	</size>
	<segmented>0</segmented>
	<object>
		<name>line</name>
		<pose>Unspecified</pose>
		<truncated>0</truncated>
		<difficult>0</difficult>
		<bndbox>
			<xmin>9</xmin>
			<ymin>4</ymin>
			<xmax>468</xmax>
			<ymax>272</ymax>
		</bndbox>
	</object>
</annotation>
