<annotation>
	<folder>val2019</folder>
	<filename>fa9497858fe602855f4bac6068418312_d3d3LmFjZWYuY29tLmNvCTE5OC4xNS4xMTMuMjQ2.xls-0-0.png</filename>
	<path>/home/user/sample/val2019/fa9497858fe602855f4bac6068418312_d3d3LmFjZWYuY29tLmNvCTE5OC4xNS4xMTMuMjQ2.xls-0-0.png</path>
	<source>
		<database>Unknown</database>
	</source>
	<size>
		<width>902</width>
		<height>338</height>
		<depth>3</depth>
	</size>
	<segmented>0</segmented>
	<object>
		<name>line</name>
		<pose>Unspecified</pose>
		<truncated>0</truncated>
		<difficult>0</difficult>
		<bndbox>
			<xmin>10</xmin>
			<ymin>10</ymin>
			<xmax>898</xmax>
			<ymax>323</ymax>
		</bndbox>
	</object>
</annotation>
