<annotation>
	<folder>val2019</folder>
	<filename>fa9ae67f621f051c00488f9ec934c040_d3d3LnV1c2ltYWEyMDE5LmZpCTE5My45My4xMzQuODM=-12-1.png</filename>
	<path>/home/user/sample/val2019/fa9ae67f621f051c00488f9ec934c040_d3d3LnV1c2ltYWEyMDE5LmZpCTE5My45My4xMzQuODM=-12-1.png</path>
	<source>
		<database>Unknown</database>
	</source>
	<size>
		<width>751</width>
		<height>400</height>
		<depth>3</depth>
	</size>
	<segmented>0</segmented>
	<object>
		<name>line</name>
		<pose>Unspecified</pose>
		<truncated>1</truncated>
		<difficult>0</difficult>
		<bndbox>
			<xmin>5</xmin>
			<ymin>2</ymin>
			<xmax>751</xmax>
			<ymax>382</ymax>
		</bndbox>
	</object>
</annotation>
