<annotation>
	<folder>val2019</folder>
	<filename>fa9af9a4f8f553121efdbc9228b1ec11_bWF0aG1lZC5ibG94LnBsCTgwLjI1Mi4wLjEzMQ==-0-1.png</filename>
	<path>/home/user/sample/val2019/fa9af9a4f8f553121efdbc9228b1ec11_bWF0aG1lZC5ibG94LnBsCTgwLjI1Mi4wLjEzMQ==-0-1.png</path>
	<source>
		<database>Unknown</database>
	</source>
	<size>
		<width>435</width>
		<height>180</height>
		<depth>3</depth>
	</size>
	<segmented>0</segmented>
	<object>
		<name>line</name>
		<pose>Unspecified</pose>
		<truncated>1</truncated>
		<difficult>0</difficult>
		<bndbox>
			<xmin>11</xmin>
			<ymin>16</ymin>
			<xmax>435</xmax>
			<ymax>173</ymax>
		</bndbox>
	</object>
</annotation>
