<annotation>
	<folder>val2019</folder>
	<filename>fa9cdce676a273d2f90446a691bdde42_d3d3Lmlwc3Iua3UuZWR1CTEyOS4yMzcuMzMuNzY=.xls-0-0.png</filename>
	<path>/home/user/sample/val2019/fa9cdce676a273d2f90446a691bdde42_d3d3Lmlwc3Iua3UuZWR1CTEyOS4yMzcuMzMuNzY=.xls-0-0.png</path>
	<source>
		<database>Unknown</database>
	</source>
	<size>
		<width>498</width>
		<height>233</height>
		<depth>3</depth>
	</size>
	<segmented>0</segmented>
	<object>
		<name>line</name>
		<pose>Unspecified</pose>
		<truncated>0</truncated>
		<difficult>0</difficult>
		<bndbox>
			<xmin>13</xmin>
			<ymin>12</ymin>
			<xmax>491</xmax>
			<ymax>226</ymax>
		</bndbox>
	</object>
</annotation>
