<annotation>
	<folder>val2019</folder>
	<filename>fa9f86c091cc576d8aa6c23fdc62bbdc_cmFyLWJtLmRrCTIxMi45Ny4xMzAuMTIx-2-3.png</filename>
	<path>/home/user/sample/val2019/fa9f86c091cc576d8aa6c23fdc62bbdc_cmFyLWJtLmRrCTIxMi45Ny4xMzAuMTIx-2-3.png</path>
	<source>
		<database>Unknown</database>
	</source>
	<size>
		<width>510</width>
		<height>307</height>
		<depth>3</depth>
	</size>
	<segmented>0</segmented>
	<object>
		<name>line</name>
		<pose>Unspecified</pose>
		<truncated>1</truncated>
		<difficult>0</difficult>
		<bndbox>
			<xmin>17</xmin>
			<ymin>7</ymin>
			<xmax>510</xmax>
			<ymax>305</ymax>
		</bndbox>
	</object>
</annotation>
