<annotation>
	<folder>val2019</folder>
	<filename>fa9f474f95b5e41077a07afd4889a1b4_aWZmLmdmaW50ZWdyaXR5Lm9yZwkyMDUuMTg2LjE2Mi4xMjU=-1-0.png</filename>
	<path>/home/user/sample/val2019/fa9f474f95b5e41077a07afd4889a1b4_aWZmLmdmaW50ZWdyaXR5Lm9yZwkyMDUuMTg2LjE2Mi4xMjU=-1-0.png</path>
	<source>
		<database>Unknown</database>
	</source>
	<size>
		<width>848</width>
		<height>367</height>
		<depth>3</depth>
	</size>
	<segmented>0</segmented>
	<object>
		<name>line</name>
		<pose>Unspecified</pose>
		<truncated>1</truncated>
		<difficult>0</difficult>
		<bndbox>
			<xmin>11</xmin>
			<ymin>9</ymin>
			<xmax>848</xmax>
			<ymax>360</ymax>
		</bndbox>
	</object>
</annotation>
