<annotation>
	<folder>val2019</folder>
	<filename>faa341f4d9542153fb2ecc0ee4de266c_d3d3LnRlc3NlbGxhdGlvbi5jb20JNTAuNjMuMTk2LjQ2.xls-4-4.png</filename>
	<path>/home/user/sample/val2019/faa341f4d9542153fb2ecc0ee4de266c_d3d3LnRlc3NlbGxhdGlvbi5jb20JNTAuNjMuMTk2LjQ2.xls-4-4.png</path>
	<source>
		<database>Unknown</database>
	</source>
	<size>
		<width>415</width>
		<height>305</height>
		<depth>3</depth>
	</size>
	<segmented>0</segmented>
	<object>
		<name>line</name>
		<pose>Unspecified</pose>
		<truncated>1</truncated>
		<difficult>0</difficult>
		<bndbox>
			<xmin>7</xmin>
			<ymin>13</ymin>
			<xmax>415</xmax>
			<ymax>302</ymax>
		</bndbox>
	</object>
</annotation>
