<annotation>
	<folder>val2019</folder>
	<filename>faa9b245a8148d7975947f05beeb7c25_YmV0YS5nb3Yuc2NvdAk1Mi4yMDkuMjI1LjY4.xls-3-0.png</filename>
	<path>/home/user/sample/val2019/faa9b245a8148d7975947f05beeb7c25_YmV0YS5nb3Yuc2NvdAk1Mi4yMDkuMjI1LjY4.xls-3-0.png</path>
	<source>
		<database>Unknown</database>
	</source>
	<size>
		<width>911</width>
		<height>640</height>
		<depth>3</depth>
	</size>
	<segmented>0</segmented>
	<object>
		<name>line</name>
		<pose>Unspecified</pose>
		<truncated>0</truncated>
		<difficult>0</difficult>
		<bndbox>
			<xmin>21</xmin>
			<ymin>16</ymin>
			<xmax>908</xmax>
			<ymax>634</ymax>
		</bndbox>
	</object>
</annotation>
