<annotation>
	<folder>val2019</folder>
	<filename>faaddcd4a3602fd189ed1efb7994596b_d3d3LnVtYXIuZ292LnNpCTg0LjM5LjIxOC4yOA==.xls-0-1.png</filename>
	<path>/home/user/sample/val2019/faaddcd4a3602fd189ed1efb7994596b_d3d3LnVtYXIuZ292LnNpCTg0LjM5LjIxOC4yOA==.xls-0-1.png</path>
	<source>
		<database>Unknown</database>
	</source>
	<size>
		<width>397</width>
		<height>389</height>
		<depth>3</depth>
	</size>
	<segmented>0</segmented>
	<object>
		<name>line</name>
		<pose>Unspecified</pose>
		<truncated>1</truncated>
		<difficult>0</difficult>
		<bndbox>
			<xmin>1</xmin>
			<ymin>5</ymin>
			<xmax>397</xmax>
			<ymax>389</ymax>
		</bndbox>
	</object>
</annotation>
