<annotation>
	<folder>val2019</folder>
	<filename>faad8d2c1673cc37220604e7a71244ef_d3d3LnpzbzIuZGFicm93YS5wbAkxOTQuMTc3LjQuMTk2-0-0.png</filename>
	<path>/home/user/sample/val2019/faad8d2c1673cc37220604e7a71244ef_d3d3LnpzbzIuZGFicm93YS5wbAkxOTQuMTc3LjQuMTk2-0-0.png</path>
	<source>
		<database>Unknown</database>
	</source>
	<size>
		<width>883</width>
		<height>407</height>
		<depth>3</depth>
	</size>
	<segmented>0</segmented>
	<object>
		<name>line</name>
		<pose>Unspecified</pose>
		<truncated>1</truncated>
		<difficult>0</difficult>
		<bndbox>
			<xmin>20</xmin>
			<ymin>8</ymin>
			<xmax>876</xmax>
			<ymax>407</ymax>
		</bndbox>
	</object>
</annotation>
