<annotation>
	<folder>val2019</folder>
	<filename>fab3d6e428c64ee26e33c304afe2ee9d_d3d3LmV4dGVuZGVkY2xhc3Nyb29tLmNvbQkxOTkuMzQuMjI4Ljcz-0-1.png</filename>
	<path>/home/user/sample/val2019/fab3d6e428c64ee26e33c304afe2ee9d_d3d3LmV4dGVuZGVkY2xhc3Nyb29tLmNvbQkxOTkuMzQuMjI4Ljcz-0-1.png</path>
	<source>
		<database>Unknown</database>
	</source>
	<size>
		<width>480</width>
		<height>255</height>
		<depth>3</depth>
	</size>
	<segmented>0</segmented>
	<object>
		<name>line</name>
		<pose>Unspecified</pose>
		<truncated>1</truncated>
		<difficult>0</difficult>
		<bndbox>
			<xmin>8</xmin>
			<ymin>10</ymin>
			<xmax>480</xmax>
			<ymax>251</ymax>
		</bndbox>
	</object>
</annotation>
