<annotation>
	<folder>val2019</folder>
	<filename>fab8b6b0a39f95ab9f31f9895fb3a5b2_d3d3LmllYS5vcmcJMTk1LjIwMC4xMTUuMTQ4.XLS-14-0.png</filename>
	<path>/home/user/sample/val2019/fab8b6b0a39f95ab9f31f9895fb3a5b2_d3d3LmllYS5vcmcJMTk1LjIwMC4xMTUuMTQ4.XLS-14-0.png</path>
	<source>
		<database>Unknown</database>
	</source>
	<size>
		<width>650</width>
		<height>375</height>
		<depth>3</depth>
	</size>
	<segmented>0</segmented>
	<object>
		<name>line</name>
		<pose>Unspecified</pose>
		<truncated>0</truncated>
		<difficult>0</difficult>
		<bndbox>
			<xmin>22</xmin>
			<ymin>9</ymin>
			<xmax>647</xmax>
			<ymax>367</ymax>
		</bndbox>
	</object>
</annotation>
