<annotation>
	<folder>val2019</folder>
	<filename>fab947741ae3f591fb41ed6d3430d4e8_d3d3LmV4Y2VsLWRvd25sb2Fkcy5jb20JOTEuMTIxLjMzLjM2-0-0.png</filename>
	<path>/home/user/sample/val2019/fab947741ae3f591fb41ed6d3430d4e8_d3d3LmV4Y2VsLWRvd25sb2Fkcy5jb20JOTEuMTIxLjMzLjM2-0-0.png</path>
	<source>
		<database>Unknown</database>
	</source>
	<size>
		<width>596</width>
		<height>243</height>
		<depth>3</depth>
	</size>
	<segmented>0</segmented>
	<object>
		<name>line</name>
		<pose>Unspecified</pose>
		<truncated>1</truncated>
		<difficult>0</difficult>
		<bndbox>
			<xmin>1</xmin>
			<ymin>1</ymin>
			<xmax>596</xmax>
			<ymax>243</ymax>
		</bndbox>
	</object>
</annotation>
