<annotation>
	<folder>val2019</folder>
	<filename>fabd2875381df91b15d5ce72ff6d9389_ZXh0cmFuamVyb3MuZW1wbGVvLmdvYi5lcwkxMDQuODAuODkuMTg=-15-1.png</filename>
	<path>/home/user/sample/val2019/fabd2875381df91b15d5ce72ff6d9389_ZXh0cmFuamVyb3MuZW1wbGVvLmdvYi5lcwkxMDQuODAuODkuMTg=-15-1.png</path>
	<source>
		<database>Unknown</database>
	</source>
	<size>
		<width>760</width>
		<height>353</height>
		<depth>3</depth>
	</size>
	<segmented>0</segmented>
	<object>
		<name>line</name>
		<pose>Unspecified</pose>
		<truncated>1</truncated>
		<difficult>0</difficult>
		<bndbox>
			<xmin>1</xmin>
			<ymin>3</ymin>
			<xmax>760</xmax>
			<ymax>353</ymax>
		</bndbox>
	</object>
</annotation>
