<annotation>
	<folder>val2019</folder>
	<filename>fac155d37e521aa28b7dea0ab2a28b03_d3d3LnRhb3l1YW4tYWlycG9ydC5jb20JNjAuMjQ0LjEyNC4zMQ==.xls-0-0.png</filename>
	<path>/home/user/sample/val2019/fac155d37e521aa28b7dea0ab2a28b03_d3d3LnRhb3l1YW4tYWlycG9ydC5jb20JNjAuMjQ0LjEyNC4zMQ==.xls-0-0.png</path>
	<source>
		<database>Unknown</database>
	</source>
	<size>
		<width>710</width>
		<height>393</height>
		<depth>3</depth>
	</size>
	<segmented>0</segmented>
	<object>
		<name>line</name>
		<pose>Unspecified</pose>
		<truncated>0</truncated>
		<difficult>0</difficult>
		<bndbox>
			<xmin>18</xmin>
			<ymin>5</ymin>
			<xmax>705</xmax>
			<ymax>388</ymax>
		</bndbox>
	</object>
</annotation>
