<annotation>
	<folder>val2019</folder>
	<filename>fac80c4f10295d4820cf267d001dc379_d3d3My5mcm9uaXVzLmNvbQk4NS4zMS4zLjExMA==-0-0.png</filename>
	<path>/home/user/sample/val2019/fac80c4f10295d4820cf267d001dc379_d3d3My5mcm9uaXVzLmNvbQk4NS4zMS4zLjExMA==-0-0.png</path>
	<source>
		<database>Unknown</database>
	</source>
	<size>
		<width>423</width>
		<height>368</height>
		<depth>3</depth>
	</size>
	<segmented>0</segmented>
	<object>
		<name>line</name>
		<pose>Unspecified</pose>
		<truncated>1</truncated>
		<difficult>0</difficult>
		<bndbox>
			<xmin>13</xmin>
			<ymin>6</ymin>
			<xmax>413</xmax>
			<ymax>368</ymax>
		</bndbox>
	</object>
</annotation>
