<annotation>
	<folder>val2019</folder>
	<filename>fad12c4b72cc70142ae10f8e109480a4_d3d3LmJyYWNrbmVsbGFuZGFzY290Y2NnLm5ocy51awkxODUuNTMuOTMuOTg=-4-0.png</filename>
	<path>/home/user/sample/val2019/fad12c4b72cc70142ae10f8e109480a4_d3d3LmJyYWNrbmVsbGFuZGFzY290Y2NnLm5ocy51awkxODUuNTMuOTMuOTg=-4-0.png</path>
	<source>
		<database>Unknown</database>
	</source>
	<size>
		<width>738</width>
		<height>322</height>
		<depth>3</depth>
	</size>
	<segmented>0</segmented>
	<object>
		<name>line</name>
		<pose>Unspecified</pose>
		<truncated>1</truncated>
		<difficult>0</difficult>
		<bndbox>
			<xmin>2</xmin>
			<ymin>7</ymin>
			<xmax>738</xmax>
			<ymax>322</ymax>
		</bndbox>
	</object>
</annotation>
