<annotation>
	<folder>val2019</folder>
	<filename>fad373cc4c3d8ec59d56e46d6f0756ff_d3d3Lmdvdi51awkxNTEuMTAxLjUyLjE0NA==.xls-18-0.png</filename>
	<path>/home/user/sample/val2019/fad373cc4c3d8ec59d56e46d6f0756ff_d3d3Lmdvdi51awkxNTEuMTAxLjUyLjE0NA==.xls-18-0.png</path>
	<source>
		<database>Unknown</database>
	</source>
	<size>
		<width>646</width>
		<height>636</height>
		<depth>3</depth>
	</size>
	<segmented>0</segmented>
	<object>
		<name>line</name>
		<pose>Unspecified</pose>
		<truncated>1</truncated>
		<difficult>0</difficult>
		<bndbox>
			<xmin>13</xmin>
			<ymin>8</ymin>
			<xmax>646</xmax>
			<ymax>628</ymax>
		</bndbox>
	</object>
</annotation>
