<annotation>
	<folder>val2019</folder>
	<filename>fad954a5e8e8b06c05b7f66f3a6e40bf_d3d3LnByZWYuZnVrdXNoaW1hLmxnLmpwCTIxMC4yNDguMTc3LjEyNg==.xls-1-2.png</filename>
	<path>/home/user/sample/val2019/fad954a5e8e8b06c05b7f66f3a6e40bf_d3d3LnByZWYuZnVrdXNoaW1hLmxnLmpwCTIxMC4yNDguMTc3LjEyNg==.xls-1-2.png</path>
	<source>
		<database>Unknown</database>
	</source>
	<size>
		<width>537</width>
		<height>352</height>
		<depth>3</depth>
	</size>
	<segmented>0</segmented>
	<object>
		<name>line</name>
		<pose>Unspecified</pose>
		<truncated>1</truncated>
		<difficult>0</difficult>
		<bndbox>
			<xmin>24</xmin>
			<ymin>1</ymin>
			<xmax>537</xmax>
			<ymax>350</ymax>
		</bndbox>
	</object>
</annotation>
